mouse,probe,class,heldout_cells,training_clones,protein_model_log_score,protein_plus_clone_log_score,log_score_gain,cell_weighted_beta,equal_clone_beta,absolute_reweighting_change
LARRY_mouse3,AMPL376447,Dynamic,883,91,-0.5112553607591777,-0.520697546809239,-0.009442186050061384,0.20330578512396694,0.2008005812299156,0.0025052038940513444
LARRY_mouse3,AMPL371137,Dynamic,883,91,-0.6159844790996252,-0.6188373096069427,-0.0028528305073175597,0.6909090909090909,0.6812582749895445,0.009650815919546418
LARRY_mouse3,AMPL371170,Dynamic,883,91,-0.5233702432893494,-0.5322997652329479,-0.008929521943598383,0.2115702479338843,0.21530099068458203,0.0037307427506977353
LARRY_mouse3,AMPL366134,Dynamic,883,91,-0.4030878462562491,-0.4065069829207153,-0.0034191366644661823,0.8479338842975207,0.8645680491163464,0.016634164818825736
LARRY_mouse3,AMPL366093,Dynamic,883,91,-0.32677733632423034,-0.32708000901498374,-0.0003026726907534026,0.08429752066115702,0.08775455341012618,0.0034570327489691632
LARRY_mouse3,AMPL365920,Dynamic,883,91,-0.2194966854342972,-0.2260384536530614,-0.006541768218764213,0.05785123966942149,0.06259574883321012,0.004744509163788629
LARRY_mouse3,AMPL366060,Dynamic,883,91,-0.6739360893183045,-0.6828936487624085,-0.008957559444104018,0.4909090909090909,0.4977052777545811,0.006796186845490215
LARRY_mouse3,AMPL366212,Dynamic,883,91,-0.6280078539073826,-0.6233092920467631,0.004698561860619538,0.7107438016528925,0.6879728068543084,0.022770994798584132
LARRY_mouse3,AMPL355442,Dynamic,883,91,-0.19182448620886244,-0.18886050866461299,0.0029639775442494567,0.049586776859504134,0.04474352924337444,0.004843247616129691
LARRY_mouse3,AMPL355412,Dynamic,883,91,-0.5169808656976108,-0.5184112493082752,-0.001430383610664419,0.20330578512396694,0.2034628875510454,0.000157102427078476
LARRY_mouse3,AMPL371357,Dynamic,883,91,-0.29268125783338783,-0.29858314417479387,-0.0059018863414060235,0.06776859504132231,0.06595606264220814,0.001812532399114164
LARRY_mouse3,AMPL355970,Dynamic,883,91,-0.6495663306274324,-0.5682609647489478,0.08130536587848461,0.6396694214876033,0.6330859072128423,0.006583514274761004
LARRY_mouse3,AMPL377391,Dynamic,883,91,-0.593366022695947,-0.5938848021489861,-0.000518779453039115,0.28429752066115704,0.2971755792109508,0.012878058549793736
LARRY_mouse3,AMPL371668,Dynamic,883,91,-0.5820155149302265,-0.5820059011767166,0.000009613753509993094,0.24793388429752067,0.24167893231639362,0.006254951981127049
LARRY_mouse3,AMPL365990,Dynamic,883,91,-0.17721642831211448,-0.17757645389198332,-0.0003600255798688321,0.04132231404958678,0.045008636298342175,0.003686322248755397
LARRY_mouse3,AMPL371572,Dynamic,883,91,-0.6157010118692742,-0.6156015890340478,0.0000994228352263159,0.6710743801652893,0.6761706807382504,0.0050963005729610655
LARRY_mouse3,AMPL365938,Dynamic,883,91,-0.6658158422517119,-0.6741774010432121,-0.008361558791500157,0.4578512396694215,0.459688498128978,0.0018372584595565122
LARRY_mouse3,AMPL365905,Dynamic,883,91,-0.5309916673014117,-0.5385470760796869,-0.00755540877827517,0.2115702479338843,0.2111393887674074,0.0004308591664768935
LARRY_mouse3,AMPL376910,Dynamic,883,91,-0.6836295345620476,-0.6850524205243994,-0.0014228859623519213,0.4231404958677686,0.42105395558174197,0.002086540286026617
LARRY_mouse3,AMPL366045,Dynamic,883,91,-0.291707795194296,-0.29381890235845143,-0.002111107164155382,0.08429752066115702,0.07581351478758598,0.008484005873571038
LARRY_mouse3,AMPL376601,Dynamic,883,91,-0.6275145988615372,-0.6419433648119433,-0.014428765950406092,0.3090909090909091,0.3071814353603053,0.0019094737306037946
LARRY_mouse3,AMPL371758,Dynamic,883,91,-0.3707536739074891,-0.3721288896078979,-0.0013752157004088238,0.1256198347107438,0.11949824808834095,0.006121586622402864
LARRY_mouse3,AMPL366066,Dynamic,883,91,-0.37054743966800424,-0.38147440343176753,-0.010926963763763281,0.11239669421487604,0.11241610609033208,0.000019411875456037953
LARRY_mouse3,AMPL355903,Dynamic,883,91,-0.3727669192081143,-0.3834059708563425,-0.010639051648228214,0.10082644628099173,0.09133605138411639,0.009490394896875337
LARRY_mouse3,AMPL371618,Dynamic,883,91,-0.5735502958045234,-0.5741923799694232,-0.0006420841648997264,0.2611570247933884,0.27335364125898176,0.012196616465593335
LARRY_mouse3,AMPL371676,Dynamic,883,91,-0.6076294641481873,-0.614761725055591,-0.00713226090740377,0.6892561983471074,0.6821601066717939,0.007096091675313443
LARRY_mouse3,AMPL376711,Dynamic,883,91,-0.5004051969199155,-0.5084696748334597,-0.008064477913544239,0.1768595041322314,0.17374597399504516,0.003113530137186238
LARRY_mouse3,AMPL355560,Dynamic,883,91,-0.38727834967723496,-0.39273757839529744,-0.00545922871806245,0.12231404958677686,0.1061181859506163,0.01619586363616056
LARRY_mouse3,AMPL365802,Dynamic,883,91,-0.6744626874668588,-0.6774119938361114,-0.00294930636925262,0.5933884297520661,0.6069069166471643,0.01351848689509827
LARRY_mouse3,AMPL371673,Dynamic,883,91,-0.5887353940399815,-0.5934112461151358,-0.004675852075154303,0.26611570247933886,0.24334835949224495,0.022767342987093903
LARRY_mouse3,AMPL371378,Dynamic,883,91,-0.5443414380795648,-0.5204677300797327,0.023873707999832156,0.16859504132231404,0.1778862977837436,0.009291256461429559
LARRY_mouse3,AMPL366081,Dynamic,883,91,-0.6592439022083123,-0.657055211545377,0.002188690662935299,0.3785123966942149,0.36048437877911554,0.018028017915099337
LARRY_mouse3,AMPL366000,Dynamic,883,91,-0.7176945022449149,-0.7213041810104986,-0.003609678765583741,0.5107438016528926,0.5188375433390141,0.008093741686121536
LARRY_mouse3,AMPL355849,Dynamic,883,91,-0.6548679358066074,-0.6631805222434942,-0.008312586436886833,0.37355371900826445,0.36958274897617005,0.003970970032094401
LARRY_mouse3,AMPL371741,Dynamic,883,91,-0.4621849290897619,-0.46103675577606723,0.0011481733136947043,0.16363636363636364,0.15728229867827392,0.006354064958089711
LARRY_mouse3,AMPL371188,Dynamic,883,91,-0.6210918823415832,-0.6333879941980181,-0.012296111856434774,0.28429752066115704,0.30949444292377726,0.025196922262620214
LARRY_mouse3,AMPL371743,Dynamic,883,91,-0.6371940362192663,-0.6182668243796836,0.018927211839582788,0.35537190082644626,0.3247863445378151,0.030585556288631188
LARRY_mouse3,AMPL366028,Dynamic,883,91,-0.502180875330874,-0.4705869069705592,0.03159396836031475,0.2115702479338843,0.1974025356738205,0.014167712260063803
LARRY_mouse3,AMPL376554,Dynamic,883,91,-0.2669270696512014,-0.28161571264993274,-0.014688642998731339,0.0743801652892562,0.06210461207179473,0.012275553217461467
LARRY_mouse3,AMPL371788,Dynamic,883,91,-0.31170668948816005,-0.31675022264236574,-0.0050435331542057135,0.09752066115702479,0.08942895445627641,0.00809170670074838
LARRY_mouse3,AMPL355637,Dynamic,883,91,-0.6725161505852463,-0.6663926816478086,0.0061234689374376075,0.6,0.5946338688401381,0.005366131159861842
LARRY_mouse3,AMPL371503,Dynamic,883,91,-0.5846679408902118,-0.5899494997254383,-0.005281558835226557,0.7289256198347107,0.726220433092879,0.0027051867418317332
LARRY_mouse3,AMPL371535,Dynamic,883,91,-0.5396764797885737,-0.5233920910521236,0.01628438873645013,0.19834710743801653,0.2130937244472074,0.01474661700919086
LARRY_mouse3,AMPL366243,Dynamic,883,91,-0.46650521700011943,-0.46679488290054033,-0.0002896659004208868,0.15702479338842976,0.13745476492032221,0.019570028468107542
LARRY_mouse3,AMPL371353,Dynamic,883,91,-0.6243196399479358,-0.6227185398636482,0.001601100084287662,0.32892561983471075,0.33726686864047545,0.0083412488057647
LARRY_mouse3,AMPL371655,Dynamic,883,91,-0.3224693162661809,-0.32834813467811313,-0.00587881841193222,0.08925619834710743,0.08792488499632461,0.00133131335078282
LARRY_mouse3,AMPL376642,Dynamic,883,91,-0.6895828727875267,-0.6860418073811368,0.0035410654063899104,0.5537190082644629,0.5716331558104778,0.017914147546014947
LARRY_mouse3,AMPL365953,Dynamic,883,91,-0.7059929619660185,-0.71187159244936,-0.005878630483341595,0.4743801652892562,0.47044564775609665,0.003934517533159543
LARRY_mouse3,AMPL371580,Dynamic,883,91,-0.4796822035324278,-0.4884913770499678,-0.008809173517540014,0.17355371900826447,0.16004059718231545,0.01351312182594902
LARRY_mouse3,AMPL365901,Dynamic,883,91,-0.43846106778224314,-0.43854865596590326,-0.00008758818366011514,0.14214876033057852,0.1321791611639135,0.00996959916666501
LARRY_mouse3,AMPL371570,Dynamic,883,91,-0.08283573649240543,-0.08034980733059954,0.002485929161805898,0.9917355371900827,0.9924777444777445,0.0007422072876618335
LARRY_mouse3,AMPL371814,Dynamic,883,91,-0.5747771741771599,-0.5769876072876658,-0.00221043311050594,0.23636363636363636,0.23637415536819562,0.000010519004559256251
LARRY_mouse3,AMPL371312,Dynamic,883,91,-0.645419426133971,-0.644111341632079,0.0013080845018921,0.3487603305785124,0.3244902953084068,0.024270035270105628
LARRY_mouse3,AMPL371677,Dynamic,883,91,-0.45111790950062036,-0.45547239941113754,-0.004354489910517206,0.15537190082644628,0.14673498379845126,0.008636917027995017
LARRY_mouse3,AMPL365795,Dynamic,883,91,-0.585474371915787,-0.5785941584623064,0.006880213453480571,0.2743801652892562,0.27265287626030665,0.0017272890289495302
LARRY_mouse3,AMPL371606,Dynamic,883,91,-0.5160078954336328,-0.5157894468394372,0.0002184485941955869,0.19504132231404958,0.1851952023810383,0.009846119933011294
LARRY_mouse3,AMPL371716,Dynamic,883,91,-0.5628298698467025,-0.5370289957423168,0.025800874104385634,0.7289256198347107,0.7452113309463154,0.016285711111604706
LARRY_mouse3,AMPL371452,Dynamic,883,91,-0.5186633500067969,-0.5255185428618061,-0.006855192855009305,0.7818181818181819,0.7773063085263552,0.0045118732918266735
LARRY_mouse3,AMPL371736,Dynamic,883,91,-0.6538196218546753,-0.6564687520408455,-0.0026491301861701123,0.5884297520661157,0.584656635212053,0.0037731168540626747
LARRY_mouse3,AMPL365818,Dynamic,883,91,-0.3790540642654751,-0.391460596921343,-0.0124065326558679,0.1140495867768595,0.11092583621229131,0.0031237505645681923
LARRY_mouse3,AMPL366056,Dynamic,883,91,-0.5657651622744034,-0.5685750829901178,-0.0028099207157144482,0.23801652892561984,0.24073810557347708,0.0027215766478572434
LARRY_mouse3,AMPL377538,Dynamic,883,91,-0.525853984759577,-0.5276606119475299,-0.001806627187952866,0.21652892561983472,0.21698245037556185,0.00045352475572713047
LARRY_mouse3,AMPL371185,Dynamic,883,91,-0.6890424137901348,-0.6945056982453843,-0.005463284455249484,0.44297520661157025,0.4356021348534507,0.007373071758119576
LARRY_mouse3,AMPL371231,Static,883,91,-0.37192156198691895,-0.3695003267316409,0.0024212352552780555,0.8628099173553719,0.8688820932593379,0.006072175903965915
LARRY_mouse3,AMPL371552,Dynamic,883,91,-0.6597851635973782,-0.6637247114359561,-0.0039395478385780254,0.3884297520661157,0.3951652147130476,0.006735462646931922
LARRY_mouse3,AMPL365907,Dynamic,883,91,-0.05448841692156482,-0.05690881980535779,-0.002420402883792965,0.009917355371900827,0.007882759784075573,0.002034595587825254
LARRY_mouse3,AMPL371197,Dynamic,883,91,-0.5681390085880633,-0.576031750611601,-0.007892742023537576,0.25950413223140495,0.2625445728420186,0.0030404406106136483
LARRY_mouse3,AMPL371323,Dynamic,883,91,-0.20569597641488208,-0.20837897382738796,-0.002682997412505891,0.9570247933884297,0.956235876971326,0.0007889164171037688
LARRY_mouse3,AMPL366142,Dynamic,883,91,-0.5155016164518493,-0.47105444469008345,0.04444717176176587,0.7950413223140496,0.8080012495674259,0.012959927253376358
LARRY_mouse3,AMPL355654,Dynamic,883,91,-0.4810002509108108,-0.4646956461605825,0.016304604750228303,0.8314049586776859,0.8399947098910721,0.008589751213386121
LARRY_mouse3,AMPL365828,Dynamic,883,91,-0.5763598337272874,-0.5780588080461453,-0.0016989743188578837,0.2512396694214876,0.23250399462938165,0.018735674792105972
LARRY_mouse3,AMPL376721,Dynamic,883,91,-0.18864150439550276,-0.17984607501490335,0.00879542938059943,0.9553719008264463,0.9559750871075948,0.0006031862811485267
LARRY_mouse3,AMPL389964,Dynamic,883,91,-0.2839427303295295,-0.2693141758622496,0.014628554467279915,0.9289256198347108,0.898740246604101,0.03018537323060977
LARRY_mouse3,AMPL390252,Dynamic,883,91,-0.21942362581454608,-0.22085764157115423,-0.0014340157566081354,0.9570247933884297,0.9549601221104317,0.0020646712779980314
LARRY_mouse3,AMPL365731,Static,883,91,-0.6637352775269024,-0.5760007881243474,0.08773448940255504,0.6033057851239669,0.6365142961441724,0.0332085110202055
LARRY_mouse3,AMPL376850,Static,883,91,-0.693956768294167,-0.6044803158827203,0.08947645241144671,0.5305785123966942,0.5202014181381053,0.010377094258588904
LARRY_mouse3,AMPL376373,Dynamic,883,91,-0.2214071205112211,-0.22229810516460569,-0.0008909846533845868,0.9404958677685951,0.9500979606392919,0.009602092870696799
LARRY_mouse3,AMPL377317,Dynamic,883,91,-0.6711231609897044,-0.679874738503145,-0.00875157751344064,0.6,0.600359877291611,0.00035987729161102155
LARRY_mouse3,AMPL377328,Static,883,91,-0.3233711743897437,-0.30673965102448475,0.016631523365258968,0.9090909090909091,0.8994355738430818,0.009655335247827246
LARRY_mouse3,AMPL390370,Static,883,91,-0.6936276343473398,-0.6419594433057468,0.051668191041592954,0.5272727272727272,0.5265711267662506,0.0007016005064766073
LARRY_mouse3,AMPL371591,Static,883,91,-0.35408706691009634,-0.327950548510159,0.02613651839993736,0.9041322314049587,0.8889261870740199,0.01520604433093875
LARRY_mouse3,AMPL371522,Static,883,91,-0.3903724755488631,-0.31041623946528507,0.07995623608357805,0.8495867768595041,0.8416122162151575,0.007974560644346651
LARRY_mouse3,AMPL390025,Static,883,91,-0.5307565209096244,-0.38539041764190174,0.14536610326772276,0.7537190082644628,0.842964420383538,0.08924541211907522
LARRY_mouse3,AMPL371508,Dynamic,883,91,-0.4110447686953544,-0.4071575732115973,0.003887195483757091,0.8677685950413223,0.8591379027663083,0.008630692275014007
LARRY_mouse3,AMPL371634,Dynamic,883,91,-0.0366970630425437,-0.033541586821360075,0.003155476221183625,0.9983471074380166,0.9989473684210526,0.0006002609830360051
LARRY_mouse3,AMPL371541,Dynamic,883,91,-0.6951678220446883,-0.6845274114342657,0.010640410610422658,0.5933884297520661,0.5843222676618186,0.009066162090247465
LARRY_mouse3,AMPL388797,Static,883,91,-0.7006747049328974,-0.610156019979639,0.09051868495325842,0.48760330578512395,0.47289613712740647,0.014707168657717484
LARRY_mouse3,AMPL371547,Static,883,91,-0.5621195208788905,-0.4439964720862244,0.1181230487926661,0.7570247933884298,0.7832858195983582,0.02626102620992843
LARRY_mouse3,AMPL355851,Dynamic,883,91,-0.5461300532647427,-0.5407323001724667,0.005397753092276088,0.7471074380165289,0.7392339945915798,0.007873443424949111
LARRY_mouse3,AMPL376957,Dynamic,883,91,-0.24537983169564268,-0.23427784410136515,0.011101987594277545,0.9322314049586777,0.919327842848586,0.012903562110091693
LARRY_mouse3,AMPL377097,Dynamic,883,91,-0.6779784988358011,-0.6575485473096958,0.020429951526105265,0.4380165289256198,0.4395613523817083,0.0015448234560884733
LARRY_mouse3,AMPL371255,Static,883,91,-0.6230856306594681,-0.6033995738332067,0.019686056826261438,0.7024793388429752,0.6717344816174537,0.03074485722552145
LARRY_mouse3,AMPL371813,Static,883,91,-0.3535161237064634,-0.3450865312957925,0.008429592410670924,0.8826446280991735,0.8770348811748967,0.005609746924276848
LARRY_mouse3,AMPL388838,Dynamic,883,91,-0.08049809923057735,-0.07857315557136915,0.0019249436592081938,0.9818181818181818,0.9781960612916495,0.003622120526532324
LARRY_mouse3,AMPL376591,Static,883,91,-0.3573771298347552,-0.35008192540954763,0.0072952044252076,0.8925619834710744,0.8945379579227104,0.001975974451635998
LARRY_mouse3,AMPL377144,Dynamic,883,91,-0.050149648624409286,-0.04887370095487379,0.001275947669535493,0.9900826446280991,0.9865231259968102,0.003559518631288894
LARRY_mouse3,AMPL376854,Dynamic,883,91,-0.31777646184720115,-0.2821606326729301,0.035615829174271,0.07603305785123966,0.0949390127416443,0.01890595489040464
LARRY_mouse3,AMPL371238,Dynamic,883,91,-0.4526305312102172,-0.4500138599062234,0.0026166713039937903,0.8231404958677686,0.8314618310052524,0.008321335137483787
LARRY_mouse3,AMPL388681,Static,883,91,-0.6932403362896239,-0.5772339619843554,0.11600637430526847,0.4991735537190083,0.5147762481240808,0.015602694405072559
LARRY_mouse3,AMPL371186,Dynamic,883,91,-0.4497957552914498,-0.4617268479250165,-0.011931092633566684,0.16033057851239668,0.1586460398992133,0.0016845386131833784
LARRY_mouse3,AMPL390585,Static,883,91,-0.6630757767557393,-0.6764491978355022,-0.013373421079762918,0.6446280991735537,0.6453961376600695,0.000768038486515854
LARRY_mouse3,AMPL390129,Static,883,91,-0.5409708427365577,-0.4880739554387377,0.05289688729782002,0.7388429752066116,0.7952127168067569,0.056369741600145296
LARRY_mouse3,AMPL355844,Dynamic,883,91,-0.043749052185624755,-0.043780376807374434,-0.000031324621749678727,0.9950413223140496,0.9938608058608059,0.0011805164532436851
LARRY_mouse3,AMPL376597,Dynamic,883,91,-0.3925348945196086,-0.3929420731769379,-0.0004071786573292738,0.8611570247933884,0.8421559966435355,0.01900102814985294
LARRY_mouse3,AMPL365812,Static,883,91,-0.6807698756426808,-0.6493093702655287,0.031460505377152025,0.3752066115702479,0.43122707687908923,0.056020465308841305
LARRY_mouse3,AMPL390097,Static,883,91,-0.42676813742930614,-0.40108002706707063,0.025688110362235516,0.8628099173553719,0.8979667629154473,0.03515684556007537
LARRY_mouse3,AMPL355829,Static,883,91,-0.4070219033507856,-0.39545965228590285,0.011562251064882774,0.8727272727272727,0.8695143734576399,0.003212899269632752
LARRY_mouse3,AMPL355889,Dynamic,883,91,-0.5036656506565732,-0.5015745337605322,0.0020911168960410444,0.21322314049586777,0.22959202163505574,0.01636888113918797
LARRY_mouse3,AMPL376733,Dynamic,883,91,-0.6859387969155666,-0.6220499507789713,0.06388884613659525,0.40165289256198344,0.399029049596774,0.0026238429652094553
LARRY_mouse3,AMPL390626,Static,883,91,-0.5758010598859218,-0.5508749239370596,0.02492613594886219,0.20826446280991737,0.210111267232939,0.0018468044230216252
LARRY_mouse3,AMPL365730,Static,883,91,-0.6565386441451019,-0.6136785148643522,0.0428601292807497,0.5950413223140496,0.6046327578939806,0.009591435579931029
LARRY_mouse3,AMPL390006,Dynamic,883,91,-0.027805994239863248,-0.028358276030880588,-0.0005522817910173396,0.996694214876033,0.9969714285714286,0.00027721369539557283
LARRY_mouse3,AMPL371756,Dynamic,883,91,-0.5911393717604608,-0.596078834215908,-0.004939462455447218,0.7223140495867768,0.7252740461207178,0.0029599965339409673
LARRY_mouse3,AMPL355580,Static,883,91,-0.37971872051268957,-0.33468460838973857,0.04503411212295101,0.9008264462809917,0.8754629623472505,0.025363483933741215
LARRY_mouse3,AMPL365940,Dynamic,883,91,-0.30409088257343014,-0.2863616217834787,0.017729260789951476,0.912396694214876,0.8925957459035634,0.019800948311312627
LARRY_mouse3,AMPL366193,Dynamic,883,91,-0.6921719912759401,-0.6990161977367424,-0.006844206460802354,0.4826446280991736,0.47986381118881105,0.002780816910362527
LARRY_mouse3,AMPL377424,Dynamic,883,91,-0.26514866720200453,-0.2628442363222898,0.0023044308797147348,0.9223140495867769,0.9241866106545673,0.0018725610677904347
LARRY_mouse3,AMPL377537,Dynamic,883,91,-0.19803425178440298,-0.20200577595233601,-0.003971524167933053,0.04297520661157025,0.0458647931875486,0.002889586575978355
LARRY_mouse3,AMPL378501,Static,883,91,-0.6918257324993244,-0.5967530464519277,0.09507268604739672,0.6578512396694215,0.596181282082211,0.0616699575872105
LARRY_mouse3,AMPL355676,Static,883,91,-0.6393069473230859,-0.6241698436139864,0.01513710370909947,0.7173553719008264,0.7355182892700693,0.018162917369242915
LARRY_mouse3,AMPL355831,Static,883,91,-0.6927548961827755,-0.6118323070307948,0.08092258915198078,0.631404958677686,0.5694051446403614,0.061999814037324574
LARRY_mouse3,AMPL376547,Dynamic,883,91,-0.10261425847201297,-0.10241914073550637,0.00019511773650659797,0.9818181818181818,0.9799338109602818,0.0018843708579000529
LARRY_mouse3,AMPL371772,Static,883,91,-0.5696978933197054,-0.47919841627512466,0.0904994770445808,0.8181818181818182,0.804316985791986,0.013864832389832271
LARRY_mouse3,AMPL371261,Dynamic,883,91,-0.010050335853501288,-0.010050335853501288,0,1,1,0
LARRY_mouse3,AMPL371729,Dynamic,883,91,-0.6809018399915824,-0.6864338549859761,-0.005532014994393714,0.5900826446280992,0.5833096792698185,0.006772965358280758
LARRY_mouse3,AMPL371483,Static,883,91,-0.40024394127889645,-0.36764375955200007,0.03260018172689637,0.8809917355371901,0.8551641936924443,0.025827541844745783
LARRY_mouse3,AMPL371172,Dynamic,883,91,-0.21228545873213567,-0.19736592187145904,0.014919536860676617,0.9520661157024793,0.9641472889855243,0.012081173283044921
LARRY_mouse3,AMPL371792,Dynamic,883,91,-0.6977917613021719,-0.7134447209372393,-0.01565295963506737,0.5041322314049587,0.48387319055213796,0.02025904085282071
LARRY_mouse3,AMPL371355,Dynamic,883,91,-0.5897714121392507,-0.5073192157075849,0.0824521964316658,0.7338842975206612,0.7408766603795242,0.006992362858862955
LARRY_mouse3,AMPL355534,Dynamic,883,91,-0.4797658979335812,-0.46854573877289474,0.0112201591606865,0.8082644628099174,0.7969731251290848,0.01129133768083257
LARRY_mouse3,AMPL377174,Dynamic,883,91,-0.3144575434550159,-0.3059042013330478,0.008553342121968163,0.8909090909090909,0.8915376841510744,0.0006285932419834994
LARRY_mouse3,AMPL366007,Dynamic,883,91,-0.3858411876379545,-0.38015299980856465,0.005688187829389811,0.8644628099173554,0.8613425125785809,0.0031202973387745025
LARRY_mouse3,AMPL366182,Static,883,91,-0.4193505401766307,-0.33589191495254783,0.08345862522408287,0.9107438016528926,0.926642562992563,0.015898761339670386
LARRY_mouse3,AMPL371512,Static,883,91,-0.6864219544336384,-0.6207491339841897,0.06567282044944868,0.41983471074380163,0.4344400836693406,0.014605372925538984
LARRY_mouse3,AMPL390462,Dynamic,883,91,-0.03727609896637335,-0.03774218856245037,-0.00046608959607701255,0.9950413223140496,0.995305735930736,0.0002644136166863875
LARRY_mouse3,AMPL378486,Dynamic,883,91,-0.3914733946739712,-0.34608709895909673,0.04538629571487441,0.859504132231405,0.8445300425924265,0.014974089638978505
LARRY_mouse3,AMPL376643,Dynamic,883,91,-0.0699220465589904,-0.06556454989550166,0.004357496663488738,0.9834710743801653,0.9779459192768016,0.00552515510336371
LARRY_mouse3,AMPL390336,Dynamic,883,91,-0.7029254960118173,-0.6499260564154961,0.05299943959632127,0.509090909090909,0.477372600997214,0.031718308093695025
LARRY_mouse3,AMPL390512,Dynamic,883,91,-0.25630480477550466,-0.20402131156237488,0.05228349321312978,0.9520661157024793,0.9480877382851066,0.003978377417372725
LARRY_mouse3,AMPL371317,Dynamic,883,91,-0.6757437873310322,-0.5627975399807326,0.11294624735029968,0.3834710743801653,0.34334179680828286,0.04012927757188245
LARRY_mouse3,AMPL371811,Dynamic,883,91,-0.47869659502680606,-0.41465493411903015,0.06404166090777588,0.8165289256198347,0.8165317178951079,0.0000027922752732223444
LARRY_mouse3,AMPL376577,Static,883,91,-0.4209020098835055,-0.42075008408333975,0.00015192580016578142,0.8644628099173554,0.8791058954976912,0.01464308558033589
LARRY_mouse3,AMPL376593,Static,883,91,-0.7028311373755772,-0.6007277050565796,0.10210343231899761,0.43636363636363634,0.4433646597296751,0.00700102336603875
LARRY_mouse3,AMPL371251,Static,883,91,-0.5664802409803928,-0.4789311085625562,0.08754913241783663,0.8016528925619835,0.7636603236460823,0.03799256891590119
LARRY_mouse3,AMPL371471,Dynamic,883,91,-0.23396737610702237,-0.24131834442770284,-0.00735096832068048,0.9454545454545454,0.9337536680639622,0.01170087739058323
LARRY_mouse3,AMPL377510,Dynamic,883,91,-0.2886412713795488,-0.245348090428989,0.043293180950559805,0.9206611570247933,0.9186186702186704,0.002042486806122956
LARRY_mouse3,AMPL365861,Dynamic,883,91,-0.6665165124075625,-0.6626251677477758,0.0038913446597866634,0.3834710743801653,0.37179846828438157,0.011672606095783744
LARRY_mouse3,AMPL371644,Dynamic,883,91,-0.6946964147689895,-0.665111347137701,0.029585067631288434,0.5785123966942148,0.5925266353099945,0.014014238615779662
LARRY_mouse3,AMPL371773,Dynamic,883,91,-0.6822285837991343,-0.6537448942950339,0.02848368950410037,0.5900826446280992,0.5934010575853456,0.0033184129572463306
LARRY_mouse3,AMPL371292,Static,883,91,-0.7062179471477332,-0.6028950763660962,0.10332287078163702,0.515702479338843,0.5461658828529572,0.03046340351411425
LARRY_mouse3,AMPL376843,Dynamic,883,91,-0.3322970496171722,-0.31201398759408017,0.020283062023092022,0.8942148760330578,0.9027409630015667,0.008526086968508872
LARRY_mouse3,AMPL390223,Static,883,91,-0.6706356985218838,-0.5978103828094133,0.07282531571247046,0.3851239669421488,0.36415623872171865,0.020967728220430137
LARRY_mouse3,AMPL371812,Static,883,91,-0.4927561751098039,-0.3443850906658713,0.1483710844439326,0.7884297520661157,0.8214401897122484,0.03301043764613276
LARRY_mouse3,AMPL390215,Dynamic,883,91,-0.010050335853501288,-0.010050335853501288,0,1,1,0
LARRY_mouse3,AMPL371589,Dynamic,883,91,-0.6258234324063594,-0.6316765784381749,-0.0058531460318155,0.5983471074380166,0.5891928198564422,0.009154287581574327
LARRY_mouse3,AMPL371389,Dynamic,883,91,-0.38269043701405303,-0.3948039881111943,-0.012113551097141318,0.8628099173553719,0.8567322176018,0.0060776997535719746
LARRY_mouse3,AMPL371265,Dynamic,883,91,-0.6139472802566552,-0.611369470259178,0.0025778099974773394,0.6694214876033058,0.6711275268333315,0.0017060392300257687
LARRY_mouse3,AMPL366159,Dynamic,883,91,-0.5434896225011333,-0.5442593760468426,-0.0007697535457092835,0.7123966942148761,0.7061511619185769,0.0062455322962992055
LARRY_mouse3,AMPL371654,Dynamic,883,91,-0.5404824254203249,-0.5283518449015773,0.012130580518747682,0.8066115702479338,0.7751056168977222,0.03150595335021167
LARRY_mouse3,AMPL355947,Dynamic,883,91,-0.4967229334423508,-0.4731606217845261,0.02356231165782468,0.8115702479338843,0.8349826487667821,0.02341240083289775
LARRY_mouse3,AMPL390594,Dynamic,883,91,-0.03148708502863963,-0.03202751600403958,-0.0005404309753999536,0.996694214876033,0.9963585434173668,0.00033567145866619796
LARRY_mouse3,AMPL355546,Dynamic,883,91,-0.5622016117319584,-0.5599622658145266,0.002239345917431812,0.6611570247933884,0.6584420055348847,0.0027150192585037036
LARRY_mouse3,AMPL355932,Dynamic,883,91,-0.31398211058543946,-0.30224384556952577,0.011738265015913716,0.9090909090909091,0.9004538690927236,0.008637039998185436
LARRY_mouse3,AMPL365895,Dynamic,883,91,-0.5569303355216392,-0.5552218956622159,0.0017084398594232903,0.7206611570247934,0.7134846589942565,0.007176498030536882
LARRY_mouse3,AMPL365894,Dynamic,883,91,-0.6181484252983424,-0.6179926442692502,0.00015578102909227483,0.6247933884297521,0.6249266814197153,0.00013329298996322958
LARRY_mouse3,AMPL355545,Dynamic,883,91,-0.14262587688595368,-0.14718017696487942,-0.0045543000789257364,0.9669421487603306,0.9677429389066385,0.0008007901463079614
LARRY_mouse3,AMPL365945,Dynamic,883,91,-0.6926776762021594,-0.6918254353152336,0.0008522408869259075,0.5752066115702479,0.5638882273900849,0.011318384180162955
LARRY_mouse3,AMPL365823,Dynamic,883,91,-0.6931235354640136,-0.6949476504592689,-0.0018241149952552846,0.47603305785123967,0.4719983476705613,0.004034710180678358
LARRY_mouse3,AMPL365750,Dynamic,883,91,-0.5674100964478944,-0.5654782673997907,0.001931829048103802,0.6859504132231405,0.6755442820767124,0.010406131146428188
LARRY_mouse3,AMPL371732,Static,883,91,-0.7084173752766435,-0.6784285299738476,0.02998884530279598,0.547107438016529,0.5358009468687489,0.01130649114778004
LARRY_mouse3,AMPL371479,Dynamic,883,91,-0.574283765687681,-0.5663854624742031,0.007898303213477986,0.7355371900826446,0.725726733912802,0.009810456169842663
LARRY_mouse3,AMPL371488,Dynamic,883,91,-0.6784481221638419,-0.6549011613607885,0.02354696080305341,0.5421487603305785,0.5708289774896586,0.02868021715908009
LARRY_mouse3,AMPL365844,Static,883,91,-0.6892858222099465,-0.6586223828078567,0.030663439402089748,0.37355371900826445,0.38908952223387205,0.015535803225607603
LARRY_mouse3,AMPL365790,Dynamic,883,91,-0.12643257655658102,-0.13332713774373292,-0.006894561187151915,0.9735537190082645,0.9679670432508668,0.0055866757573976855
LARRY_mouse3,AMPL371358,Dynamic,883,91,-0.6921849421582057,-0.6911511949651421,0.0010337471930636413,0.4380165289256198,0.43361789314057103,0.004398635785048788
LARRY_mouse3,AMPL371262,Dynamic,883,91,-0.5849871225899722,-0.588784433231956,-0.0037973106419837963,0.6727272727272727,0.6798459022487658,0.007118629521493114
LARRY_mouse3,AMPL366082,Dynamic,883,91,-0.5890830144243564,-0.5967225272142729,-0.007639512789916467,0.6743801652892562,0.6759747017774106,0.001594536488154441
LARRY_mouse3,AMPL365923,Dynamic,883,91,-0.6578312718829351,-0.635790961898377,0.022040309984558037,0.3851239669421488,0.3452423920420824,0.039881574900066386
LARRY_mouse3,AMPL390593,Dynamic,883,91,-0.5128482899699579,-0.5110877649277366,0.001760525042221363,0.8,0.7929808853770927,0.007019114622907385
LARRY_mouse3,AMPL366042,Dynamic,883,91,-0.6834897973143279,-0.6876227485493293,-0.0041329512350013866,0.515702479338843,0.5126984658100757,0.0030040135287672243
LARRY_mouse3,AMPL371491,Dynamic,883,91,-0.5364589746615424,-0.5317659915968325,0.004692983064709982,0.7768595041322314,0.7963289612434349,0.019469457111203514
LARRY_mouse3,AMPL376551,Dynamic,883,91,-0.47442589934163737,-0.48009426994389587,-0.005668370602258487,0.7487603305785124,0.7368725116472795,0.011887818931232919
LARRY_mouse3,AMPL376320,Static,883,91,-0.5835144738363486,-0.5735755252481883,0.009938948588160305,0.7256198347107438,0.7083058176773346,0.01731401703340918
LARRY_mouse3,AMPL389990,Dynamic,883,91,-0.6467890655411994,-0.6445934344209279,0.002195631120271575,0.6396694214876033,0.6502865724059222,0.01061715091831894
LARRY_mouse3,AMPL366090,Dynamic,883,91,-0.633566427841345,-0.6324058599555613,0.0011605678857836185,0.3603305785123967,0.3353794869818864,0.024951091530510283
LARRY_mouse3,AMPL376917,Dynamic,883,91,-0.647091624936605,-0.6524082861531653,-0.005316661216560217,0.3884297520661157,0.3969412258536098,0.008511473787494117
LARRY_mouse3,AMPL388261,Dynamic,883,91,-0.42453065157917985,-0.4218666341916864,0.002664017387493475,0.8462809917355372,0.8407100588180308,0.005570932917506322
LARRY_mouse3,AMPL366052,Dynamic,883,91,-0.5499675525373152,-0.5480497278941291,0.0019178246431860602,0.6727272727272727,0.6790259844902258,0.0062987117629530465
LARRY_mouse3,AMPL366022,Dynamic,883,91,-0.5101599881479193,-0.5145679462723508,-0.004407958124431457,0.7289256198347107,0.7191855109029257,0.009740108931785008
LARRY_mouse3,AMPL388732,Dynamic,883,91,-0.6429206391569744,-0.6491855428186846,-0.006264903661710171,0.6396694214876033,0.6370857582304176,0.002583663257185731
LARRY_mouse3,AMPL390601,Static,883,91,-0.5472523574793814,-0.4787361082096357,0.06851624926974574,0.7553719008264462,0.7827632280945749,0.02739132726812865
LARRY_mouse3,AMPL366088,Dynamic,883,91,-0.6435060662960383,-0.644308166276952,-0.0008020999809136394,0.46611570247933887,0.4935491792349378,0.02743347675559893
LARRY_mouse3,AMPL365853,Dynamic,883,91,-0.6646013284729066,-0.6714951091788611,-0.006893780705954509,0.4297520661157025,0.4225711767420745,0.0071808893736279855
LARRY_mouse3,AMPL390570,Static,883,91,-0.5468559378888552,-0.4957629941596455,0.05109294372920976,0.8,0.7663003759140757,0.03369962408592431
LARRY_mouse3,AMPL366029,Static,883,91,-0.5103222342293054,-0.4907088209191155,0.019613413310189957,0.14380165289256197,0.15253451557902023,0.00873286268645826
LARRY_mouse3,AMPL388788,Dynamic,883,91,-0.6676006640303748,-0.6683271967420269,-0.0007265327116521344,0.5024793388429752,0.4988127206299032,0.0036666182130720704
LARRY_mouse3,AMPL365896,Dynamic,883,91,-0.2782185357600994,-0.27900867171721677,-0.0007901359571173718,0.9173553719008265,0.9096542684096091,0.0077011034912174425
LARRY_mouse3,AMPL388408,Static,883,91,-0.6760061468616323,-0.6091834677251735,0.06682267913645883,0.6115702479338843,0.6185417247870808,0.006971476853196545
LARRY_mouse3,AMPL388483,Dynamic,883,91,-0.6556407041990372,-0.6566708810314716,-0.0010301768324344222,0.6495867768595042,0.6662234111176061,0.016636634258101912
LARRY_mouse3,AMPL389970,Dynamic,883,91,-0.6650309564786689,-0.6513692100915218,0.013661746387147069,0.6380165289256199,0.6436296763779735,0.0056131474523536395
LARRY_mouse3,AMPL388223,Dynamic,883,91,-0.14457479252928207,-0.14929160962662302,-0.004716817097340953,0.9702479338842975,0.9725626693567871,0.002314735472489615
LARRY_mouse3,AMPL365981,Dynamic,883,91,-0.5739874409421774,-0.5660997787816107,0.007887662160566734,0.2528925619834711,0.2425712414864118,0.010321320497059305
LARRY_mouse3,AMPL390597,Dynamic,883,91,-0.6835981629849956,-0.680049891410163,0.003548271574832627,0.47768595041322315,0.4684922583951996,0.009193692018023558
LARRY_mouse3,AMPL366053,Dynamic,883,91,-0.5713867329913145,-0.5667057015857566,0.0046810314055578195,0.26776859504132233,0.2582973863683615,0.009471208672960807
LARRY_mouse3,AMPL390487,Dynamic,883,91,-0.6039484264834971,-0.6042208636427036,-0.00027243715920645514,0.6677685950413224,0.6525975736166139,0.015171021424708497
LARRY_mouse3,AMPL376483,Dynamic,883,91,-0.5210359005924907,-0.5292482934813423,-0.008212392888851606,0.7900826446280992,0.7863821801607405,0.0037004644673587217
LARRY_mouse3,AMPL388272,Static,883,91,-0.4060602567606618,-0.35822644593395647,0.04783381082670534,0.8942148760330578,0.9033778740866977,0.009162998053639848
LARRY_mouse3,AMPL388655,Dynamic,883,91,-0.6906900441074975,-0.6955730488961445,-0.0048830047886470685,0.4644628099173554,0.4579265963998162,0.006536213517539191
LARRY_mouse3,AMPL390581,Dynamic,883,91,-0.19505090155073618,-0.19830569877912452,-0.0032547972283883506,0.9570247933884297,0.9531775754087675,0.003847217979662254
LARRY_mouse3,AMPL388628,Static,883,91,-0.4517359999276739,-0.4458502693465974,0.005885730581076531,0.8347107438016529,0.8448662159392035,0.010155472137550636
LARRY_mouse3,AMPL376587,Dynamic,883,91,-0.661575384487291,-0.6355828408249456,0.025992543662345356,0.5553719008264463,0.5563336560670151,0.0009617552405688512
LARRY_mouse3,AMPL388291,Dynamic,883,91,-0.660039016741621,-0.6771139181487146,-0.017074901407093473,0.5190082644628099,0.5123380142733084,0.006670250189501514
LARRY_mouse3,AMPL376465,Static,883,91,-0.4698265156265737,-0.36114685056490314,0.10867966506167055,0.8380165289256198,0.8769561694497452,0.03893964052412535
LARRY_mouse3,AMPL388609,Dynamic,883,91,-0.04515251618744232,-0.04641298694508113,-0.0012604707576388025,0.9933884297520661,0.9954847615834459,0.002096331831379805
LARRY_mouse3,AMPL389976,Dynamic,883,91,-0.02070112974346345,-0.021153319063860893,-0.00045218932039744564,0.996694214876033,0.997032967032967,0.00033875215693390803
LARRY_mouse3,AMPL388660,Dynamic,883,91,-0.3465716328818293,-0.3416016652328717,0.004969967648957564,0.8909090909090909,0.8870890509645154,0.0038200399445754707
LARRY_mouse3,AMPL388807,Dynamic,883,91,-0.4299277956107568,-0.43345732743876336,-0.0035295318280065893,0.14545454545454545,0.15578517194879424,0.01033062649424879
LARRY_mouse3,AMPL388710,Dynamic,883,91,-0.6716538476229461,-0.671661469788355,-0.000007622165408879188,0.36363636363636365,0.37219414748478213,0.008557783848418488
LARRY_mouse3,AMPL388618,Dynamic,883,91,-0.06924423367041566,-0.06848256352015326,0.0007616701502623818,0.9900826446280991,0.9941252747252747,0.004042630097175537
LARRY_mouse3,AMPL365753,Dynamic,883,91,-0.625817173852211,-0.6324939096273196,-0.006676735775108492,0.7008264462809918,0.6915966409321677,0.009229805348824116
LARRY_mouse3,AMPL388620,Static,883,91,-0.6174929773728538,-0.5351180040203292,0.08237497335252462,0.6942148760330579,0.7051136746638295,0.010898798630771589
LARRY_mouse3,AMPL376501,Dynamic,883,91,-0.026196834321270665,-0.0262577348331192,-0.00006090051184853456,0.9983471074380166,0.9987878787878788,0.00044077134986220123
LARRY_mouse3,AMPL376938,Dynamic,883,91,-0.3242707199980303,-0.32336797085336244,0.0009027491446678869,0.8942148760330578,0.8798769393231467,0.014337936709911125
LARRY_mouse3,AMPL376318,Dynamic,883,91,-0.6812207653799754,-0.672457508721093,0.008763256658882437,0.4214876033057851,0.41605846193709956,0.005429141368685553
LARRY_mouse3,AMPL376298,Static,883,91,-0.47837174932989984,-0.47134377051294646,0.007027978816953401,0.8016528925619835,0.8085968492120195,0.006943956650035998
LARRY_mouse3,AMPL388818,Dynamic,883,91,-0.6490587252321683,-0.6524961706422802,-0.0034374454101118003,0.34049586776859503,0.32494145013912823,0.015554417629466799
LARRY_mouse3,AMPL371802,Dynamic,883,91,-0.6037313333497001,-0.573117666873479,0.030613666476221102,0.6925619834710743,0.7405031410969491,0.04794115762587481
LARRY_mouse3,AMPL388428,Dynamic,883,91,-0.18988695534472838,-0.18587679830389098,0.004010157040837424,0.04132231404958678,0.035888981503532584,0.005433332546054194
LARRY_mouse3,AMPL390606,Dynamic,883,91,-0.18221705669202592,-0.18992957811939473,-0.007712521427368819,0.9553719008264463,0.9451610649584335,0.010210835868012746
LARRY_mouse3,AMPL388351,Dynamic,883,91,-0.6654782910155924,-0.6635648332677946,0.0019134577477978182,0.6413223140495867,0.6533317942807106,0.012009480231123915
LARRY_mouse3,AMPL371757,Dynamic,883,91,-0.5178414993535709,-0.47257860645657257,0.045262892896998384,0.7636363636363637,0.7460728618904318,0.01756350174593191
LARRY_mouse3,AMPL388260,Static,883,91,-0.5158165756203374,-0.5164103366734495,-0.0005937610531119654,0.8,0.7863721100450977,0.013627889954902384
LARRY_mouse3,AMPL388402,Dynamic,883,91,-0.23100426409124578,-0.2271669798002533,0.0038372842909924825,0.9338842975206612,0.9342632832853421,0.00037898576468098355
LARRY_mouse3,AMPL388730,Dynamic,883,91,-0.20688391961958355,-0.20219260810816417,0.004691311511419365,0.9570247933884297,0.9591203227199356,0.0020955293315059187
LARRY_mouse3,AMPL388354,Dynamic,883,91,-0.5365795727146088,-0.5346495817861243,0.0019299909284843607,0.7504132231404959,0.7416962283674358,0.008716994773060094
LARRY_mouse3,AMPL388447,Dynamic,883,91,-0.10564480923514288,-0.10286292911076583,0.002781880124377044,0.9785123966942149,0.9798679621032562,0.0013555654090413594
LARRY_mouse3,AMPL390547,Dynamic,883,91,-0.6918782360534794,-0.686828961911605,0.005049274141874456,0.42479338842975206,0.4381186407589658,0.013325252329213721
LARRY_mouse3,AMPL390256,Dynamic,883,91,-0.7135409509532553,-0.695072294711035,0.018468656242220275,0.4644628099173554,0.505560839409988,0.04109802949263258
LARRY_mouse3,AMPL388671,Dynamic,883,91,-0.4352949301478613,-0.4364575175573819,-0.0011625874095205519,0.14049586776859505,0.1345211323935782,0.005974735375016832
LARRY_mouse3,AMPL390079,Static,883,91,-0.6255810287326748,-0.5632549558464839,0.06232607288619091,0.6826446280991736,0.6824994625000045,0.00014516559916910587
LARRY_mouse3,AMPL376650,Dynamic,883,91,-0.26219288975694066,-0.26163944685946894,0.0005534428974717187,0.07272727272727272,0.0724769302163265,0.0002503425109462304
LARRY_mouse3,AMPL388631,Static,883,91,-0.28373440372096265,-0.26724784035392973,0.016486563367032907,0.915702479338843,0.8932586022852277,0.02244387705361528
LARRY_mouse3,AMPL388514,Dynamic,883,91,-0.4031594718262305,-0.336235048718614,0.06692442310761652,0.8578512396694215,0.8859660390263332,0.028114799356911746
LARRY_mouse3,AMPL376689,Dynamic,883,91,-0.5281585818195742,-0.5330029424534419,-0.004844360633867773,0.20826446280991737,0.21894512186300108,0.010680659053083713
LARRY_mouse3,AMPL366150,Dynamic,883,91,-0.18492413990459458,-0.1889577735732281,-0.0040336336686335236,0.9603305785123967,0.962174007571376,0.0018434290589793845
LARRY_mouse3,AMPL390130,Static,883,91,-0.31781531989809936,-0.3051750337177626,0.01264028618033677,0.9041322314049587,0.8928121505601383,0.01132008084482039
LARRY_mouse3,AMPL376310,Static,883,91,-0.4406694948359782,-0.36956413400975713,0.07110536082622108,0.8429752066115702,0.8772231180584122,0.03424791144684203
LARRY_mouse3,AMPL388761,Static,883,91,-0.5268437836001707,-0.5231747032015491,0.0036690803986216595,0.7983471074380165,0.7964683785254995,0.001878728912517058
LARRY_mouse3,AMPL388758,Dynamic,883,91,-0.5053661569695176,-0.49656751983446784,0.008798637135049777,0.7818181818181819,0.7973277723738249,0.015509590555643049
LARRY_mouse3,AMPL388232,Dynamic,883,91,-0.629570630746911,-0.6338159383624388,-0.00424530761552776,0.6297520661157024,0.6432855940327302,0.013533527917027777
LARRY_mouse3,AMPL366102,Dynamic,883,91,-0.6823504732248002,-0.6879983012245415,-0.00564782799974127,0.3834710743801653,0.3817457310920933,0.001725343288072001
LARRY_mouse3,AMPL388861,Static,883,91,-0.6088068170485916,-0.5940998693721252,0.014706947676466428,0.6925619834710743,0.7214580093195422,0.028896025848467843
LARRY_mouse3,AMPL376698,Dynamic,883,91,-0.3936264663043414,-0.3750631979867544,0.01856326831758697,0.8909090909090909,0.8796699976923662,0.011239093216724672
LARRY_mouse3,AMPL388801,Dynamic,883,91,-0.6861138187032426,-0.6871386262080781,-0.00102480750483546,0.4115702479338843,0.42237846798024803,0.010808220046363726
LARRY_mouse3,AMPL388346,Dynamic,883,91,-0.30288329938961306,-0.3092165942750756,-0.006333294885462521,0.912396694214876,0.9036699596585046,0.008726734556371407
LARRY_mouse3,AMPL388246,Dynamic,883,91,-0.4989390618501733,-0.5007750674451256,-0.0018360055949523148,0.7371900826446282,0.7311200116962502,0.00607007094837797
LARRY_mouse3,AMPL388335,Dynamic,883,91,-0.6801928357913248,-0.6772858220037524,0.0029070137875724443,0.5603305785123966,0.5729308080550338,0.012600229542637176
LARRY_mouse3,AMPL388203,Dynamic,883,91,-0.2648874125505033,-0.2593143326265748,0.005573079923928539,0.07272727272727272,0.0766358411969867,0.003908568469713977
LARRY_mouse3,AMPL388780,Dynamic,883,91,-0.23989604953008245,-0.22937539340403826,0.010520656126044185,0.9520661157024793,0.9494594613934397,0.0026066543090396133
LARRY_mouse3,AMPL376517,Dynamic,883,91,-0.5933820084848266,-0.5626924976525423,0.030689510832284387,0.3090909090909091,0.32117539006401236,0.012084480973103273
LARRY_mouse3,AMPL388186,Dynamic,883,91,-0.23296448208869983,-0.23160986769990266,0.0013546143887971603,0.9305785123966942,0.9392683342199597,0.008689821823265498
LARRY_mouse3,AMPL389962,Dynamic,883,91,-0.4443772860854924,-0.46057767159388957,-0.016200385508397183,0.14545454545454545,0.14660505539352287,0.0011505099389774176
LARRY_mouse3,AMPL390347,Dynamic,883,91,-0.01525432209374415,-0.0155976184584465,-0.0003432963647023498,0.9983471074380166,0.999375,0.0010278925619834345
LARRY_mouse3,AMPL388535,Dynamic,883,91,-0.08103475897086802,-0.08544337209603886,-0.004408613125170835,0.9818181818181818,0.984003792002631,0.0021856101844491826
LARRY_mouse3,AMPL390499,Dynamic,883,91,-0.1817529040456266,-0.19126564811676716,-0.00951274407114057,0.9537190082644628,0.9566508448895447,0.002931836625081896
LARRY_mouse3,AMPL388355,Dynamic,883,91,-0.4319294117396289,-0.43272986840848787,-0.0008004566688589433,0.8429752066115702,0.8275721244699572,0.015403082141613011
LARRY_mouse3,AMPL388466,Dynamic,883,91,-0.5649434812532723,-0.5676009107294359,-0.002657429476163564,0.24462809917355371,0.24071839189362415,0.003909707279929564
LARRY_mouse3,AMPL371208,Dynamic,883,91,-0.4622879513907844,-0.4646031474502451,-0.0023151960594607218,0.1768595041322314,0.19017276517771872,0.013313261045487329
LARRY_mouse3,AMPL376470,Dynamic,883,91,-0.6663966277883341,-0.6643953808287109,0.0020012469596232536,0.5421487603305785,0.5375089323043657,0.004639828026212767
LARRY_mouse3,AMPL390220,Dynamic,883,91,-0.2126212590287359,-0.2191181202906351,-0.006496861261899168,0.943801652892562,0.9559034884448196,0.012101835552257634
LARRY_mouse3,AMPL365733,Dynamic,883,91,-0.6473693502925515,-0.6454366276022169,0.0019327226903346818,0.3487603305785124,0.3388343441474246,0.00992598643108783
LARRY_mouse3,AMPL388527,Dynamic,883,91,-0.010050335853501288,-0.010050335853501288,0,1,1,0
LARRY_mouse3,AMPL371607,Dynamic,883,91,-0.5196477254825128,-0.5228521671811486,-0.0032044416986357466,0.7586776859504132,0.7353813522390922,0.023296333711321005
LARRY_mouse3,AMPL366035,Dynamic,883,91,-0.6029793799672365,-0.6133266566218856,-0.010347276654649053,0.7272727272727273,0.7298878607632477,0.0026151334905204493
LARRY_mouse3,AMPL388561,Dynamic,883,91,-0.4153353698845883,-0.42166649084728025,-0.006331120962691977,0.8644628099173554,0.8758475783246681,0.011384768407312729
LARRY_mouse3,AMPL388770,Dynamic,883,91,-0.6706149886908347,-0.6866592412813283,-0.016044252590493507,0.49421487603305786,0.5028344379476732,0.008619561914615381
LARRY_mouse3,AMPL376449,Static,883,91,-0.577930222826204,-0.5177561339707906,0.06017408885541342,0.6942148760330579,0.7123300450409584,0.018115169007900556
LARRY_mouse3,AMPL388341,Dynamic,883,91,-0.6671849200509031,-0.671523039862587,-0.004338119811683823,0.5619834710743802,0.5566812527341939,0.005302218340186293
LARRY_mouse3,AMPL388743,Static,883,91,-0.6979240891247916,-0.7009677617673845,-0.003043672642592853,0.4512396694214876,0.46725778506838883,0.016018115646901254
LARRY_mouse3,AMPL389965,Static,883,91,-0.6534001089707477,-0.5957191276434495,0.057680981327298306,0.6363636363636364,0.6453707190384435,0.009007082674807099
LARRY_mouse3,AMPL390408,Dynamic,883,91,-0.45423254909851124,-0.4512781893654853,0.0029543597330259227,0.8347107438016529,0.8448067038396759,0.010095960038023044
LARRY_mouse3,AMPL388704,Dynamic,883,91,-0.2844180521895573,-0.2747683557324723,0.009649696457084965,0.9190082644628099,0.9379853089033431,0.018977044440533164
LARRY_mouse3,AMPL376822,Static,883,91,-0.5863164855774237,-0.5201971589827222,0.0661193265947015,0.6975206611570248,0.6872332434163703,0.010287417740654559
LARRY_mouse3,AMPL388622,Dynamic,883,91,-0.041746962100202796,-0.042471050659629715,-0.0007240885594269167,0.996694214876033,0.9967777777777778,0.00008356290174471592
LARRY_mouse3,AMPL388484,Static,883,91,-0.2993912765209446,-0.27761578981528107,0.021775486705663562,0.9206611570247933,0.9032801612216472,0.017380995803146115
LARRY_mouse3,AMPL365968,Dynamic,883,91,-0.6397298180192541,-0.6383720210177132,0.0013577970015409156,0.6,0.6130172379478106,0.013017237947810623
LARRY_mouse3,AMPL388686,Dynamic,883,91,-0.2565645014298923,-0.22708546352216247,0.029479037907729832,0.9256198347107438,0.8808877683204309,0.04473206639031291
LARRY_mouse3,AMPL388512,Dynamic,883,91,-0.3048204297250664,-0.2648400020173782,0.03998042770768826,0.943801652892562,0.9181188333939881,0.025682819498573872
LARRY_mouse3,AMPL388458,Static,883,91,-0.5651140460418445,-0.45994102608144716,0.10517301996039727,0.7305785123966942,0.7224168267233283,0.008161685673365948
LARRY_mouse3,AMPL366136,Dynamic,883,91,-0.4556575069100658,-0.45482674904764986,0.0008307578624159332,0.15537190082644628,0.1647896789828679,0.009417778156421613
LARRY_mouse3,AMPL376502,Dynamic,883,91,-0.14672965089340786,-0.14188283533037124,0.00484681556303662,0.9586776859504132,0.9576695120239239,0.0010081739264893308
LARRY_mouse3,AMPL388549,Dynamic,883,91,-0.4349704392098958,-0.42500961548512506,0.009960823724770737,0.8462809917355372,0.8343077447921875,0.011973246943349669
LARRY_mouse3,AMPL371643,Static,883,91,-0.6883605971602029,-0.6732946426641513,0.015065954496051618,0.5735537190082645,0.5729363020708221,0.0006174169374423277
LARRY_mouse3,AMPL388299,Dynamic,883,91,-0.7087310387331422,-0.6958711039335302,0.012859934799611915,0.5057851239669422,0.4972421399206228,0.008542984046319368
LARRY_mouse3,AMPL388285,Dynamic,883,91,-0.6863333635074331,-0.6683307238020834,0.01800263970534987,0.5884297520661157,0.5661244422931729,0.02230530977294276
LARRY_mouse3,AMPL388552,Dynamic,883,91,-0.5308292777386133,-0.5230685077640489,0.007760769974564376,0.7702479338842976,0.7474945947757093,0.022753339108588233
LARRY_mouse3,AMPL388638,Dynamic,883,91,-0.6796668403511216,-0.6125990938472815,0.06706774650384001,0.4033057851239669,0.38821961338455147,0.015086171739415455
LARRY_mouse3,AMPL388473,Dynamic,883,91,-0.13476843943880343,-0.12786100185503757,0.006907437583765847,0.9785123966942149,0.9805319386495858,0.002019541955370907
LARRY_mouse3,AMPL388347,Dynamic,883,91,-0.22819709955150033,-0.22855019391569661,-0.00035309436419630086,0.9404958677685951,0.9504605334208276,0.00996466565223253
LARRY_mouse3,AMPL390420,Static,883,91,-0.3024773561296102,-0.2514347634409296,0.05104259268868058,0.9140495867768595,0.9216137093041118,0.007564122527252248
LARRY_mouse3,AMPL376955,Dynamic,883,91,-0.3914408675554496,-0.3831578999078833,0.008282967647566308,0.8545454545454545,0.8690996070750717,0.014554152529617226
LARRY_mouse3,AMPL388551,Dynamic,883,91,-0.5802003123441066,-0.5665260704912036,0.013674241852902932,0.7256198347107438,0.7162682598619131,0.009351574848830646
LARRY_mouse3,AMPL388395,Static,883,91,-0.49106165682132763,-0.46167901079515866,0.029382646026169,0.7884297520661157,0.8234576647209002,0.035027912654784554
LARRY_mouse3,AMPL376948,Dynamic,883,91,-0.19529118669455817,-0.19479113484858387,0.0005000518459742861,0.947107438016529,0.9481452436882004,0.0010378056716714434
LARRY_mouse3,AMPL388262,Dynamic,883,91,-0.5678914239595431,-0.5643962543526758,0.0034951696068672663,0.7289256198347107,0.711729827731608,0.017195792103102736
LARRY_mouse3,AMPL376497,Dynamic,883,91,-0.20355342812250918,-0.20882038355226268,-0.005266955429753485,0.9537190082644628,0.950602569102724,0.00311643916173876
LARRY_mouse3,AMPL376696,Dynamic,883,91,-0.23511317338584464,-0.23786983326325167,-0.0027566598774070323,0.9404958677685951,0.9451369450810628,0.004641077312467767
LARRY_mouse3,AMPL388462,Static,883,91,-0.44006696966642445,-0.37486001620078613,0.06520695346563833,0.8231404958677686,0.8401733268021968,0.0170328309344282
LARRY_mouse3,AMPL388705,Dynamic,883,91,-0.2953907179397035,-0.29289297352834315,0.0024977444113603777,0.9107438016528926,0.9138017792664853,0.0030579776135927217
LARRY_mouse3,AMPL388399,Dynamic,883,91,-0.14114140869331612,-0.14809648357057967,-0.006955074877263522,0.971900826446281,0.9710554769791613,0.0008453494671196715
LARRY_mouse3,AMPL365899,Dynamic,883,91,-0.02049442920892884,-0.021053304544867864,-0.000558875335939024,0.9983471074380166,0.9976470588235294,0.0007000486144871365
LARRY_mouse3,AMPL388227,Dynamic,883,91,-0.021681800662790126,-0.021426184996386894,0.0002556156664032308,0.9983471074380166,0.9984615384615384,0.00011443102352182155
LARRY_mouse3,AMPL390407,Static,883,91,-0.3864128195632012,-0.35345996229250837,0.03295285727069287,0.8975206611570248,0.8961584056895977,0.001362255467427076
LARRY_mouse3,AMPL376300,Dynamic,883,91,-0.6344404439389484,-0.6297221722561719,0.004718271682776502,0.6776859504132231,0.6657551699848139,0.011930780428409227
LARRY_mouse3,AMPL371550,Dynamic,883,91,-0.031254021507554144,-0.031172911368536203,0.00008111013901794313,1,1,0
LARRY_mouse3,AMPL388498,Dynamic,883,91,-0.04153919106873641,-0.03804160095097314,0.003497590117763266,0.9900826446280991,0.9945571095571095,0.00447446492901038
LARRY_mouse3,AMPL388576,Dynamic,883,91,-0.6407450505664526,-0.6388804126813881,0.001864637885064558,0.6363636363636364,0.5995328596154448,0.036830776748191574
LARRY_mouse3,AMPL388583,Dynamic,883,91,-0.19449830218884318,-0.1724409522413581,0.022057349947485066,0.9603305785123967,0.9530722130208974,0.007258365491499275
LARRY_mouse3,AMPL388659,Dynamic,883,91,-0.48712756417941444,-0.48496193323896697,0.002165630940447489,0.7537190082644628,0.746223149631586,0.007495858632876828
LARRY_mouse3,AMPL388196,Dynamic,883,91,-0.6701113139477913,-0.6630163670938771,0.007094946853914188,0.6082644628099173,0.6232643149592065,0.014999852149289228
LARRY_mouse3,AMPL365903,Dynamic,883,91,-0.45813557837566404,-0.4561773549769497,0.001958223398714336,0.7917355371900826,0.7884408436592646,0.003294693530818016
LARRY_mouse3,AMPL388787,Dynamic,883,91,-0.5874384318750249,-0.534580057475414,0.05285837439961078,0.7256198347107438,0.7241157551083249,0.0015040796024188285
LARRY_mouse3,AMPL371416,Dynamic,883,91,-0.4757808719234901,-0.4487021966011096,0.027078675322380525,0.18512396694214875,0.19756063319205733,0.012436666249908579
LARRY_mouse3,AMPL388516,Dynamic,883,91,-0.14470543078674938,-0.1145343060240978,0.030171124762651592,0.9586776859504132,0.9331695906432748,0.02550809530713849
LARRY_mouse3,AMPL388340,Dynamic,883,91,-0.3919442246200543,-0.3816756511886969,0.010268573431357416,0.9057851239669421,0.9106094763080057,0.004824352341063598
LARRY_mouse3,AMPL390342,Dynamic,883,91,-0.44035527231209026,-0.3871597553782866,0.05319551693380365,0.8578512396694215,0.8423473688935765,0.015503870775844919
LARRY_mouse3,AMPL390501,Static,883,91,-0.28005277455156774,-0.2746527458341992,0.005400028717368605,0.9338842975206612,0.9329155917268147,0.0009687057938464472
LARRY_mouse3,AMPL371192,Dynamic,883,91,-0.09813216916293767,-0.09983373414455714,-0.0017015649816194613,0.9801652892561984,0.9825457847707848,0.0023804955145864115
LARRY_mouse3,AMPL371350,Dynamic,883,91,-0.40044579773178496,-0.39827121954657846,0.0021745781852064773,0.8479338842975207,0.8471182847596163,0.0008155995379044434
LARRY_mouse3,AMPL371563,Dynamic,883,91,-0.677180829926385,-0.677515839831586,-0.00033500990520106215,0.5933884297520661,0.5695444191944965,0.023844010557569573
LARRY_mouse3,AMPL388519,Dynamic,883,91,-0.6819181983782064,-0.6148991495437068,0.06701904883449966,0.5537190082644629,0.5059722041975911,0.047746804066871706
LARRY_mouse3,AMPL371481,Dynamic,883,91,-0.42180072385052464,-0.428719171850599,-0.0069184480000743205,0.8661157024793389,0.847559337480545,0.018556364998793873
LARRY_mouse3,AMPL388523,Dynamic,883,91,-0.6053003868647454,-0.6168871683021169,-0.011586781437371442,0.33553719008264465,0.3152629693491923,0.020274220733452364
LARRY_mouse3,AMPL371259,Dynamic,883,91,-0.5207259020880134,-0.5132762970476143,0.00744960504039903,0.7884297520661157,0.8154464707720901,0.02701671870597444
LARRY_mouse3,AMPL371738,Static,883,91,-0.45984060168063023,-0.3629273638678104,0.09691323781281985,0.7933884297520661,0.72397061257456,0.06941781717750617
LARRY_mouse3,AMPL378293,Dynamic,883,91,-0.6979604882400371,-0.6939390553725137,0.004021432867523486,0.4909090909090909,0.4822051820126898,0.008703908896401102
LARRY_mouse3,AMPL376786,Dynamic,883,91,-0.3074528966755059,-0.31146910922530324,-0.004016212549797299,0.9024793388429752,0.9010788563174015,0.0014004825255736764
LARRY_mouse3,AMPL388308,Dynamic,883,91,-0.1627717116099884,-0.16802355204241756,-0.00525184043242916,0.9669421487603306,0.9711487109124106,0.00420656215208004
LARRY_mouse3,AMPL388781,Static,883,91,-0.6266408996125945,-0.6016904962457923,0.02495040336680215,0.6710743801652893,0.6816571358552009,0.010582755689911627
LARRY_mouse3,AMPL371745,Dynamic,883,91,-0.600132868473137,-0.6080110402922793,-0.007878171819142295,0.7223140495867768,0.702412964641138,0.019901084945638803
LARRY_mouse3,AMPL388745,Static,883,91,-0.4567977915244154,-0.38981518379928753,0.06698260772512785,0.8,0.7603674196374659,0.03963258036253414
LARRY_mouse3,AMPL388463,Dynamic,883,91,-0.541273539161552,-0.5415809636747554,-0.0003074245132034443,0.7917355371900826,0.7935278748685096,0.001792337678427014
LARRY_mouse3,AMPL388544,Dynamic,883,91,-0.08465808063979836,-0.08530900774163291,-0.0006509271018345475,0.9834710743801653,0.9848369547119548,0.0013658803317894153
LARRY_mouse3,AMPL389969,Dynamic,883,91,-0.10758440496726374,-0.10806860903058799,-0.0004842040633242634,0.9801652892561984,0.98187846145083,0.0017131721946316292
LARRY_mouse3,AMPL388279,Static,883,91,-0.4176714959261612,-0.35148155834000355,0.06618993758615763,0.8462809917355372,0.8596756643683113,0.013394672632774163
LARRY_mouse3,AMPL371202,Static,883,91,-0.6332575215649064,-0.5179004393216838,0.11535708224322258,0.6264462809917355,0.6355909088503515,0.009144627858616028
LARRY_mouse3,AMPL371406,Dynamic,883,91,-0.19357528063448812,-0.18578544058118582,0.007789840053302279,0.9570247933884297,0.9599642213651502,0.0029394279767205322
LARRY_mouse3,AMPL390432,Static,883,91,-0.36673976487569276,-0.35880644238171605,0.007933322493976701,0.8760330578512396,0.8577906797279088,0.01824237812333085
LARRY_mouse3,AMPL371562,Dynamic,883,91,-0.04834884741451448,-0.048169908445922144,0.00017893896859233897,0.9900826446280991,0.9915113211951447,0.0014286765670455948
LARRY_mouse3,AMPL388465,Dynamic,883,91,-0.667819853390265,-0.6325389332436667,0.03528092014659828,0.6115702479338843,0.6263694090910807,0.014799161157196483
LARRY_mouse3,AMPL371555,Static,883,91,-0.2660383861120269,-0.25872589553625014,0.007312490575776738,0.9256198347107438,0.9205864807792827,0.005033353931461093
LARRY_mouse3,AMPL389988,Static,883,91,-0.58778421243089,-0.5785147402957382,0.009269472135151712,0.7206611570247934,0.7111972416214677,0.009463915403325696
LARRY_mouse3,AMPL388836,Dynamic,883,91,-0.5924307426786187,-0.5949203188252762,-0.002489576146657399,0.7272727272727273,0.7394954936102768,0.012222766337549484
LARRY_mouse3,AMPL371674,Dynamic,883,91,-0.14397944654923936,-0.13924717096741335,0.004732275581826006,0.971900826446281,0.9746573113161348,0.0027564848698538036
LARRY_mouse3,AMPL388468,Dynamic,883,91,-0.1473901945431766,-0.1405985129737451,0.0067916815694314915,0.968595041322314,0.962679538212046,0.005915503110268006
LARRY_mouse3,AMPL371466,Dynamic,883,91,-0.682032609697854,-0.6795242143810067,0.002508395316847304,0.5504132231404959,0.5659552419201026,0.015542018779606703
LARRY_mouse3,AMPL371764,Static,883,91,-0.2714953917271868,-0.2660249554896623,0.005470436237524468,0.9206611570247933,0.9073933339965846,0.013267823028208725
LARRY_mouse3,AMPL390235,Dynamic,883,91,-0.1750406507295583,-0.16811345397186847,0.006927196757689806,0.9570247933884297,0.9567897161661867,0.00023507722224302974
LARRY_mouse3,AMPL388782,Dynamic,883,91,-0.08719374741269571,-0.08752294802031292,-0.00032920060761721,0.9851239669421488,0.9825884773121615,0.0025354896299872864
LARRY_mouse3,AMPL390374,Dynamic,883,91,-0.1163420722759799,-0.11217367394291451,0.004168398333065387,0.9834710743801653,0.9814059665824373,0.0020651077977280607
LARRY_mouse3,AMPL371524,Dynamic,883,91,-0.6377666249095157,-0.6320700032164178,0.005696621693097957,0.6776859504132231,0.6774744496387686,0.00021150077445453164
LARRY_mouse3,AMPL390274,Dynamic,883,91,-0.2301997140172258,-0.23112038363228674,-0.0009206696150609369,0.9404958677685951,0.9395367345073227,0.0009591332612723935
LARRY_mouse3,AMPL388433,Dynamic,883,91,-0.5713450283486817,-0.5604654055499007,0.010879622798781071,0.7471074380165289,0.7637788351827052,0.01667139716617627
LARRY_mouse3,AMPL388242,Static,883,91,-0.700621691481779,-0.5613326797467615,0.13928901173501754,0.5603305785123966,0.5271117140427513,0.03321886446964539
LARRY_mouse3,AMPL388286,Dynamic,883,91,-0.20557296587032486,-0.213278079476337,-0.007705113606012146,0.9537190082644628,0.9522974270225819,0.0014215812418808538
LARRY_mouse3,AMPL388579,Dynamic,883,91,-0.08968374337126638,-0.09417515165076949,-0.0044914082795031235,0.9785123966942149,0.9843422636187342,0.005829866924519367
LARRY_mouse3,AMPL388684,Static,883,91,-0.6649431737780752,-0.5372565228273933,0.12768665095068188,0.6644628099173554,0.677821246727129,0.013358436809773555
LARRY_mouse3,AMPL388795,Dynamic,883,91,-0.10985050476930482,-0.10531163647423102,0.004538868295073805,0.9735537190082645,0.9775267560870502,0.003973037078785713
LARRY_mouse3,AMPL371656,Dynamic,883,91,-0.27947190620389817,-0.2767893661693788,0.002682540034519345,0.9256198347107438,0.9260211799466446,0.0004013452359007408
LARRY_mouse3,AMPL388365,Dynamic,883,91,-0.3555550459108856,-0.3559424267132833,-0.000387380802397695,0.8760330578512396,0.8594214326780891,0.016611625173150513
LARRY_mouse4,AMPL376447,Dynamic,1020,102,-0.5218641147994493,-0.520515507883606,0.00134860691584322,0.1832258064516129,0.1706079387044621,0.012617867747150818
LARRY_mouse4,AMPL371137,Dynamic,1020,102,-0.6153561047687057,-0.6112244501460141,0.0041316546226916415,0.687741935483871,0.6627036591318507,0.025038276352020272
LARRY_mouse4,AMPL371170,Dynamic,1020,102,-0.5275488175173942,-0.5326262994310391,-0.005077481913644876,0.20774193548387096,0.21257965755005775,0.004837722066186795
LARRY_mouse4,AMPL366134,Dynamic,1020,102,-0.4767335471079053,-0.4785457643930768,-0.0018122172851715345,0.8090322580645162,0.7809369923562615,0.028095265708254713
LARRY_mouse4,AMPL366093,Dynamic,1020,102,-0.3092187614734206,-0.30829194240395164,0.0009268190694689784,0.07354838709677419,0.08376392324697653,0.010215536150202334
LARRY_mouse4,AMPL365920,Dynamic,1020,102,-0.23451011620042075,-0.23836594659777754,-0.0038558303973567944,0.05161290322580645,0.05205420732688478,0.00044130410107832974
LARRY_mouse4,AMPL366060,Dynamic,1020,102,-0.6468462923984325,-0.6483694105007454,-0.0015231181023128717,0.40258064516129033,0.4133020163204706,0.01072137115918026
LARRY_mouse4,AMPL366212,Dynamic,1020,102,-0.6653858111400366,-0.6598592601404988,0.005526550999537877,0.632258064516129,0.6392301263903779,0.006972061874248925
LARRY_mouse4,AMPL355442,Dynamic,1020,102,-0.21305849385531928,-0.2119742547079612,0.0010842391473580763,0.04387096774193548,0.0473151079649764,0.0034441402230409174
LARRY_mouse4,AMPL355412,Dynamic,1020,102,-0.4788238159490355,-0.4779321969979411,0.0008916189510943816,0.17419354838709677,0.19014051726841663,0.015946968881319856
LARRY_mouse4,AMPL371357,Dynamic,1020,102,-0.2421409302159872,-0.2340297161391118,0.008111214076875395,0.06193548387096774,0.07537606083856482,0.013440576967597082
LARRY_mouse4,AMPL355970,Dynamic,1020,102,-0.6550266381684082,-0.5726685456651261,0.08235809250328206,0.6490322580645161,0.6472676251877112,0.0017646328768049502
LARRY_mouse4,AMPL377391,Dynamic,1020,102,-0.6113815249474752,-0.6167569493782603,-0.005375424430784996,0.2838709677419355,0.27625340878984844,0.007617558952087045
LARRY_mouse4,AMPL371668,Dynamic,1020,102,-0.5477421757050408,-0.5398597208927045,0.007882454812336253,0.23096774193548386,0.2457389577109451,0.014771215775461227
LARRY_mouse4,AMPL365990,Dynamic,1020,102,-0.2057138165381624,-0.20261559732438156,0.003098219213780832,0.04129032258064516,0.045817812381116145,0.004527489800470984
LARRY_mouse4,AMPL371572,Dynamic,1020,102,-0.6343252583014747,-0.625072633256111,0.009252625045363673,0.6709677419354839,0.6624129213498019,0.008554820585682021
LARRY_mouse4,AMPL365938,Dynamic,1020,102,-0.654469935840686,-0.6485957842698777,0.00587415157080823,0.39741935483870966,0.3997075215308815,0.0022881666921718558
LARRY_mouse4,AMPL365905,Dynamic,1020,102,-0.5503089649206727,-0.5469942323722754,0.0033147325483972893,0.2270967741935484,0.25305392854875114,0.02595715435520274
LARRY_mouse4,AMPL376910,Dynamic,1020,102,-0.6893891485908933,-0.6909284115852691,-0.0015392629943757547,0.4541935483870968,0.4553229332544461,0.0011293848673493145
LARRY_mouse4,AMPL366045,Dynamic,1020,102,-0.3512417709420737,-0.34840952488990024,0.0028322460521735034,0.08774193548387096,0.08057018214361189,0.007171753340259074
LARRY_mouse4,AMPL376601,Dynamic,1020,102,-0.6189659961489088,-0.6228156153837745,-0.003849619234865691,0.29935483870967744,0.2802353801662499,0.01911945854342756
LARRY_mouse4,AMPL371758,Dynamic,1020,102,-0.3845167625371657,-0.3872604392680015,-0.002743676730835775,0.11096774193548387,0.11511980613129985,0.004152064195815985
LARRY_mouse4,AMPL366066,Dynamic,1020,102,-0.37636111062103716,-0.38587210216079326,-0.009510991539756099,0.11870967741935484,0.10966309641493925,0.009046581004415591
LARRY_mouse4,AMPL355903,Dynamic,1020,102,-0.4303239594693484,-0.42886038086432027,0.0014635786050281668,0.14967741935483872,0.16084623794286101,0.011168818588022295
LARRY_mouse4,AMPL371618,Dynamic,1020,102,-0.5769179041567104,-0.5713284914344912,0.005589412722219201,0.25290322580645164,0.25772247238925244,0.004819246582800807
LARRY_mouse4,AMPL371676,Dynamic,1020,102,-0.6361439754213981,-0.6311782078225828,0.0049657675988153275,0.6774193548387096,0.6746649406834495,0.002754414155260121
LARRY_mouse4,AMPL376711,Dynamic,1020,102,-0.48246146517438276,-0.4903177498110105,-0.00785628463662773,0.16516129032258065,0.1677763229310437,0.002615032608463047
LARRY_mouse4,AMPL355560,Dynamic,1020,102,-0.33791301401199236,-0.3497438909927239,-0.011830876980731514,0.09548387096774194,0.09173578395174445,0.003748087015997492
LARRY_mouse4,AMPL365802,Dynamic,1020,102,-0.6902946648393431,-0.6906299215629698,-0.0003352567236267051,0.5651612903225807,0.5626290939004701,0.0025321964221105553
LARRY_mouse4,AMPL371673,Dynamic,1020,102,-0.6026368068326617,-0.6029116648114468,-0.0002748579787850321,0.28,0.2841136358089358,0.004113635808935756
LARRY_mouse4,AMPL371378,Dynamic,1020,102,-0.501159001330262,-0.49560332560004433,0.005555675730217688,0.1832258064516129,0.21967060440124347,0.03644479794963057
LARRY_mouse4,AMPL366081,Dynamic,1020,102,-0.603339955738922,-0.6108495134619827,-0.007509557723060804,0.29161290322580646,0.284739771998331,0.00687313122747546
LARRY_mouse4,AMPL366000,Dynamic,1020,102,-0.683984893003141,-0.6825905094102617,0.0013943835928794037,0.5277419354838709,0.5294355596405925,0.0016936241567215848
LARRY_mouse4,AMPL355849,Dynamic,1020,102,-0.6589369188103821,-0.6600262414185005,-0.0010893226081184278,0.3961290322580645,0.38765266494938516,0.008476367308679345
LARRY_mouse4,AMPL371741,Dynamic,1020,102,-0.42929124119996376,-0.43047067794081284,-0.0011794367408490573,0.1393548387096774,0.12694906810275092,0.012405770606926492
LARRY_mouse4,AMPL371188,Dynamic,1020,102,-0.5959762593965717,-0.5904090206030458,0.005567238793525919,0.28516129032258064,0.2930255667736067,0.007864276451026053
LARRY_mouse4,AMPL371743,Dynamic,1020,102,-0.6384068555181194,-0.6228152401955772,0.01559161532254208,0.3174193548387097,0.3179671000600531,0.0005477452213433764
LARRY_mouse4,AMPL366028,Dynamic,1020,102,-0.5063856160842667,-0.4849528621950327,0.021432753889234008,0.19225806451612903,0.18210526177290332,0.01015280274322572
LARRY_mouse4,AMPL376554,Dynamic,1020,102,-0.287133590173869,-0.2925748490504707,-0.005441258876601686,0.07354838709677419,0.07884990631572801,0.005301519218953818
LARRY_mouse4,AMPL371788,Dynamic,1020,102,-0.31298834758334404,-0.3164686426334046,-0.0034802950500605057,0.08387096774193549,0.09069105524702661,0.006820087505091124
LARRY_mouse4,AMPL355637,Dynamic,1020,102,-0.6764888788092106,-0.6707718996363643,0.005716979172846363,0.5974193548387097,0.5796449710110617,0.017774383827647955
LARRY_mouse4,AMPL371503,Dynamic,1020,102,-0.6627608554919426,-0.6637506063429103,-0.0009897508509676058,0.6232258064516129,0.6196538941286122,0.003571912323000692
LARRY_mouse4,AMPL371535,Dynamic,1020,102,-0.5340986893045832,-0.5411813149148005,-0.007082625610217305,0.2064516129032258,0.21553197578055128,0.00908036287732547
LARRY_mouse4,AMPL366243,Dynamic,1020,102,-0.4678846257432391,-0.4745773231060045,-0.006692697362765397,0.18064516129032257,0.1739091002068681,0.006736061083454481
LARRY_mouse4,AMPL371353,Dynamic,1020,102,-0.6309357360490963,-0.6312464975652948,-0.0003107615161985566,0.3096774193548387,0.29742938634002936,0.012248033014809367
LARRY_mouse4,AMPL371655,Dynamic,1020,102,-0.29288665421250576,-0.29364353615139366,-0.0007568819388879155,0.07354838709677419,0.08127342499658761,0.007725037899813422
LARRY_mouse4,AMPL376642,Dynamic,1020,102,-0.6923620836753336,-0.7078874436945133,-0.01552536001917969,0.512258064516129,0.4826845325473197,0.029573531968809297
LARRY_mouse4,AMPL365953,Dynamic,1020,102,-0.6938272846244435,-0.6939459526878881,-0.00011866806344443705,0.5470967741935484,0.5343869916314229,0.012709782562125516
LARRY_mouse4,AMPL371580,Dynamic,1020,102,-0.45499441156158466,-0.4523229826565396,0.0026714289050450662,0.15225806451612903,0.15398918579500062,0.0017311212788715946
LARRY_mouse4,AMPL365901,Dynamic,1020,102,-0.4366602479567398,-0.42590483836749676,0.010755409589243061,0.16,0.18527244891395178,0.02527244891395178
LARRY_mouse4,AMPL371570,Dynamic,1020,102,-0.01948461138898385,-0.019771760278218524,-0.00028714888923467394,0.9987096774193548,0.9995112414467253,0.0008015640273705271
LARRY_mouse4,AMPL371814,Dynamic,1020,102,-0.5744384593170714,-0.559297753881712,0.015140705435359402,0.2335483870967742,0.2407924043162217,0.007244017219447507
LARRY_mouse4,AMPL371312,Dynamic,1020,102,-0.6259035164554908,-0.628629247396202,-0.00272573094071116,0.32387096774193547,0.33273510387117605,0.008864136129240585
LARRY_mouse4,AMPL371677,Dynamic,1020,102,-0.4006639579616842,-0.39881132411548614,0.001852633846198048,0.13032258064516128,0.13409403427321404,0.0037714536280527566
LARRY_mouse4,AMPL365795,Dynamic,1020,102,-0.5554288683021954,-0.5570256588182357,-0.0015967905160402562,0.23870967741935484,0.21435127608789623,0.024358401331458612
LARRY_mouse4,AMPL371606,Dynamic,1020,102,-0.5040067929102159,-0.5093446665594236,-0.0053378736492076685,0.1896774193548387,0.18212058701698722,0.007556832337851482
LARRY_mouse4,AMPL371716,Dynamic,1020,102,-0.5885136980200834,-0.5572259605614823,0.03128773745860104,0.712258064516129,0.7416646771544934,0.029406612638364305
LARRY_mouse4,AMPL371452,Dynamic,1020,102,-0.46449447016663625,-0.4769665652125077,-0.012472095045871458,0.8193548387096774,0.8227988276826362,0.0034439889729588335
LARRY_mouse4,AMPL371736,Dynamic,1020,102,-0.6592214398153984,-0.6677390578394107,-0.00851761802401234,0.6270967741935484,0.6169278580284068,0.010168916165141595
LARRY_mouse4,AMPL365818,Dynamic,1020,102,-0.4125321141534594,-0.42433565897027803,-0.01180354481681863,0.13806451612903226,0.15083963221828645,0.01277511608925419
LARRY_mouse4,AMPL366056,Dynamic,1020,102,-0.5932772965250871,-0.5975917575171655,-0.004314460992078444,0.2632258064516129,0.264896849701194,0.0016710432495810612
LARRY_mouse4,AMPL377538,Dynamic,1020,102,-0.494598819063381,-0.4945517264991635,0.00004709256421748188,0.1935483870967742,0.19201286305763382,0.001535524039140368
LARRY_mouse4,AMPL371185,Dynamic,1020,102,-0.6946812941536379,-0.6917288957273076,0.00295239842633027,0.44,0.43400370262215116,0.005996297377848847
LARRY_mouse4,AMPL371231,Static,1020,102,-0.3903844000942151,-0.3868924055382723,0.003491994555942786,0.8619354838709677,0.8550184891730853,0.006916994697882428
LARRY_mouse4,AMPL371552,Dynamic,1020,102,-0.6414213157466491,-0.6380316959279231,0.0033896198187260682,0.3470967741935484,0.3476293227371244,0.0005325485435759836
LARRY_mouse4,AMPL365907,Dynamic,1020,102,-0.053244565970130824,-0.05151146619749471,0.0017330997726361166,0.007741935483870968,0.007907695567073356,0.0001657600832023886
LARRY_mouse4,AMPL371197,Dynamic,1020,102,-0.5915730525840882,-0.596773237553393,-0.005200184969304718,0.2709677419354839,0.2623007279647823,0.008667013970701576
LARRY_mouse4,AMPL371323,Dynamic,1020,102,-0.26334634255920164,-0.26286718907269085,0.00047915348651079233,0.9264516129032258,0.9385635347594439,0.012111921856218122
LARRY_mouse4,AMPL366142,Dynamic,1020,102,-0.5599311938203372,-0.5184326207373124,0.04149857308302471,0.7677419354838709,0.7753418751149876,0.0075999396311167144
LARRY_mouse4,AMPL355654,Dynamic,1020,102,-0.5276900429743223,-0.5113483860838999,0.016341656890422513,0.8154838709677419,0.7926919262953761,0.022791944672365783
LARRY_mouse4,AMPL365828,Dynamic,1020,102,-0.5308770402315656,-0.5352414911883951,-0.004364450956829529,0.2129032258064516,0.22800021304958218,0.015096987243130577
LARRY_mouse4,AMPL376721,Dynamic,1020,102,-0.1651935456407618,-0.16727354959956342,-0.002080003958801615,0.9625806451612903,0.9563635440747169,0.006217101086573362
LARRY_mouse4,AMPL389964,Dynamic,1020,102,-0.32083011972444414,-0.29993202782682055,0.020898091897623605,0.9109677419354839,0.9147554447038958,0.0037877027684118936
LARRY_mouse4,AMPL390252,Dynamic,1020,102,-0.22605439804265842,-0.22623977023403377,-0.0001853721913753517,0.9419354838709677,0.9498863251195363,0.007950841248568596
LARRY_mouse4,AMPL365731,Static,1020,102,-0.7010720996432036,-0.6153157578312826,0.08575634181192102,0.48516129032258065,0.500704428213631,0.015543137891050385
LARRY_mouse4,AMPL376850,Static,1020,102,-0.6889400595798052,-0.5926438958236762,0.09629616375612901,0.5535483870967742,0.5636964974587133,0.010148110361939078
LARRY_mouse4,AMPL376373,Dynamic,1020,102,-0.19867282999598448,-0.20220632906522318,-0.003533499069238709,0.9535483870967741,0.9530426142504356,0.0005057728463385702
LARRY_mouse4,AMPL377317,Dynamic,1020,102,-0.6666955735199646,-0.6660056828269061,0.0006898906930583802,0.6206451612903225,0.6386638984538349,0.01801873716351232
LARRY_mouse4,AMPL377328,Static,1020,102,-0.36622489324516416,-0.310838286612313,0.055386606632851165,0.8825806451612903,0.8994058079232239,0.016825162761933576
LARRY_mouse4,AMPL390370,Static,1020,102,-0.6978515742475033,-0.646733661950992,0.051117912296511386,0.5212903225806451,0.551049189409133,0.02975886682848783
LARRY_mouse4,AMPL371591,Static,1020,102,-0.35034855380628527,-0.3189602481831928,0.03138830562309246,0.8903225806451613,0.8760879824870639,0.014234598158097467
LARRY_mouse4,AMPL371522,Static,1020,102,-0.4466438862275834,-0.3422271387687925,0.1044167474587909,0.8412903225806452,0.8540616073204179,0.012771284739772737
LARRY_mouse4,AMPL390025,Static,1020,102,-0.5742907556441776,-0.39726207920578305,0.17702867643839465,0.7264516129032258,0.8194050061781357,0.09295339327490992
LARRY_mouse4,AMPL371508,Dynamic,1020,102,-0.41283825488029413,-0.41828231702440954,-0.005444062144115445,0.8541935483870968,0.8504291691771764,0.0037643792099204543
LARRY_mouse4,AMPL371634,Dynamic,1020,102,-0.019943797570926826,-0.02007701924656221,-0.00013322167563538481,0.9987096774193548,0.9995608256477821,0.0008511482284273564
LARRY_mouse4,AMPL371541,Dynamic,1020,102,-0.7101162464899463,-0.6934955644125809,0.01662068207736547,0.56,0.5273586604390522,0.032641339560947835
LARRY_mouse4,AMPL388797,Static,1020,102,-0.7126418416451539,-0.6025463135121383,0.11009552813301554,0.5561290322580645,0.5280242827125807,0.02810474954548381
LARRY_mouse4,AMPL371547,Static,1020,102,-0.6091432147401433,-0.45482540798071,0.1543178067594334,0.6929032258064516,0.709544968562005,0.016641742755553413
LARRY_mouse4,AMPL355851,Dynamic,1020,102,-0.5697068594290333,-0.5608070596363904,0.008899799792642932,0.7651612903225806,0.770142039126923,0.004980748804342405
LARRY_mouse4,AMPL376957,Dynamic,1020,102,-0.2760100457220295,-0.2575619420407873,0.018448103681242133,0.9264516129032258,0.9183141682753291,0.008137444627896673
LARRY_mouse4,AMPL377097,Dynamic,1020,102,-0.6752692984687385,-0.6421383411861616,0.0331309572825768,0.4206451612903226,0.4289963011264443,0.008351139836121735
LARRY_mouse4,AMPL371255,Static,1020,102,-0.6473433516104476,-0.619532836494878,0.027810515115569565,0.6632258064516129,0.6406977655260083,0.022528040925604564
LARRY_mouse4,AMPL371813,Static,1020,102,-0.39763944662414147,-0.38282911089599314,0.014810335728148348,0.8722580645161291,0.8752930206862798,0.0030349561701507044
LARRY_mouse4,AMPL388838,Dynamic,1020,102,-0.038429393089245555,-0.03947654295748637,-0.001047149868240819,0.9948387096774194,0.9961574074074074,0.0013186977299880498
LARRY_mouse4,AMPL376591,Static,1020,102,-0.3741437109573353,-0.3522005033773548,0.021943207579980473,0.88,0.8846364220334447,0.00463642203344472
LARRY_mouse4,AMPL377144,Dynamic,1020,102,-0.015239759122085477,-0.015241485496383276,-0.0000017263742977983535,1,1,0
LARRY_mouse4,AMPL376854,Dynamic,1020,102,-0.2513450685178677,-0.2009651781252819,0.050379890392585815,0.06451612903225806,0.08219075915477714,0.017674630122519075
LARRY_mouse4,AMPL371238,Dynamic,1020,102,-0.44061657062987664,-0.4402608807906707,0.000355689839205957,0.832258064516129,0.8365967682390143,0.004338703722885251
LARRY_mouse4,AMPL388681,Static,1020,102,-0.7033668222188542,-0.5923478850602358,0.11101893715861827,0.48,0.5244228318168829,0.04442283181688289
LARRY_mouse4,AMPL371186,Dynamic,1020,102,-0.4433004615789772,-0.44727202325824783,-0.003971561679270619,0.14967741935483872,0.1532649480557831,0.0035875287009443924
LARRY_mouse4,AMPL390585,Static,1020,102,-0.6088280794909119,-0.6097098678196488,-0.0008817883287368507,0.6941935483870968,0.686153555564435,0.008039992822661768
LARRY_mouse4,AMPL390129,Static,1020,102,-0.5934420821817413,-0.5343242926009899,0.05911778958075136,0.7290322580645161,0.7614881089805263,0.03245585091601022
LARRY_mouse4,AMPL355844,Dynamic,1020,102,-0.08066420516886619,-0.0814810732635687,-0.0008168680947025091,0.9858064516129033,0.9886903738719053,0.0028839222590020253
LARRY_mouse4,AMPL376597,Dynamic,1020,102,-0.4255480894436626,-0.42260853993069825,0.002939549512964344,0.8425806451612903,0.8561535702977269,0.013572925136436598
LARRY_mouse4,AMPL365812,Static,1020,102,-0.6795951504189943,-0.6364034727002791,0.04319167771871515,0.3767741935483871,0.418562600367829,0.0417884068194419
LARRY_mouse4,AMPL390097,Static,1020,102,-0.3727557312466104,-0.36179994185934244,0.010955789387267935,0.8916129032258064,0.8960201832102029,0.004407279984396495
LARRY_mouse4,AMPL355829,Static,1020,102,-0.3878449580703009,-0.3672367306736178,0.020608227396683127,0.8748387096774194,0.8781354673524079,0.003296757674988493
LARRY_mouse4,AMPL355889,Dynamic,1020,102,-0.5033439625701238,-0.4987364581530861,0.004607504417037777,0.17806451612903226,0.18949091404295998,0.011426397913927716
LARRY_mouse4,AMPL376733,Dynamic,1020,102,-0.6724887676562282,-0.5752667169029617,0.09722205075326654,0.3858064516129032,0.4328951434454996,0.0470886918325964
LARRY_mouse4,AMPL390626,Static,1020,102,-0.5353871178554468,-0.4796804056264445,0.05570671222900233,0.17419354838709677,0.18803588479620195,0.013842336409105177
LARRY_mouse4,AMPL365730,Static,1020,102,-0.6504502929746165,-0.6098952073113838,0.040555085663232696,0.6387096774193548,0.6498120804233611,0.011102403004006334
LARRY_mouse4,AMPL390006,Dynamic,1020,102,-0.023738312767926602,-0.02452551850216127,-0.0007872057342346715,0.9974193548387097,0.9984663093673105,0.0010469545286008186
LARRY_mouse4,AMPL371756,Dynamic,1020,102,-0.5812754958910532,-0.5959531959861619,-0.01467770009510867,0.7470967741935484,0.7431929218128711,0.003903852380677253
LARRY_mouse4,AMPL355580,Static,1020,102,-0.43832611133052063,-0.37232433299451134,0.06600177833600926,0.863225806451613,0.8390940379667178,0.024131768484895177
LARRY_mouse4,AMPL365940,Dynamic,1020,102,-0.3563600938812641,-0.32132076643132634,0.03503932744993777,0.8980645161290323,0.8933016608589591,0.004762855270073141
LARRY_mouse4,AMPL366193,Dynamic,1020,102,-0.6836723597004578,-0.680562839793922,0.0031095199065358722,0.5690322580645162,0.5890063839829778,0.019974125918461594
LARRY_mouse4,AMPL377424,Dynamic,1020,102,-0.23193803811004296,-0.23052131354659533,0.0014167245634476276,0.944516129032258,0.9472155663522548,0.002699437319996778
LARRY_mouse4,AMPL377537,Dynamic,1020,102,-0.16498480609651195,-0.16854480984316278,-0.003560003746650836,0.04,0.04141318369603694,0.0014131836960369418
LARRY_mouse4,AMPL378501,Static,1020,102,-0.6664979832811476,-0.5679764040949313,0.0985215791862163,0.6580645161290323,0.578214278209584,0.07985023791944823
LARRY_mouse4,AMPL355676,Static,1020,102,-0.4538345945087651,-0.45169980669958404,0.0021347878091810745,0.832258064516129,0.8326384407969716,0.0003803762808425315
LARRY_mouse4,AMPL355831,Static,1020,102,-0.6888965620757834,-0.5838459952758736,0.10505056679990984,0.5935483870967742,0.5040311990544122,0.08951718804236197
LARRY_mouse4,AMPL376547,Dynamic,1020,102,-0.11339813393762026,-0.11910126254808001,-0.005703128610459755,0.9767741935483871,0.9778175105592145,0.0010433170108273826
LARRY_mouse4,AMPL371772,Static,1020,102,-0.5659677689307699,-0.47564808485769217,0.09031968407307782,0.7767741935483871,0.7136577416800022,0.06311645186838488
LARRY_mouse4,AMPL371261,Dynamic,1020,102,-0.014577726884388634,-0.015210600929145012,-0.0006328740447563788,0.9987096774193548,0.9995608256477821,0.0008511482284273564
LARRY_mouse4,AMPL371729,Dynamic,1020,102,-0.6819694770360741,-0.678341053938801,0.0036284230972732003,0.5729032258064516,0.5876816341212775,0.014778408314825908
LARRY_mouse4,AMPL371483,Static,1020,102,-0.3680450926953019,-0.34835138948759137,0.019693703207710536,0.8864516129032258,0.8770323892502994,0.009419223652926467
LARRY_mouse4,AMPL371172,Dynamic,1020,102,-0.2426734540211527,-0.2325545281124041,0.010118925908748603,0.9406451612903226,0.9284070824355538,0.012238078854768797
LARRY_mouse4,AMPL371792,Dynamic,1020,102,-0.69272567228548,-0.6883841390357952,0.004341533249684775,0.5161290322580645,0.5234756792949977,0.007346647036933218
LARRY_mouse4,AMPL371355,Dynamic,1020,102,-0.6179294824964738,-0.5430379919509852,0.07489149054548869,0.6825806451612904,0.6548190028782109,0.027761642283079424
LARRY_mouse4,AMPL355534,Dynamic,1020,102,-0.44111676743937145,-0.43675660450668863,0.0043601629326828146,0.8309677419354838,0.8288184969612438,0.002149244974240072
LARRY_mouse4,AMPL377174,Dynamic,1020,102,-0.4100163565183364,-0.41860453825636523,-0.008588181738028867,0.8593548387096774,0.8414904136805189,0.017864425029158526
LARRY_mouse4,AMPL366007,Dynamic,1020,102,-0.3787750923944807,-0.3834862115963522,-0.004711119201871504,0.8683870967741936,0.8645116394618727,0.0038754573123208624
LARRY_mouse4,AMPL366182,Static,1020,102,-0.41387388678185594,-0.3174364790504477,0.09643740773140821,0.8761290322580645,0.8419163324183284,0.03421269983973607
LARRY_mouse4,AMPL371512,Static,1020,102,-0.6866141531895442,-0.624727523183113,0.061886630006431256,0.4154838709677419,0.4153936184506649,0.00009025251707700521
LARRY_mouse4,AMPL390462,Dynamic,1020,102,-0.06218723598414802,-0.061233975551236684,0.0009532604329113349,0.9870967741935484,0.988295112040688,0.00119833784713963
LARRY_mouse4,AMPL378486,Dynamic,1020,102,-0.39139381289120084,-0.3344479267635129,0.05694588612768795,0.8838709677419355,0.8540631285433777,0.029807839198557784
LARRY_mouse4,AMPL376643,Dynamic,1020,102,-0.0717222740631955,-0.06164290855133576,0.010079365511859754,0.9909677419354839,0.9844084787266606,0.006559263208823274
LARRY_mouse4,AMPL390336,Dynamic,1020,102,-0.6960521164138138,-0.6168398958845671,0.07921222052924666,0.4670967741935484,0.43491312356707507,0.032183650626473326
LARRY_mouse4,AMPL390512,Dynamic,1020,102,-0.26707871556077994,-0.2139183973334162,0.05316031822736373,0.9367741935483871,0.9306122490060946,0.0061619445422924635
LARRY_mouse4,AMPL371317,Dynamic,1020,102,-0.6439521859006059,-0.4930623664672456,0.15088981943336022,0.3638709677419355,0.33317288185525684,0.03069808588667866
LARRY_mouse4,AMPL371811,Dynamic,1020,102,-0.4805705642100919,-0.3762832796549521,0.1042872845551398,0.8232258064516129,0.8553174289552654,0.032091622503652495
LARRY_mouse4,AMPL376577,Static,1020,102,-0.47125217491180066,-0.4741475710582165,-0.002895396146415826,0.8206451612903226,0.8260135146225341,0.0053683533322115284
LARRY_mouse4,AMPL376593,Static,1020,102,-0.7012953383598747,-0.5652196623174492,0.13607567604242543,0.4632258064516129,0.46921032281643926,0.005984516364826387
LARRY_mouse4,AMPL371251,Static,1020,102,-0.5421461833328356,-0.4475913540400795,0.09455482929275609,0.8038709677419354,0.7789961047024617,0.024874863039473727
LARRY_mouse4,AMPL371471,Dynamic,1020,102,-0.23982159464720645,-0.2536857665178619,-0.013864171870655435,0.9393548387096774,0.9426038105033755,0.0032489717936980966
LARRY_mouse4,AMPL377510,Dynamic,1020,102,-0.3162511411041825,-0.2642142191638683,0.052036921940314174,0.912258064516129,0.9077288020990154,0.0045292624171136
LARRY_mouse4,AMPL365861,Dynamic,1020,102,-0.6481704759719399,-0.6541403428992154,-0.005969866927275533,0.32645161290322583,0.3273845392293863,0.0009329263261604881
LARRY_mouse4,AMPL371644,Dynamic,1020,102,-0.6832010192473837,-0.6532624055080672,0.029938613739316493,0.5432258064516129,0.5527599295305916,0.009534123078978718
LARRY_mouse4,AMPL371773,Dynamic,1020,102,-0.6841042924361027,-0.6372015035772068,0.04690278885889591,0.5832258064516129,0.5797046160279501,0.0035211904236628344
LARRY_mouse4,AMPL371292,Static,1020,102,-0.6952715738753977,-0.5724912539050447,0.12278031997035296,0.4967741935483871,0.529481064843351,0.03270687129496391
LARRY_mouse4,AMPL376843,Dynamic,1020,102,-0.3746893814576878,-0.3488904092820975,0.025798972175590285,0.8748387096774194,0.890224314402872,0.015385604725452584
LARRY_mouse4,AMPL390223,Static,1020,102,-0.6783416309638659,-0.5636707716618421,0.11467085930202375,0.36,0.34173335875438177,0.01826664124561822
LARRY_mouse4,AMPL371812,Static,1020,102,-0.49074452168568583,-0.3551090038672763,0.13563551781840952,0.8206451612903226,0.8395407221635611,0.018895560873238515
LARRY_mouse4,AMPL390215,Dynamic,1020,102,-0.010050335853501265,-0.010050335853501265,0,1,1,0
LARRY_mouse4,AMPL371589,Dynamic,1020,102,-0.6623919154986354,-0.6631765088057429,-0.0007845933071074146,0.5793548387096774,0.5841550250508125,0.004800186341135104
LARRY_mouse4,AMPL371389,Dynamic,1020,102,-0.3974925511457892,-0.3990025229634636,-0.00150997181767445,0.8464516129032258,0.8474459134271861,0.000994300523960323
LARRY_mouse4,AMPL371265,Dynamic,1020,102,-0.6179888916606269,-0.616719360606212,0.0012695310544149478,0.6645161290322581,0.6824277626165474,0.017911633584289266
LARRY_mouse4,AMPL366159,Dynamic,1020,102,-0.602887352340869,-0.6069705812107152,-0.004083228869846304,0.6761290322580645,0.6905892271788038,0.014460194920739244
LARRY_mouse4,AMPL371654,Dynamic,1020,102,-0.5367876345820755,-0.5021435338445719,0.03464410073750349,0.7974193548387096,0.7949291641684385,0.0024901906702711196
LARRY_mouse4,AMPL355947,Dynamic,1020,102,-0.5498273174438896,-0.5197880681260431,0.03003924931784655,0.7612903225806451,0.7736031057061009,0.012312783125455806
LARRY_mouse4,AMPL390594,Dynamic,1020,102,-0.019210680206051187,-0.0195004745635795,-0.00028979435752831073,0.9987096774193548,0.9983164983164983,0.00039317910285652236
LARRY_mouse4,AMPL355546,Dynamic,1020,102,-0.6000921057787375,-0.6045953301321814,-0.004503224353443865,0.6412903225806451,0.6390564577761392,0.002233864804505936
LARRY_mouse4,AMPL355932,Dynamic,1020,102,-0.3582392226502072,-0.34126352243842745,0.01697570021177971,0.8929032258064517,0.897324586247007,0.0044213604405553
LARRY_mouse4,AMPL365895,Dynamic,1020,102,-0.6146317073569898,-0.6176251526785108,-0.002993445321521012,0.6864516129032258,0.6998723790280262,0.013420766124800476
LARRY_mouse4,AMPL365894,Dynamic,1020,102,-0.6531026788553336,-0.6556230307617216,-0.0025203519063880134,0.5870967741935483,0.5840343523571137,0.003062421836434681
LARRY_mouse4,AMPL355545,Dynamic,1020,102,-0.07676528790580846,-0.07999799922784626,-0.0032327113220377967,0.9870967741935484,0.9845144152035648,0.002582358989983602
LARRY_mouse4,AMPL365945,Dynamic,1020,102,-0.6972528465512173,-0.7058430918331615,-0.008590245281944103,0.5535483870967742,0.5469594680668707,0.0065889190299035505
LARRY_mouse4,AMPL365823,Dynamic,1020,102,-0.6858262680522491,-0.6824622242495095,0.0033640438027396605,0.4593548387096774,0.4690423790609664,0.009687540351288992
LARRY_mouse4,AMPL365750,Dynamic,1020,102,-0.6009883145854681,-0.6005491622781399,0.00043915230732812806,0.6761290322580645,0.7008182356978837,0.024689203439819174
LARRY_mouse4,AMPL371732,Static,1020,102,-0.6946826104600257,-0.6365046434126672,0.058177967047358455,0.5548387096774193,0.5570066643208624,0.002167954643443104
LARRY_mouse4,AMPL371479,Dynamic,1020,102,-0.5929531591783149,-0.5811994694793985,0.011753689698916474,0.7290322580645161,0.7291803369006222,0.0001480788361061247
LARRY_mouse4,AMPL371488,Dynamic,1020,102,-0.7038789238171891,-0.6763280900699635,0.02755083374722555,0.49032258064516127,0.5287506695043764,0.03842808885921517
LARRY_mouse4,AMPL365844,Static,1020,102,-0.6864456734011104,-0.656640621164151,0.029805052236959312,0.4335483870967742,0.4372925361023679,0.003744149005593722
LARRY_mouse4,AMPL365790,Dynamic,1020,102,-0.14849914151069835,-0.14872603295465045,-0.00022689144395210786,0.9716129032258064,0.9759091831082339,0.004296279882427534
LARRY_mouse4,AMPL371358,Dynamic,1020,102,-0.6809286573776914,-0.6817371319150353,-0.0008084745373438119,0.4038709677419355,0.43480942507061476,0.03093845732867928
LARRY_mouse4,AMPL371262,Dynamic,1020,102,-0.6077794789986599,-0.6106959122936457,-0.002916433294985814,0.6774193548387096,0.7007184841631799,0.023299129324470313
LARRY_mouse4,AMPL366082,Dynamic,1020,102,-0.6332911650386557,-0.6345091988837586,-0.0012180338451028717,0.6219354838709678,0.6467482749766278,0.024812791105660037
LARRY_mouse4,AMPL365923,Dynamic,1020,102,-0.676536035946758,-0.6383897548437929,0.03814628110296513,0.3870967741935484,0.39187997617487214,0.004783201981323759
LARRY_mouse4,AMPL390593,Dynamic,1020,102,-0.5501424687620466,-0.5369491322469858,0.013193336515060836,0.752258064516129,0.7581349959758361,0.005876931459707135
LARRY_mouse4,AMPL366042,Dynamic,1020,102,-0.6881556184439653,-0.6918432987596528,-0.003687680315687426,0.5535483870967742,0.5512490027601346,0.002299384336639676
LARRY_mouse4,AMPL371491,Dynamic,1020,102,-0.5267380424242265,-0.5072809588543705,0.019457083569856017,0.7832258064516129,0.7948718848723796,0.011646078420766703
LARRY_mouse4,AMPL376551,Dynamic,1020,102,-0.5301590838167504,-0.5336642331202918,-0.0035051493035413673,0.7380645161290322,0.7369282148505243,0.0011363012785079452
LARRY_mouse4,AMPL376320,Static,1020,102,-0.575732238291952,-0.570492557343484,0.0052396809484679015,0.7470967741935484,0.7529579497487688,0.005861175555220477
LARRY_mouse4,AMPL389990,Dynamic,1020,102,-0.6685802253250543,-0.6740801633805226,-0.005499938055468237,0.6270967741935484,0.6363045232342114,0.009207749040663016
LARRY_mouse4,AMPL366090,Dynamic,1020,102,-0.6374974047403664,-0.6262580613155513,0.011239343424815125,0.3535483870967742,0.36777549555930744,0.014227108462533222
LARRY_mouse4,AMPL376917,Dynamic,1020,102,-0.6382596226360352,-0.638648833999657,-0.0003892113636217854,0.38064516129032255,0.3891785820644209,0.008533420774098355
LARRY_mouse4,AMPL388261,Dynamic,1020,102,-0.47893821474324,-0.45105553735278864,0.02788267739045136,0.807741935483871,0.7991227684214034,0.00861916706246757
LARRY_mouse4,AMPL366052,Dynamic,1020,102,-0.6099040963826052,-0.6066091079713378,0.0032949884112674546,0.6490322580645161,0.6810143406725926,0.031982082608076445
LARRY_mouse4,AMPL366022,Dynamic,1020,102,-0.5674338601312732,-0.5683370289111341,-0.0009031687798609238,0.687741935483871,0.6961906340317302,0.008448698547859235
LARRY_mouse4,AMPL388732,Dynamic,1020,102,-0.6597122240858463,-0.6588568064033379,0.0008554176825084908,0.6129032258064516,0.644146107379851,0.031242881573399384
LARRY_mouse4,AMPL390601,Static,1020,102,-0.5524023504716745,-0.44723212046993627,0.10517023000173822,0.7496774193548387,0.7782106981341474,0.02853327877930878
LARRY_mouse4,AMPL366088,Dynamic,1020,102,-0.6689347203921032,-0.6657939876413277,0.0031407327507755175,0.4258064516129032,0.45275322324370676,0.026946771630803557
LARRY_mouse4,AMPL365853,Dynamic,1020,102,-0.6624359225310195,-0.6626990188810183,-0.000263096349998834,0.39741935483870966,0.39597620351662677,0.0014431513220828918
LARRY_mouse4,AMPL390570,Static,1020,102,-0.5726309912647394,-0.49493557122501564,0.07769542003972377,0.7612903225806451,0.7045831191562885,0.056707203424356645
LARRY_mouse4,AMPL366029,Static,1020,102,-0.4827932018787708,-0.45556918074512687,0.0272240211336439,0.1625806451612903,0.1920693569661267,0.029488711804836393
LARRY_mouse4,AMPL388788,Dynamic,1020,102,-0.6816836656147092,-0.6752068324183009,0.006476833196408208,0.4838709677419355,0.49892963461981643,0.015058666877880933
LARRY_mouse4,AMPL365896,Dynamic,1020,102,-0.3728860797221874,-0.36556963074893073,0.007316448973256675,0.8735483870967742,0.8878848825115657,0.014336495414791539
LARRY_mouse4,AMPL388408,Static,1020,102,-0.6828697417086733,-0.5977552127118687,0.08511452899680452,0.5703225806451613,0.5892923400180622,0.018969759372900907
LARRY_mouse4,AMPL388483,Dynamic,1020,102,-0.6736631977488373,-0.6821374612213253,-0.00847426347248812,0.6051612903225806,0.6034175137343633,0.0017437765882173384
LARRY_mouse4,AMPL389970,Dynamic,1020,102,-0.6534894865302777,-0.6538051563096465,-0.0003156697793687557,0.6283870967741936,0.6228057134056083,0.005581383368585269
LARRY_mouse4,AMPL388223,Dynamic,1020,102,-0.13513963757606517,-0.13624494891356012,-0.001105311337494966,0.9703225806451613,0.9741809704679462,0.003858389822784858
LARRY_mouse4,AMPL365981,Dynamic,1020,102,-0.536940496628034,-0.5286201543796769,0.008320342248357052,0.2103225806451613,0.2178956130987228,0.007573032453561501
LARRY_mouse4,AMPL390597,Dynamic,1020,102,-0.6891571811761573,-0.6938887683987406,-0.0047315872225832814,0.47870967741935483,0.5057858554758097,0.027076178056454847
LARRY_mouse4,AMPL366053,Dynamic,1020,102,-0.537078728476533,-0.5270492985812505,0.010029429895282603,0.23225806451612904,0.26251144489947426,0.030253380383345213
LARRY_mouse4,AMPL390487,Dynamic,1020,102,-0.6417247564708609,-0.6484591719361734,-0.0067344154653125425,0.6425806451612903,0.6383533760025375,0.004227269158752822
LARRY_mouse4,AMPL376483,Dynamic,1020,102,-0.514658149933933,-0.5189901185749353,-0.004331968641002179,0.7909677419354839,0.7873215869114024,0.003646155024081499
LARRY_mouse4,AMPL388272,Static,1020,102,-0.4167950696289598,-0.3651780787322104,0.05161699089674938,0.864516129032258,0.837391810375854,0.02712431865640408
LARRY_mouse4,AMPL388655,Dynamic,1020,102,-0.6882639371001307,-0.6895422027187214,-0.0012782656185906633,0.43483870967741933,0.42946474040830757,0.005373969269111767
LARRY_mouse4,AMPL390581,Dynamic,1020,102,-0.12998419586180412,-0.13004834587526554,-0.00006415001346139808,0.9729032258064516,0.9624976655262364,0.01040556028021522
LARRY_mouse4,AMPL388628,Static,1020,102,-0.5309336841928594,-0.5236103865257411,0.007323297667118274,0.7883870967741935,0.7897044294121413,0.0013173326379477546
LARRY_mouse4,AMPL376587,Dynamic,1020,102,-0.6738835759270574,-0.6509007957659179,0.022982780161139568,0.5651612903225807,0.5836121578087609,0.01845086748618019
LARRY_mouse4,AMPL388291,Dynamic,1020,102,-0.6880266024818406,-0.6852424461106745,0.0027841563711659798,0.5187096774193548,0.5377472969123982,0.01903761949304339
LARRY_mouse4,AMPL376465,Static,1020,102,-0.48171229958853795,-0.3736157542677201,0.10809654532081786,0.7948387096774193,0.8281054305927341,0.033266720915314796
LARRY_mouse4,AMPL388609,Dynamic,1020,102,-0.06228130365217503,-0.06420181113978941,-0.001920507487614387,0.9883870967741936,0.9859838927939849,0.002403203980208657
LARRY_mouse4,AMPL389976,Dynamic,1020,102,-0.010050335853501265,-0.010050335853501265,0,1,1,0
LARRY_mouse4,AMPL388660,Dynamic,1020,102,-0.32255729777266745,-0.31663172889888974,0.005925568873777708,0.9058064516129032,0.9056832110944959,0.000123240518407286
LARRY_mouse4,AMPL388807,Dynamic,1020,102,-0.6139947525134956,-0.6225438263813167,-0.008549073867821147,0.3058064516129032,0.30816171365509903,0.002355262042195827
LARRY_mouse4,AMPL388710,Dynamic,1020,102,-0.6818205780965878,-0.6810228139734996,0.0007977641230881687,0.38193548387096776,0.38022039028643845,0.0017150935845293147
LARRY_mouse4,AMPL388618,Dynamic,1020,102,-0.09827039546017335,-0.10050113986485214,-0.0022307444046787746,0.9806451612903225,0.9828899343658495,0.0022447730755269513
LARRY_mouse4,AMPL365753,Dynamic,1020,102,-0.6869001737275031,-0.6688046166759258,0.018095557051577213,0.6154838709677419,0.5972247261914384,0.018259144776303526
LARRY_mouse4,AMPL388620,Static,1020,102,-0.6136774668701781,-0.5307530688431622,0.08292439802701589,0.704516129032258,0.6993273027261466,0.005188826306111394
LARRY_mouse4,AMPL376501,Dynamic,1020,102,-0.05816391079638625,-0.059201074128656175,-0.0010371633322699251,0.9883870967741936,0.9914654817075766,0.0030783849333830826
LARRY_mouse4,AMPL376938,Dynamic,1020,102,-0.3592746287281462,-0.3627981800990512,-0.003523551370904991,0.8838709677419355,0.8779966836367327,0.005874284105202854
LARRY_mouse4,AMPL376318,Dynamic,1020,102,-0.6511934494608735,-0.6452128549537165,0.005980594507157071,0.35870967741935483,0.37164636683510566,0.012936689415750824
LARRY_mouse4,AMPL376298,Static,1020,102,-0.4507123665992453,-0.4238375810652631,0.02687478553398217,0.8387096774193549,0.8438833797895156,0.005173702370160682
LARRY_mouse4,AMPL388818,Dynamic,1020,102,-0.6072532978346852,-0.6083497429942203,-0.001096445159535118,0.30193548387096775,0.30295568089034663,0.0010201970193788878
LARRY_mouse4,AMPL371802,Dynamic,1020,102,-0.6384655176295935,-0.6063959654971411,0.03206955213245237,0.6451612903225806,0.6978359228122663,0.052674632489685624
LARRY_mouse4,AMPL388428,Dynamic,1020,102,-0.19810504780422483,-0.18912819774424647,0.008976850059978357,0.04387096774193548,0.057186137926052066,0.013315170184116584
LARRY_mouse4,AMPL390606,Dynamic,1020,102,-0.16659112192510972,-0.1677160463418681,-0.0011249244167583815,0.9612903225806452,0.9519331656716183,0.009357156909026831
LARRY_mouse4,AMPL388351,Dynamic,1020,102,-0.6461443045522589,-0.6484566793710922,-0.002312374818833249,0.6606451612903226,0.6628451824086252,0.002200021118302642
LARRY_mouse4,AMPL371757,Dynamic,1020,102,-0.5325902838885581,-0.48969170285440583,0.04289858103415223,0.7935483870967742,0.8098952655482455,0.016346878451471314
LARRY_mouse4,AMPL388260,Static,1020,102,-0.5095341502095441,-0.49356632423825547,0.015967825971288655,0.7974193548387096,0.7944162480827661,0.0030031067559435076
LARRY_mouse4,AMPL388402,Dynamic,1020,102,-0.2178302200819351,-0.2108120889340534,0.007018131147881694,0.9458064516129032,0.9507787466195236,0.004972295006620331
LARRY_mouse4,AMPL388730,Dynamic,1020,102,-0.22334475739630413,-0.23016760613623546,-0.006822848739931338,0.944516129032258,0.9392097514628417,0.005306377569416321
LARRY_mouse4,AMPL388354,Dynamic,1020,102,-0.5123211717222869,-0.5221653217950915,-0.009844150072804576,0.7870967741935484,0.7993406013277926,0.012243827134244212
LARRY_mouse4,AMPL388447,Dynamic,1020,102,-0.12443016195018386,-0.13219088906958779,-0.007760727119403912,0.9703225806451613,0.970409376256546,0.0000867956113846935
LARRY_mouse4,AMPL390547,Dynamic,1020,102,-0.6737730575855161,-0.659600034209468,0.014173023376048043,0.41419354838709677,0.42065645191995615,0.006462903532859388
LARRY_mouse4,AMPL390256,Dynamic,1020,102,-0.6799760668984832,-0.6515492907522646,0.028426776146218524,0.40258064516129033,0.42189594633357874,0.019315301172288413
LARRY_mouse4,AMPL388671,Dynamic,1020,102,-0.3972670708118798,-0.4065717151295131,-0.00930464431763332,0.12,0.12113463055399933,0.00113463055399933
LARRY_mouse4,AMPL390079,Static,1020,102,-0.5971801751830748,-0.5140508059442559,0.08312936923881892,0.7161290322580646,0.7127094286267729,0.003419603631291679
LARRY_mouse4,AMPL376650,Dynamic,1020,102,-0.2582496469448709,-0.25319594630398895,0.005053700640881937,0.07225806451612904,0.07142186603337505,0.0008361984827539859
LARRY_mouse4,AMPL388631,Static,1020,102,-0.3987120015203236,-0.3592350241529757,0.03947697736734792,0.8709677419354839,0.8459707166330706,0.024997025302413323
LARRY_mouse4,AMPL388514,Dynamic,1020,102,-0.41666795205113816,-0.3214190750413823,0.09524887700975583,0.8541935483870968,0.88788427817424,0.03369072978714316
LARRY_mouse4,AMPL376689,Dynamic,1020,102,-0.488460645523548,-0.48932339527613883,-0.0008627497525907859,0.1832258064516129,0.18799739321212083,0.004771586760507929
LARRY_mouse4,AMPL366150,Dynamic,1020,102,-0.12585720705534162,-0.12144142302325751,0.004415784032084108,0.9806451612903225,0.9808008630272498,0.00015570173692724953
LARRY_mouse4,AMPL390130,Static,1020,102,-0.33725605928838615,-0.31853189209318594,0.018724167195200196,0.8980645161290323,0.873694538476674,0.024369977652358266
LARRY_mouse4,AMPL376310,Static,1020,102,-0.43725810097127277,-0.33276815569794205,0.10448994527333072,0.8425806451612903,0.8710323201813933,0.02845167502010304
LARRY_mouse4,AMPL388761,Static,1020,102,-0.390730016068586,-0.3802103326328111,0.010519683435774866,0.8670967741935484,0.866786831607948,0.0003099425856003535
LARRY_mouse4,AMPL388758,Dynamic,1020,102,-0.5129657788520661,-0.5114845438933554,0.0014812349587105822,0.7987096774193548,0.7932792549735528,0.005430422445802052
LARRY_mouse4,AMPL388232,Dynamic,1020,102,-0.6621807723234417,-0.6580768029187204,0.004103969404721341,0.6167741935483871,0.6199347522360484,0.0031605586876612968
LARRY_mouse4,AMPL366102,Dynamic,1020,102,-0.6647199596116711,-0.6602604546778434,0.004459504933827715,0.35870967741935483,0.34097417688029513,0.0177355005390597
LARRY_mouse4,AMPL388861,Static,1020,102,-0.6162436926113476,-0.6142614949962243,0.001982197615123315,0.6929032258064516,0.7065254714692664,0.01362224566281478
LARRY_mouse4,AMPL376698,Dynamic,1020,102,-0.43167468106815726,-0.4079625395026027,0.02371214156555457,0.8541935483870968,0.8270131761727705,0.027180372214326343
LARRY_mouse4,AMPL388801,Dynamic,1020,102,-0.6615724722385906,-0.6597141375767928,0.001858334661797886,0.3741935483870968,0.3716575888068771,0.002535959580219682
LARRY_mouse4,AMPL388346,Dynamic,1020,102,-0.2848405558711575,-0.2964100545823169,-0.011569498711159443,0.9225806451612903,0.9337519220185829,0.011171276857292578
LARRY_mouse4,AMPL388246,Dynamic,1020,102,-0.5760350622129027,-0.5776860879270274,-0.0016510257141246756,0.6993548387096774,0.7031507117561783,0.003795873046500864
LARRY_mouse4,AMPL388335,Dynamic,1020,102,-0.680835993194325,-0.682734101234281,-0.0018981080399561167,0.5329032258064517,0.524610993680126,0.008292232126325683
LARRY_mouse4,AMPL388203,Dynamic,1020,102,-0.226378569079753,-0.2194776160247026,0.006900953055050419,0.04774193548387097,0.053391243935725176,0.0056493084518542055
LARRY_mouse4,AMPL388780,Dynamic,1020,102,-0.23795297801172113,-0.23448847975162876,0.003464498260092369,0.9419354838709677,0.942164619182221,0.00022913531125334785
LARRY_mouse4,AMPL376517,Dynamic,1020,102,-0.5746092175703541,-0.5386942649002388,0.035914952670115366,0.27225806451612905,0.26993189753563485,0.0023261669804942042
LARRY_mouse4,AMPL388186,Dynamic,1020,102,-0.3072886676451159,-0.3065784689731877,0.0007101986719282435,0.9083870967741936,0.9133063693046474,0.0049192725304537666
LARRY_mouse4,AMPL389962,Dynamic,1020,102,-0.4511520433362104,-0.4512252862425699,-0.00007324290635948523,0.16129032258064516,0.1464806052216958,0.01480971735894937
LARRY_mouse4,AMPL390347,Dynamic,1020,102,-0.019060502729873103,-0.019654447615406426,-0.000593944885533325,0.9974193548387097,0.9977439839572192,0.0003246291185095007
LARRY_mouse4,AMPL388535,Dynamic,1020,102,-0.02956134225250818,-0.03010049967631016,-0.0005391574238019821,0.9948387096774194,0.9924140674140673,0.0024246422633520393
LARRY_mouse4,AMPL390499,Dynamic,1020,102,-0.14997708344171407,-0.1505297653213992,-0.0005526818796851125,0.9729032258064516,0.975044425427621,0.0021411996211694317
LARRY_mouse4,AMPL388355,Dynamic,1020,102,-0.47788467880754476,-0.4829801427438911,-0.005095463936346315,0.8154838709677419,0.8173112909354178,0.0018274199676758807
LARRY_mouse4,AMPL388466,Dynamic,1020,102,-0.5599467082019097,-0.5651475771564279,-0.0052008689545182145,0.23483870967741935,0.23920901659915225,0.004370306921732903
LARRY_mouse4,AMPL371208,Dynamic,1020,102,-0.47266092157132905,-0.4802119744104458,-0.0075510528391167136,0.18064516129032257,0.16677065768931465,0.01387450360100792
LARRY_mouse4,AMPL376470,Dynamic,1020,102,-0.6775808723435619,-0.6794287342818299,-0.0018478619382680042,0.5083870967741936,0.5154785927571671,0.007091495982973539
LARRY_mouse4,AMPL390220,Dynamic,1020,102,-0.26244237129951864,-0.26744653717859157,-0.005004165879072935,0.9264516129032258,0.9188675048198304,0.00758410808339538
LARRY_mouse4,AMPL365733,Dynamic,1020,102,-0.6365186038634658,-0.6323677085230894,0.004150895340376337,0.30838709677419357,0.29892294666309654,0.009464150111097025
LARRY_mouse4,AMPL388527,Dynamic,1020,102,-0.010050335853501265,-0.010050335853501265,0,1,1,0
LARRY_mouse4,AMPL371607,Dynamic,1020,102,-0.5588425966102513,-0.5576219095896824,0.0012206870205688448,0.7574193548387097,0.7537945546870424,0.003624800151667329
LARRY_mouse4,AMPL366035,Dynamic,1020,102,-0.640668481368315,-0.6377434757553383,0.0029250056129766938,0.6774193548387096,0.6809374564773298,0.003518101638620208
LARRY_mouse4,AMPL388561,Dynamic,1020,102,-0.4751952932050317,-0.47971116034075284,-0.004515867135721156,0.8361290322580646,0.8343623104311264,0.0017667218269381557
LARRY_mouse4,AMPL388770,Dynamic,1020,102,-0.6789161724493604,-0.6868824544591948,-0.007966282009834355,0.44129032258064516,0.430569452134528,0.010720870446117137
LARRY_mouse4,AMPL376449,Static,1020,102,-0.5764402789970666,-0.4970657619963344,0.07937451700073224,0.7161290322580646,0.7399252574102323,0.023796225152167727
LARRY_mouse4,AMPL388341,Dynamic,1020,102,-0.7025551895452864,-0.7006197581093354,0.0019354314359509763,0.5419354838709678,0.5149538987614282,0.02698158510953963
LARRY_mouse4,AMPL388743,Static,1020,102,-0.6837676229945141,-0.6850559628367743,-0.001288339842260172,0.5754838709677419,0.5963506139171275,0.02086674294938562
LARRY_mouse4,AMPL389965,Static,1020,102,-0.6668066756071698,-0.6135773427225839,0.05322933288458582,0.6245161290322581,0.6557468847685651,0.03123075573630707
LARRY_mouse4,AMPL390408,Dynamic,1020,102,-0.46683389875100745,-0.45993598835509186,0.006897910395915621,0.8154838709677419,0.8280484254961429,0.012564554528400995
LARRY_mouse4,AMPL388704,Dynamic,1020,102,-0.35980881045860885,-0.3376092380112873,0.022199572447321573,0.8851612903225806,0.9123218894172368,0.02716059909465618
LARRY_mouse4,AMPL376822,Static,1020,102,-0.5588262793350354,-0.47863835561390294,0.08018792372113251,0.7406451612903225,0.727708113168248,0.012937048122074524
LARRY_mouse4,AMPL388622,Dynamic,1020,102,-0.05531736059566502,-0.05677703337321809,-0.0014596727775530787,0.9935483870967742,0.994396645021645,0.0008482579248708655
LARRY_mouse4,AMPL388484,Static,1020,102,-0.34856711790055667,-0.30569010719248124,0.0428770107080754,0.8980645161290323,0.857666558189546,0.040397957939486306
LARRY_mouse4,AMPL365968,Dynamic,1020,102,-0.6660594726757921,-0.6658378781540496,0.0002215945217425114,0.6245161290322581,0.63940477435933,0.014888645327071903
LARRY_mouse4,AMPL388686,Dynamic,1020,102,-0.25815462850521037,-0.21805070528642911,0.040103923218781264,0.9329032258064516,0.9095996768641211,0.023303548942330443
LARRY_mouse4,AMPL388512,Dynamic,1020,102,-0.2949415130266657,-0.25539627214426447,0.03954524088240123,0.9225806451612903,0.9005057181650284,0.0220749269962619
LARRY_mouse4,AMPL388458,Static,1020,102,-0.6049332895695113,-0.4798377893933967,0.1250955001761146,0.7264516129032258,0.7389422905668559,0.012490677663630101
LARRY_mouse4,AMPL366136,Dynamic,1020,102,-0.43743811984948205,-0.4469732288969733,-0.009535109047491221,0.14451612903225808,0.14264210840537397,0.0018740206268841042
LARRY_mouse4,AMPL376502,Dynamic,1020,102,-0.18222283709048911,-0.17502634337592976,0.007196493714559354,0.9561290322580646,0.9567583877340162,0.0006293554759516651
LARRY_mouse4,AMPL388549,Dynamic,1020,102,-0.45197593891041654,-0.4479988307644436,0.003977108145972956,0.8361290322580646,0.8276903825678383,0.00843864969022623
LARRY_mouse4,AMPL371643,Static,1020,102,-0.6993922624734118,-0.6909447378929299,0.00844752458048184,0.5535483870967742,0.5818455037143666,0.028297116617592377
LARRY_mouse4,AMPL388299,Dynamic,1020,102,-0.6843618099303482,-0.6650594692496832,0.019302340680665043,0.42451612903225805,0.4542886449309936,0.02977251589873553
LARRY_mouse4,AMPL388285,Dynamic,1020,102,-0.6921725949812267,-0.6704886770816729,0.021683917899553772,0.5509677419354839,0.5557007327179004,0.004732990782416513
LARRY_mouse4,AMPL388552,Dynamic,1020,102,-0.41634450833575765,-0.4103181791145057,0.0060263292212519946,0.8567741935483871,0.8634260285197835,0.00665183497139632
LARRY_mouse4,AMPL388638,Dynamic,1020,102,-0.6588019104939277,-0.5905941537140825,0.0682077567798451,0.36129032258064514,0.3554085431855303,0.005881779395114861
LARRY_mouse4,AMPL388473,Dynamic,1020,102,-0.19664439166550582,-0.18884332392159506,0.007801067743910754,0.9561290322580646,0.9480001969261033,0.008128835331961293
LARRY_mouse4,AMPL388347,Dynamic,1020,102,-0.30644413755508276,-0.31695729096178754,-0.010513153406704775,0.9096774193548387,0.9136015308991362,0.003924111544297504
LARRY_mouse4,AMPL390420,Static,1020,102,-0.34388910119178073,-0.27326523545235515,0.0706238657394256,0.8851612903225806,0.9156415445147242,0.03048025419214362
LARRY_mouse4,AMPL376955,Dynamic,1020,102,-0.3988403605605749,-0.37504344094313574,0.023796919617439183,0.8696774193548387,0.9037499166544251,0.03407249729958639
LARRY_mouse4,AMPL388551,Dynamic,1020,102,-0.6260434755052829,-0.6248304710234985,0.001213004481784466,0.7096774193548387,0.7005307369497046,0.009146682405134166
LARRY_mouse4,AMPL388395,Static,1020,102,-0.5171235530953754,-0.48230707165220776,0.03481648144316755,0.7858064516129032,0.7981983743779596,0.012391922765056407
LARRY_mouse4,AMPL376948,Dynamic,1020,102,-0.19976568981901965,-0.20389881961899825,-0.0041331297999785835,0.9612903225806452,0.9521370684351183,0.009153254145526923
LARRY_mouse4,AMPL388262,Dynamic,1020,102,-0.5965146692184145,-0.5796046709543032,0.016909998264111215,0.7032258064516129,0.733704650485337,0.03047884403372403
LARRY_mouse4,AMPL376497,Dynamic,1020,102,-0.2288744338705519,-0.23345132050371226,-0.0045768866331603614,0.9509677419354838,0.9410504148015125,0.00991732713397131
LARRY_mouse4,AMPL376696,Dynamic,1020,102,-0.22812434694525127,-0.23656742877713807,-0.008443081831886808,0.9393548387096774,0.939046182081085,0.0003086566285923631
LARRY_mouse4,AMPL388462,Static,1020,102,-0.45867470706776137,-0.33882081771842637,0.11985388934933502,0.824516129032258,0.8616143603164447,0.037098231284186656
LARRY_mouse4,AMPL388705,Dynamic,1020,102,-0.3165859081388988,-0.31972208745859143,-0.003136179319692663,0.9187096774193548,0.9148397852153103,0.003869892204044545
LARRY_mouse4,AMPL388399,Dynamic,1020,102,-0.20288839611727708,-0.21026920410607378,-0.007380807988796678,0.9535483870967741,0.9583592290175877,0.004810841920813602
LARRY_mouse4,AMPL365899,Dynamic,1020,102,-0.019200480028095716,-0.019491680349362713,-0.00029120032126699774,0.9974193548387097,0.9978773239642804,0.000457969125570723
LARRY_mouse4,AMPL388227,Dynamic,1020,102,-0.02390525224106755,-0.024212422369477557,-0.0003071701284100061,0.9987096774193548,0.9990530303030303,0.0003433528836754851
LARRY_mouse4,AMPL390407,Static,1020,102,-0.3951381899606258,-0.34004337338621093,0.05509481657441486,0.9070967741935484,0.9075349626154671,0.0004381884219186727
LARRY_mouse4,AMPL376300,Dynamic,1020,102,-0.6411375971085848,-0.6202796380392419,0.020857959069342888,0.6838709677419355,0.6701127500003731,0.013758217741562384
LARRY_mouse4,AMPL371550,Dynamic,1020,102,-0.05396756756873589,-0.054582974444633156,-0.00061540687589726,0.9922580645161291,0.9924889575414311,0.00023089302530199252
LARRY_mouse4,AMPL388498,Dynamic,1020,102,-0.03415414967880558,-0.03440877013573166,-0.00025462045692607494,0.9948387096774194,0.9915723165723165,0.003266393105102905
LARRY_mouse4,AMPL388576,Dynamic,1020,102,-0.6513703031775103,-0.6441367949012583,0.007233508276252054,0.6283870967741936,0.6077844637650606,0.02060263300913301
LARRY_mouse4,AMPL388583,Dynamic,1020,102,-0.17629459587201204,-0.15127977346438817,0.025014822407623857,0.9638709677419355,0.9441909073263851,0.01968006041555037
LARRY_mouse4,AMPL388659,Dynamic,1020,102,-0.5308424274287559,-0.539172022098876,-0.008329594670120139,0.7406451612903225,0.7444290966245224,0.0037839353341998505
LARRY_mouse4,AMPL388196,Dynamic,1020,102,-0.6853996485331026,-0.6620203915902201,0.02337925694288265,0.5716129032258065,0.5610361984127535,0.01057670481305295
LARRY_mouse4,AMPL365903,Dynamic,1020,102,-0.5011615452669572,-0.5055080046802578,-0.004346459413300649,0.7716129032258064,0.7842510096543841,0.012638106428577656
LARRY_mouse4,AMPL388787,Dynamic,1020,102,-0.6102443690171946,-0.5453158546100823,0.06492851440711243,0.704516129032258,0.6774518010894283,0.027064327942829758
LARRY_mouse4,AMPL371416,Dynamic,1020,102,-0.43325455408014424,-0.4138052911005335,0.01944926297961071,0.13806451612903226,0.1428764030897432,0.004811886960710943
LARRY_mouse4,AMPL388516,Dynamic,1020,102,-0.13600811617533742,-0.09363337360350533,0.04237474257183208,0.9664516129032258,0.9550528679221286,0.011398744981097164
LARRY_mouse4,AMPL388340,Dynamic,1020,102,-0.4292053403818811,-0.4012167305567203,0.02798860982516078,0.8722580645161291,0.8758391925483208,0.0035811280321916827
LARRY_mouse4,AMPL390342,Dynamic,1020,102,-0.4770648605706558,-0.41492876285714236,0.062136097713513444,0.8193548387096774,0.7831565601002071,0.036198278609470336
LARRY_mouse4,AMPL390501,Static,1020,102,-0.3226202290882435,-0.30451963272354565,0.018100596364697828,0.9019354838709678,0.895021458972413,0.006914024898554749
LARRY_mouse4,AMPL371192,Dynamic,1020,102,-0.14790183060341514,-0.14448869542488516,0.0034131351785299667,0.967741935483871,0.9730500265581072,0.005308091074236243
LARRY_mouse4,AMPL371350,Dynamic,1020,102,-0.4099954329084347,-0.4112654587788583,-0.0012700258704235663,0.8503225806451613,0.861341687974043,0.011019107328881672
LARRY_mouse4,AMPL371563,Dynamic,1020,102,-0.6868268885534329,-0.6830115074063772,0.0038153811470556767,0.5883870967741935,0.5938574562211206,0.005470359446927087
LARRY_mouse4,AMPL388519,Dynamic,1020,102,-0.6817575155664197,-0.587793642933468,0.09396387263295163,0.5948387096774194,0.5708043823659812,0.024034327311438175
LARRY_mouse4,AMPL371481,Dynamic,1020,102,-0.4425616997973395,-0.4452949501210744,-0.00273325032373486,0.864516129032258,0.8531378698917038,0.011378259140554237
LARRY_mouse4,AMPL388523,Dynamic,1020,102,-0.5908584550124213,-0.5973876796178521,-0.006529224605430821,0.27225806451612905,0.2798254350494718,0.0075673705333427765
LARRY_mouse4,AMPL371259,Dynamic,1020,102,-0.5830648516925856,-0.5751576573676866,0.00790719432489894,0.7303225806451613,0.6977618728746726,0.032560707770488695
LARRY_mouse4,AMPL371738,Static,1020,102,-0.5226653283648668,-0.3957516408969392,0.12691368746792756,0.7664516129032258,0.7259513895018468,0.04050022340137904
LARRY_mouse4,AMPL378293,Dynamic,1020,102,-0.7034998531274277,-0.7152306109875566,-0.011730757860128867,0.5135483870967742,0.5282817211918501,0.014733334095075934
LARRY_mouse4,AMPL376786,Dynamic,1020,102,-0.3486951006300321,-0.33643847742312477,0.01225662320690734,0.8993548387096775,0.9011601963091884,0.0018053575995109483
LARRY_mouse4,AMPL388308,Dynamic,1020,102,-0.1947964982631576,-0.19978844870787354,-0.00499195044471597,0.9651612903225807,0.9700619552606141,0.004900664938033428
LARRY_mouse4,AMPL388781,Static,1020,102,-0.6516501758328807,-0.6090764025904126,0.04257377324246798,0.6412903225806451,0.6414644025243985,0.0001740799437534024
LARRY_mouse4,AMPL371745,Dynamic,1020,102,-0.6208483476886634,-0.6223096457962203,-0.0014612981075569063,0.6825806451612904,0.6836403133929438,0.0010596682316534878
LARRY_mouse4,AMPL388745,Static,1020,102,-0.47366590317205964,-0.41106985220059117,0.06259605097146849,0.8167741935483871,0.794136129572539,0.02263806397584811
LARRY_mouse4,AMPL388463,Dynamic,1020,102,-0.5810703656403214,-0.5758155158663526,0.005254849773968754,0.7496774193548387,0.7484357454862942,0.0012416738685444573
LARRY_mouse4,AMPL388544,Dynamic,1020,102,-0.10332054277651549,-0.10462105588832796,-0.0013005131118124695,0.9819354838709677,0.9812086416294092,0.0007268422415585007
LARRY_mouse4,AMPL389969,Dynamic,1020,102,-0.07380971398243885,-0.07621424041507512,-0.0024045264326362564,0.9883870967741936,0.9884351394652778,0.00004804269108427128
LARRY_mouse4,AMPL388279,Static,1020,102,-0.3904567664050307,-0.3489924288053352,0.041464337599695436,0.863225806451613,0.8799910452290539,0.01676523877744096
LARRY_mouse4,AMPL371202,Static,1020,102,-0.6441150350976371,-0.5222298736498538,0.12188516144778329,0.6335483870967742,0.6310158989385223,0.002532488158251911
LARRY_mouse4,AMPL371406,Dynamic,1020,102,-0.27543644887422003,-0.26915975463661357,0.006276694237606492,0.9212903225806451,0.9308368700763193,0.009546547495674185
LARRY_mouse4,AMPL390432,Static,1020,102,-0.35280277420214445,-0.3366869422227693,0.016115831979375154,0.8787096774193548,0.8573113617330239,0.021398315686330882
LARRY_mouse4,AMPL371562,Dynamic,1020,102,-0.038192034369604756,-0.03816671885113572,0.000025315518469036378,0.9922580645161291,0.9955022355207233,0.0032441710045941763
LARRY_mouse4,AMPL388465,Dynamic,1020,102,-0.6759537217468267,-0.615734025028809,0.060219696718017676,0.5922580645161291,0.6003046078786226,0.008046543362493552
LARRY_mouse4,AMPL371555,Static,1020,102,-0.3455833419951942,-0.3362248965923831,0.009358445402811114,0.8890322580645161,0.888086727137475,0.0009455309270410828
LARRY_mouse4,AMPL389988,Static,1020,102,-0.654400997727465,-0.6269725900199907,0.02742840770747423,0.6270967741935484,0.6087397708756898,0.01835700331785861
LARRY_mouse4,AMPL388836,Dynamic,1020,102,-0.5176796076735009,-0.5190647576224405,-0.0013851499489397148,0.7819354838709678,0.7996208547663504,0.01768537089538258
LARRY_mouse4,AMPL371674,Dynamic,1020,102,-0.12817605463805531,-0.13044734065136682,-0.0022712860133115033,0.9703225806451613,0.966806510312459,0.0035160703327022924
LARRY_mouse4,AMPL388468,Dynamic,1020,102,-0.17526176655326728,-0.17364102182126517,0.0016207447320021082,0.9625806451612903,0.9608885693148702,0.0016920758464200603
LARRY_mouse4,AMPL371466,Dynamic,1020,102,-0.6930342213908117,-0.6790068301399339,0.014027391250877876,0.4503225806451613,0.4630290032335459,0.012706422588384614
LARRY_mouse4,AMPL371764,Static,1020,102,-0.09439679571253907,-0.09267526154572607,0.0017215341668130088,0.9819354838709677,0.9789321168041561,0.003003367066811591
LARRY_mouse4,AMPL390235,Dynamic,1020,102,-0.15065953046269231,-0.13777559491078267,0.012883935551909661,0.967741935483871,0.973281802620038,0.005539867136167054
LARRY_mouse4,AMPL388782,Dynamic,1020,102,-0.09513704152986524,-0.09497498477939298,0.0001620567504722612,0.983225806451613,0.9848700735310554,0.0016442670794424297
LARRY_mouse4,AMPL390374,Dynamic,1020,102,-0.1766915840739074,-0.17935712614876317,-0.0026655420748557717,0.9587096774193549,0.9539724605947878,0.00473721682456707
LARRY_mouse4,AMPL371524,Dynamic,1020,102,-0.6530574817379298,-0.6556083769354594,-0.0025508951975296563,0.6580645161290323,0.6314422829790165,0.026622233150015773
LARRY_mouse4,AMPL390274,Dynamic,1020,102,-0.24280486552455702,-0.24730296854829656,-0.00449810302373953,0.9367741935483871,0.9342395774061056,0.002534616142281454
LARRY_mouse4,AMPL388433,Dynamic,1020,102,-0.5683408269520184,-0.5684115770915507,-0.00007075013953224287,0.743225806451613,0.7429979311630834,0.0002278752885295221
LARRY_mouse4,AMPL388242,Static,1020,102,-0.6911548978066417,-0.5190342031374958,0.17212069466914587,0.5625806451612904,0.5674594691156283,0.004878823954337919
LARRY_mouse4,AMPL388286,Dynamic,1020,102,-0.22592389406136235,-0.22463523624549128,0.001288657815871068,0.9458064516129032,0.9445043361815482,0.0013021154313550554
LARRY_mouse4,AMPL388579,Dynamic,1020,102,-0.07380220191088484,-0.07887708448257426,-0.005074882571689415,0.984516129032258,0.9865800408394356,0.0020639118071775764
LARRY_mouse4,AMPL388684,Static,1020,102,-0.6492906097264465,-0.5027271845380485,0.14656342518839796,0.6438709677419355,0.6736007198430334,0.02972975210109785
LARRY_mouse4,AMPL388795,Dynamic,1020,102,-0.13024507393600301,-0.12671695476245992,0.0035281191735430854,0.9780645161290322,0.9767225838235787,0.0013419323054535415
LARRY_mouse4,AMPL371656,Dynamic,1020,102,-0.26959678635459766,-0.2706235048920189,-0.0010267185374212707,0.927741935483871,0.9296125527869084,0.0018706173030373918
LARRY_mouse4,AMPL388365,Dynamic,1020,102,-0.3824813141057707,-0.3841919288838874,-0.0017106147781167274,0.8787096774193548,0.8846382846118692,0.0059286071925144235
