mouse,probe,class,heldout_cells,training_clones,protein_model_log_score,protein_plus_clone_log_score,log_score_gain,cell_weighted_beta,equal_clone_beta,absolute_reweighting_change
LARRY_mouse3,AMPL376447,Dynamic,1565,113,-0.4660990656530124,-0.47236069123048424,-0.0062616255774718445,0.17336485421591805,0.16806741959536278,0.005297434620555264
LARRY_mouse3,AMPL371137,Dynamic,1565,113,-0.6115035222423675,-0.6129507008027817,-0.0014471785604141863,0.6966115051221434,0.6785639635830993,0.018047541539044087
LARRY_mouse3,AMPL371170,Dynamic,1565,113,-0.49809297856984786,-0.5023752068529656,-0.004282228283117686,0.19227738376674547,0.19375283238485053,0.0014754486181050575
LARRY_mouse3,AMPL366134,Dynamic,1565,113,-0.3998345579881621,-0.40190195877016843,-0.002067400782006314,0.847123719464145,0.860011344695821,0.01288762523167597
LARRY_mouse3,AMPL366093,Dynamic,1565,113,-0.2934918258643553,-0.2992096389284957,-0.005717813064140432,0.0764381402679275,0.08390237590061624,0.007464235632688734
LARRY_mouse3,AMPL365920,Dynamic,1565,113,-0.20182513602690233,-0.2052665604964574,-0.003441424469555075,0.04885736800630418,0.046795158994288114,0.002062209012016064
LARRY_mouse3,AMPL366060,Dynamic,1565,113,-0.6722073337786314,-0.6857157658245666,-0.013508432045935147,0.4444444444444444,0.42258030367421384,0.021864140770230578
LARRY_mouse3,AMPL366212,Dynamic,1565,113,-0.6243466455104275,-0.6276125030945604,-0.0032658575841328793,0.6973995271867612,0.6974723474611892,0.00007282027442800931
LARRY_mouse3,AMPL355442,Dynamic,1565,113,-0.17531284660029273,-0.17597342406708957,-0.0006605774667968726,0.03546099290780142,0.027511990924576242,0.007949001983225179
LARRY_mouse3,AMPL355412,Dynamic,1565,113,-0.45998590684115503,-0.46184170236572974,-0.0018557955245747223,0.17178881008668243,0.16288149002315852,0.008907320063523905
LARRY_mouse3,AMPL371357,Dynamic,1565,113,-0.27552811756179046,-0.2782594248622018,-0.0027313073004113443,0.05988967691095351,0.06289894370229321,0.0030092667913396987
LARRY_mouse3,AMPL355970,Dynamic,1565,113,-0.6677880913823383,-0.5639035526470587,0.10388453873527959,0.6288416075650118,0.6621118790943682,0.033270271529356354
LARRY_mouse3,AMPL377391,Dynamic,1565,113,-0.5679395801178085,-0.5666977041295178,0.001241875988290803,0.25216706067769895,0.23789328931709625,0.014273771360602705
LARRY_mouse3,AMPL371668,Dynamic,1565,113,-0.5291512286303808,-0.5325410791107487,-0.003389850480367842,0.2127659574468085,0.22195122449947124,0.009185267052662732
LARRY_mouse3,AMPL365990,Dynamic,1565,113,-0.18137899743482272,-0.17599870580212143,0.005380291632701292,0.036249014972419225,0.034302062824598835,0.0019469521478203897
LARRY_mouse3,AMPL371572,Dynamic,1565,113,-0.6230090205236464,-0.6142549751450878,0.008754045378558652,0.6934594168636722,0.7074043534175182,0.013944936553845988
LARRY_mouse3,AMPL365938,Dynamic,1565,113,-0.6706550320711734,-0.6709162367337731,-0.00026120466259969155,0.4105594956658786,0.397652172754147,0.012907322911731633
LARRY_mouse3,AMPL365905,Dynamic,1565,113,-0.533960482111659,-0.5445715298366367,-0.01061104772497769,0.20803782505910165,0.20822170497289855,0.00018387991379689717
LARRY_mouse3,AMPL376910,Dynamic,1565,113,-0.6744891890314028,-0.6796248828711038,-0.0051356938397010546,0.40504334121355395,0.39192120431800237,0.013122136895551584
LARRY_mouse3,AMPL366045,Dynamic,1565,113,-0.2682910978945387,-0.2737835797507501,-0.005492481856211338,0.07092198581560284,0.05986249413775276,0.01105949167785008
LARRY_mouse3,AMPL376601,Dynamic,1565,113,-0.5995235352314064,-0.600774169071416,-0.0012506338400094965,0.2923561859732072,0.28586782291329205,0.006488363059915181
LARRY_mouse3,AMPL371758,Dynamic,1565,113,-0.3484415453366652,-0.36103313617685834,-0.012591590840193108,0.11426319936958235,0.10937187201533369,0.004891327354248659
LARRY_mouse3,AMPL366066,Dynamic,1565,113,-0.31704013234746636,-0.3267522757434756,-0.009712143396009211,0.09219858156028368,0.09056701970580022,0.0016315618544834598
LARRY_mouse3,AMPL355903,Dynamic,1565,113,-0.3469158121049211,-0.3512780613436742,-0.004362249238753042,0.1024428684003152,0.10335535338076374,0.000912484980448533
LARRY_mouse3,AMPL371618,Dynamic,1565,113,-0.561712370540044,-0.5532759871955817,0.008436383344462357,0.25295508274231676,0.25055161036352913,0.00240347237878763
LARRY_mouse3,AMPL371676,Dynamic,1565,113,-0.6477263251156858,-0.6530875738762022,-0.005361248760516264,0.6501182033096927,0.6532810737336332,0.003162870423940478
LARRY_mouse3,AMPL376711,Dynamic,1565,113,-0.4937875306129285,-0.5009556191758098,-0.007168088562881216,0.18124507486209615,0.18632799218757215,0.005082917325476
LARRY_mouse3,AMPL355560,Dynamic,1565,113,-0.2965920217187636,-0.30280340143900736,-0.0062113797202437634,0.09298660362490149,0.08308534044369742,0.009901263181204073
LARRY_mouse3,AMPL365802,Dynamic,1565,113,-0.6827528225228938,-0.6849394272113668,-0.0021866046884729796,0.5366430260047281,0.5354924837242415,0.0011505422804866106
LARRY_mouse3,AMPL371673,Dynamic,1565,113,-0.5795801471190649,-0.5810123309013081,-0.0014321837822430994,0.24901497241922774,0.229273202428477,0.019741769990750724
LARRY_mouse3,AMPL371378,Dynamic,1565,113,-0.5034463582598298,-0.4920043418461635,0.011442016413666309,0.17966903073286053,0.21039032300505525,0.030721292272194722
LARRY_mouse3,AMPL366081,Dynamic,1565,113,-0.6495673669894235,-0.6415427124561247,0.008024654533298821,0.355397951142632,0.34049426958480805,0.014903681557823956
LARRY_mouse3,AMPL366000,Dynamic,1565,113,-0.6904988209896482,-0.688045786588685,0.0024530344009632337,0.4806934594168637,0.47779829213719466,0.002895167279669042
LARRY_mouse3,AMPL355849,Dynamic,1565,113,-0.6330959391464265,-0.6414165259119944,-0.008320586765567843,0.34357762017336485,0.3390278297354944,0.00454979043787046
LARRY_mouse3,AMPL371741,Dynamic,1565,113,-0.4148962582367821,-0.41474624717000763,0.00015001106677443957,0.15445232466509062,0.151910158138073,0.0025421665270176363
LARRY_mouse3,AMPL371188,Dynamic,1565,113,-0.6150392569577214,-0.6093876192473272,0.0056516377103941985,0.3049645390070922,0.3154611547988437,0.010496615791751485
LARRY_mouse3,AMPL371743,Dynamic,1565,113,-0.6295234037559061,-0.618109122504571,0.011414281251335054,0.3412135539795114,0.3464163334070136,0.005202779427502191
LARRY_mouse3,AMPL366028,Dynamic,1565,113,-0.4900657821161175,-0.46531678825342027,0.024748993862697254,0.19070133963750985,0.16906318523754854,0.021638154399961307
LARRY_mouse3,AMPL376554,Dynamic,1565,113,-0.22102369502567912,-0.2238487925215378,-0.0028250974958586848,0.05831363278171789,0.049042514338052366,0.009271118443665523
LARRY_mouse3,AMPL371788,Dynamic,1565,113,-0.2626910064410567,-0.2807614067508944,-0.018070400309837666,0.07486209613869188,0.07074373711878373,0.004118359019908147
LARRY_mouse3,AMPL355637,Dynamic,1565,113,-0.6801291764510521,-0.6830706295649185,-0.0029414531138663674,0.5862884160756501,0.5833655035089368,0.002922912566713287
LARRY_mouse3,AMPL371503,Dynamic,1565,113,-0.5853268227357749,-0.5852511119643041,0.00007571077147072363,0.7163120567375887,0.6981586497338003,0.018153407003788424
LARRY_mouse3,AMPL371535,Dynamic,1565,113,-0.4876595411611205,-0.48661378058308713,0.0010457605780333434,0.1702127659574468,0.16773161566749262,0.002481150289954187
LARRY_mouse3,AMPL366243,Dynamic,1565,113,-0.42700988423639674,-0.4325681918744856,-0.005558307638088831,0.14026792750197006,0.12556619902587926,0.014701728476090803
LARRY_mouse3,AMPL371353,Dynamic,1565,113,-0.6357693695316818,-0.6385673131218244,-0.0027979435901425704,0.3380614657210402,0.3564684562938294,0.018406990572789217
LARRY_mouse3,AMPL371655,Dynamic,1565,113,-0.2850858380081202,-0.2896329247534675,-0.004547086745347347,0.07722616233254531,0.08401413383266758,0.006787971500122267
LARRY_mouse3,AMPL376642,Dynamic,1565,113,-0.6879814769536303,-0.6922453806875618,-0.004263903733931547,0.557919621749409,0.5486266596597514,0.009292962089657575
LARRY_mouse3,AMPL365953,Dynamic,1565,113,-0.6835200442337712,-0.6867554378490857,-0.0032353936153144305,0.4294720252167061,0.4323834217462441,0.002911396529538035
LARRY_mouse3,AMPL371580,Dynamic,1565,113,-0.4361992601235361,-0.43955455427154316,-0.003355294148007026,0.152876280535855,0.1372473072611065,0.015628973274748492
LARRY_mouse3,AMPL365901,Dynamic,1565,113,-0.4174501695079313,-0.4182822448549143,-0.0008320753469829745,0.1457840819542947,0.14068445086392845,0.005099631090366263
LARRY_mouse3,AMPL371570,Dynamic,1565,113,-0.1168479367745663,-0.11612251594508084,0.000725420829485465,0.9739952718676123,0.9683957833325865,0.005599488535025787
LARRY_mouse3,AMPL371814,Dynamic,1565,113,-0.5725645499503542,-0.5712907624874467,0.0012737874629074474,0.2568951930654058,0.26678558465248575,0.009890391587079939
LARRY_mouse3,AMPL371312,Dynamic,1565,113,-0.6083751131453393,-0.6042893420972176,0.00408577104812162,0.3041765169424744,0.2864942025148626,0.01768231442761181
LARRY_mouse3,AMPL371677,Dynamic,1565,113,-0.414766189205996,-0.4217229708584377,-0.006956781652441702,0.13711583924349882,0.12991254980166758,0.00720328944183124
LARRY_mouse3,AMPL365795,Dynamic,1565,113,-0.5469630500096526,-0.5448207299059922,0.0021423201036603963,0.24743892828999212,0.23826360823856768,0.009175320051424435
LARRY_mouse3,AMPL371606,Dynamic,1565,113,-0.5124506648054351,-0.5111507133308232,0.001299951474611909,0.1938534278959811,0.1948437284778282,0.0009903005818470978
LARRY_mouse3,AMPL371716,Dynamic,1565,113,-0.5770985854151156,-0.5547605324298057,0.02233805298530988,0.7265563435776202,0.748851296796454,0.02229495321883379
LARRY_mouse3,AMPL371452,Dynamic,1565,113,-0.5633348113509535,-0.5678394748181097,-0.004504663467156197,0.7501970055161544,0.7544803401718069,0.004283334655652449
LARRY_mouse3,AMPL371736,Dynamic,1565,113,-0.6621599966801514,-0.6631371419205125,-0.0009771452403612739,0.5855003940110323,0.6135110914216927,0.028010697410660423
LARRY_mouse3,AMPL365818,Dynamic,1565,113,-0.3455528459753612,-0.35458191779255616,-0.009029071817194955,0.1095350669818755,0.1213847202808069,0.011849653298931395
LARRY_mouse3,AMPL366056,Dynamic,1565,113,-0.5595373440916667,-0.5679687038240854,-0.008431359732418705,0.23404255319148937,0.23929911749852076,0.005256564307031392
LARRY_mouse3,AMPL377538,Dynamic,1565,113,-0.5118219777513493,-0.5131758001808671,-0.0013538224295177516,0.20646178092986603,0.19994264523489855,0.006519135694967482
LARRY_mouse3,AMPL371185,Dynamic,1565,113,-0.6920510272808696,-0.6899089243494559,0.0021421029314137086,0.44523246650906223,0.43521584437793426,0.010016622131127972
LARRY_mouse3,AMPL371231,Static,1565,113,-0.3800415948350915,-0.37353139742262553,0.00651019741246597,0.8668242710795903,0.8736411034642887,0.006816832384698435
LARRY_mouse3,AMPL371552,Dynamic,1565,113,-0.6688448925653145,-0.6711346220666321,-0.0022897295013175455,0.4144996059889677,0.4370340021854994,0.022534396196531747
LARRY_mouse3,AMPL365907,Dynamic,1565,113,-0.05296878955068674,-0.05382065131435401,-0.0008518617636672699,0.006304176516942475,0.0038360756303290017,0.002468100886613473
LARRY_mouse3,AMPL371197,Dynamic,1565,113,-0.5272172315775661,-0.5342378521910545,-0.007020620613488449,0.2371946414499606,0.23256115634248656,0.00463348510747405
LARRY_mouse3,AMPL371323,Dynamic,1565,113,-0.2432368557532955,-0.2485390298337437,-0.00530217408044821,0.9393223010244287,0.9410651885162379,0.0017428874918091752
LARRY_mouse3,AMPL366142,Dynamic,1565,113,-0.5528914590068279,-0.5128164856511983,0.04007497335562959,0.7557131599684791,0.7561634729049944,0.000450312936515318
LARRY_mouse3,AMPL355654,Dynamic,1565,113,-0.4992378467244515,-0.4778727808513925,0.02136506587305895,0.8037825059101655,0.791062902063453,0.012719603846712557
LARRY_mouse3,AMPL365828,Dynamic,1565,113,-0.5421763440257605,-0.5435723378898022,-0.00139599386404164,0.22064617809298662,0.2137138262443075,0.00693235184867913
LARRY_mouse3,AMPL376721,Dynamic,1565,113,-0.19488985529115477,-0.18248026347255847,0.012409591818596308,0.9542947202521671,0.9505469287112566,0.003747791540910539
LARRY_mouse3,AMPL389964,Dynamic,1565,113,-0.2934584837857263,-0.28543620419843996,0.008022279587286369,0.9188337273443656,0.8890663340286187,0.02976739331574696
LARRY_mouse3,AMPL390252,Dynamic,1565,113,-0.25387171133799463,-0.2580099863614891,-0.004138275023494473,0.9369582348305753,0.9360564170399213,0.0009018177906540137
LARRY_mouse3,AMPL365731,Static,1565,113,-0.678252521682539,-0.5777105115761046,0.10054201010643432,0.5760441292356187,0.5936238595182409,0.017579730282622275
LARRY_mouse3,AMPL376850,Static,1565,113,-0.685580970540661,-0.582337108053128,0.10324386248753305,0.5618597320724981,0.612665297634926,0.05080556556242799
LARRY_mouse3,AMPL376373,Dynamic,1565,113,-0.2711339716279028,-0.27501764315779226,-0.003883671529889469,0.9251379038613081,0.9340396246516537,0.008901720790345569
LARRY_mouse3,AMPL377317,Dynamic,1565,113,-0.687882148391718,-0.688679396363717,-0.0007972479719989733,0.5642237982663515,0.5849706931858555,0.02074689491950399
LARRY_mouse3,AMPL377328,Static,1565,113,-0.3789772215007475,-0.34567953279445446,0.033297688706292995,0.876280535855004,0.8689700358483113,0.007310500006692644
LARRY_mouse3,AMPL390370,Static,1565,113,-0.7074332167335555,-0.6339377147316924,0.07349550200186315,0.5153664302600472,0.5193090389306978,0.003942608670650549
LARRY_mouse3,AMPL371591,Static,1565,113,-0.3845497733049112,-0.3648670894832787,0.019682683821632494,0.8613081166272656,0.8276786837928398,0.033629432834425765
LARRY_mouse3,AMPL371522,Static,1565,113,-0.4327740166697746,-0.3354128380185262,0.09736117865124838,0.8408195429472025,0.8591468296581669,0.018327286710964397
LARRY_mouse3,AMPL390025,Static,1565,113,-0.5465850985678445,-0.37352320744723944,0.17306189112060505,0.7501970055161544,0.8406496480008901,0.09045264248473572
LARRY_mouse3,AMPL371508,Dynamic,1565,113,-0.4522683586391299,-0.44959149898462925,0.0026768596545006613,0.8439716312056738,0.8361292860408672,0.00784234516480653
LARRY_mouse3,AMPL371634,Dynamic,1565,113,-0.03776921396734319,-0.034868697412374396,0.002900516554968793,0.9952718676122931,0.9914034208210648,0.0038684467912283305
LARRY_mouse3,AMPL371541,Dynamic,1565,113,-0.6881667026666217,-0.6724105641835866,0.015756138483035108,0.5397951142631994,0.5197107526672057,0.020084361595993694
LARRY_mouse3,AMPL388797,Static,1565,113,-0.6974506090063861,-0.5762218873045337,0.1212287217018524,0.49487785657998423,0.5111455384792742,0.01626768189929001
LARRY_mouse3,AMPL371547,Static,1565,113,-0.5695084903257933,-0.41094384563471453,0.15856464469107884,0.7454688731284476,0.7440274380121346,0.0014414351163130057
LARRY_mouse3,AMPL355851,Dynamic,1565,113,-0.5638199918891786,-0.5554676683011032,0.008352323588075543,0.7328605200945626,0.7385493312052422,0.005688811110679648
LARRY_mouse3,AMPL376957,Dynamic,1565,113,-0.22871620761556363,-0.21128117046595607,0.01743503714960756,0.9322301024428684,0.9234421548021158,0.008787947640752636
LARRY_mouse3,AMPL377097,Dynamic,1565,113,-0.6689616061129791,-0.6514716838130656,0.017489922299913373,0.3987391646966115,0.39190375614453,0.006835408552081534
LARRY_mouse3,AMPL371255,Static,1565,113,-0.6294410029040906,-0.6073408745878442,0.02210012831624633,0.6926713947990544,0.6656336143648082,0.027037780434246206
LARRY_mouse3,AMPL371813,Static,1565,113,-0.35931823974720245,-0.3468072980095467,0.012510941737655767,0.888100866824271,0.894155184142826,0.0060543173185549914
LARRY_mouse3,AMPL388838,Dynamic,1565,113,-0.1005692927196543,-0.10094061584846714,-0.00037132312881283085,0.9787234042553191,0.9781649124591626,0.0005584917961565239
LARRY_mouse3,AMPL376591,Static,1565,113,-0.40010718807712076,-0.380932775235814,0.019174412841306776,0.8557919621749409,0.8705538089828774,0.014761846807936463
LARRY_mouse3,AMPL377144,Dynamic,1565,113,-0.06382355032555076,-0.06807152984969063,-0.004247979524139879,0.987391646966115,0.9880336734734136,0.0006420265072986098
LARRY_mouse3,AMPL376854,Dynamic,1565,113,-0.302420179451009,-0.2424334948853031,0.05998668456570591,0.08825847123719464,0.12061954875039405,0.0323610775131994
LARRY_mouse3,AMPL371238,Dynamic,1565,113,-0.4241541473997181,-0.42004498028027426,0.004109167119443805,0.8408195429472025,0.8549305876149601,0.014111044667757588
LARRY_mouse3,AMPL388681,Static,1565,113,-0.7001908308192131,-0.5793703379306001,0.12082049288861292,0.4791174152876281,0.4762368576631104,0.0028805576245176656
LARRY_mouse3,AMPL371186,Dynamic,1565,113,-0.39924790851966,-0.40680545927175926,-0.00755755075209921,0.13317572892040977,0.13486506231207002,0.001689333391660247
LARRY_mouse3,AMPL390585,Static,1565,113,-0.6855150839711011,-0.6949479393600473,-0.009432855388946226,0.5634357762017337,0.5701599738781775,0.006724197676443833
LARRY_mouse3,AMPL390129,Static,1565,113,-0.5656601701411137,-0.5071461492978295,0.058514020843284206,0.7438928289992119,0.8078485963143395,0.06395576731512753
LARRY_mouse3,AMPL355844,Dynamic,1565,113,-0.09271244242565284,-0.09648171291432682,-0.003769270488673985,0.9787234042553191,0.9783163624232732,0.0004070418320458735
LARRY_mouse3,AMPL376597,Dynamic,1565,113,-0.4739170474602164,-0.47887406337078614,-0.004957015910569765,0.8124507486209613,0.7971023477412761,0.015348400879685253
LARRY_mouse3,AMPL365812,Static,1565,113,-0.6731482917640362,-0.6436293974687624,0.029518894295273865,0.3632781717888101,0.38852605727318623,0.02524788548437612
LARRY_mouse3,AMPL390097,Static,1565,113,-0.444245240518239,-0.40845094170899654,0.03579429880924246,0.8376674546887313,0.8460368156582405,0.008369360969509243
LARRY_mouse3,AMPL355829,Static,1565,113,-0.4303781339181552,-0.4166505874486755,0.013727546469479743,0.8581560283687943,0.8755211880861827,0.01736515971738839
LARRY_mouse3,AMPL355889,Dynamic,1565,113,-0.4893290065798626,-0.4893958787710608,-0.0000668721911981306,0.19621749408983452,0.21011495502925945,0.013897460939424927
LARRY_mouse3,AMPL376733,Dynamic,1565,113,-0.6800877750249259,-0.5836833065130598,0.09640446851186613,0.41843971631205673,0.46567812536413766,0.04723840905208093
LARRY_mouse3,AMPL390626,Static,1565,113,-0.555146168136438,-0.5071035144683247,0.04804265366811333,0.21828211189913319,0.2688738592499328,0.050591747350799604
LARRY_mouse3,AMPL365730,Static,1565,113,-0.6567595824378666,-0.6050115458272192,0.05174803661064734,0.6185973207249803,0.6522586568093686,0.03366133608438826
LARRY_mouse3,AMPL390006,Dynamic,1565,113,-0.0366619410452273,-0.03780133600502532,-0.0011393949597980249,0.9944838455476753,0.9963066704840706,0.0018228249363952953
LARRY_mouse3,AMPL371756,Dynamic,1565,113,-0.6226167771732809,-0.6215980724040251,0.001018704769255757,0.6926713947990544,0.6939573632280899,0.0012859684290355
LARRY_mouse3,AMPL355580,Static,1565,113,-0.38859819125373396,-0.3449036420385625,0.043694549215171484,0.8873128447596532,0.8745580055387515,0.012754839220901704
LARRY_mouse3,AMPL365940,Dynamic,1565,113,-0.33142822300204294,-0.30787355079349793,0.02355467220854502,0.8975571315996848,0.8818096476001079,0.015747483999576817
LARRY_mouse3,AMPL366193,Dynamic,1565,113,-0.6847368333821504,-0.6888283582142813,-0.004091524832131018,0.4570527974783294,0.4434766720114472,0.013576125466882194
LARRY_mouse3,AMPL377424,Dynamic,1565,113,-0.30135031655364053,-0.29748620590463387,0.0038641106490066583,0.9125295508274232,0.9186500208033259,0.006120469975902765
LARRY_mouse3,AMPL377537,Dynamic,1565,113,-0.2261759016065542,-0.23512925272085458,-0.008953351114300371,0.05988967691095351,0.05925924827324619,0.0006304286377073198
LARRY_mouse3,AMPL378501,Static,1565,113,-0.661056123529328,-0.5321080003715659,0.12894812315776208,0.644602048857368,0.5885772962295844,0.056024752627783614
LARRY_mouse3,AMPL355676,Static,1565,113,-0.6397635152680954,-0.6183297161480202,0.021433799120075144,0.6603624901497241,0.6794699480416136,0.0191074578918895
LARRY_mouse3,AMPL355831,Static,1565,113,-0.6957406177151705,-0.5979214503787053,0.09781916733646524,0.5736800630417652,0.4951334171570076,0.07854664588475763
LARRY_mouse3,AMPL376547,Dynamic,1565,113,-0.11149625599867183,-0.11322721926134353,-0.0017309632626717056,0.9787234042553191,0.9790928364922069,0.00036943223688779003
LARRY_mouse3,AMPL371772,Static,1565,113,-0.579684744203415,-0.4582544693367615,0.12143027486665346,0.7714736012608353,0.7323104164728051,0.03916318478803016
LARRY_mouse3,AMPL371261,Dynamic,1565,113,-0.01298651467147902,-0.013170684111140056,-0.00018416943966103529,0.9992119779353822,0.9995964487489911,0.0003844708136089281
LARRY_mouse3,AMPL371729,Dynamic,1565,113,-0.6783219986610269,-0.6805187104345978,-0.0021967117735708403,0.5350669818754925,0.5309935117299132,0.00407347014557935
LARRY_mouse3,AMPL371483,Static,1565,113,-0.4136595980557889,-0.37814475251722557,0.03551484553856336,0.8628841607565012,0.8477402371356005,0.015143923620900668
LARRY_mouse3,AMPL371172,Dynamic,1565,113,-0.25920365116833516,-0.24425691125696328,0.014946739911371883,0.9401103230890465,0.9319232322860416,0.008187090803004948
LARRY_mouse3,AMPL371792,Dynamic,1565,113,-0.6999290342626288,-0.700656299410646,-0.0007272651480172917,0.5145784081954294,0.5318416146540139,0.01726320645858448
LARRY_mouse3,AMPL371355,Dynamic,1565,113,-0.6053275485222611,-0.5079369359498218,0.09739061257243924,0.6958234830575256,0.69989969926229,0.0040762162047643935
LARRY_mouse3,AMPL355534,Dynamic,1565,113,-0.5277805907947833,-0.508594296661543,0.01918629413324033,0.7722616233254531,0.7609214499637068,0.011340173361746309
LARRY_mouse3,AMPL377174,Dynamic,1565,113,-0.35313474762184194,-0.3592272243868203,-0.006092476764978348,0.8684003152088259,0.8733159015780328,0.00491558636920697
LARRY_mouse3,AMPL366007,Dynamic,1565,113,-0.39970221426253233,-0.4041531942541258,-0.004450979991593477,0.863672182821119,0.8569384933686929,0.006733689452426139
LARRY_mouse3,AMPL366182,Static,1565,113,-0.4437061355488382,-0.34720459302537554,0.09650154252346267,0.8392434988179669,0.7657658889876631,0.07347760983030382
LARRY_mouse3,AMPL371512,Static,1565,113,-0.6945389747249372,-0.6128819778218279,0.08165699690310926,0.42789598108747046,0.4565148335704111,0.02861885248294066
LARRY_mouse3,AMPL390462,Dynamic,1565,113,-0.0791962809628597,-0.08148635750786024,-0.002290076545000529,0.9850275807722616,0.9895417114924698,0.0045141307202082315
LARRY_mouse3,AMPL378486,Dynamic,1565,113,-0.40448007816351933,-0.35497503457892887,0.04950504358459044,0.8699763593380615,0.876382530626214,0.006406171288152462
LARRY_mouse3,AMPL376643,Dynamic,1565,113,-0.08267527754425892,-0.08371095606915559,-0.0010356785248966673,0.9842395587076438,0.9828456887214817,0.0013938699861620885
LARRY_mouse3,AMPL390336,Dynamic,1565,113,-0.6996565954017137,-0.6299466705787193,0.06970992482299433,0.4933018124507486,0.4723576085980204,0.020944203852728216
LARRY_mouse3,AMPL390512,Dynamic,1565,113,-0.2735838606869153,-0.1962621577733868,0.07732170291352855,0.9353821907013397,0.9272269910552604,0.008155199646079248
LARRY_mouse3,AMPL371317,Dynamic,1565,113,-0.6590704880588171,-0.51614141360776,0.14292907445105701,0.35697399527186763,0.34865365435588425,0.008320340915983382
LARRY_mouse3,AMPL371811,Dynamic,1565,113,-0.4911938304665991,-0.39545727165179656,0.0957365588148025,0.8148148148148148,0.8159411992007402,0.001126384385925383
LARRY_mouse3,AMPL376577,Static,1565,113,-0.4522626574291458,-0.4555623011211529,-0.0032996436920071145,0.8313632781717888,0.8370230521608834,0.005659773989094563
LARRY_mouse3,AMPL376593,Static,1565,113,-0.7001994455447803,-0.5592521080245463,0.14094733752023406,0.4499605988967691,0.46433497786647654,0.014374378969707446
LARRY_mouse3,AMPL371251,Static,1565,113,-0.5794952117059696,-0.4697921530182366,0.10970305868773299,0.77698975571316,0.7518088992549187,0.025180856458241307
LARRY_mouse3,AMPL371471,Dynamic,1565,113,-0.2213355917637589,-0.21568227901714784,0.005653312746611041,0.9416863672182821,0.9345739599205296,0.007112407297752532
LARRY_mouse3,AMPL377510,Dynamic,1565,113,-0.2972210205705859,-0.23639457053771662,0.06082645003286929,0.9117415287628053,0.9189477767189688,0.007206247956163425
LARRY_mouse3,AMPL365861,Dynamic,1565,113,-0.6327315484373476,-0.6351522834419943,-0.0024207350046466696,0.32860520094562645,0.3215189971774829,0.007086203768143562
LARRY_mouse3,AMPL371644,Dynamic,1565,113,-0.6750826313794505,-0.6279543769316567,0.047128254447793755,0.6004728132387707,0.6642058217918305,0.06373300855305986
LARRY_mouse3,AMPL371773,Dynamic,1565,113,-0.693792941329383,-0.6677244460928208,0.026068495236562125,0.55397951142632,0.5579001344623349,0.003920623036014925
LARRY_mouse3,AMPL371292,Static,1565,113,-0.6967948299765565,-0.5863797644944659,0.11041506548209057,0.4736012608353034,0.4532010005381274,0.02040026029717601
LARRY_mouse3,AMPL376843,Dynamic,1565,113,-0.35087373664700927,-0.32998465666142657,0.020889079985582735,0.8912529550827423,0.9083341384264765,0.017081183343734208
LARRY_mouse3,AMPL390223,Static,1565,113,-0.665825028000815,-0.567936202653495,0.09788882534732,0.37037037037037035,0.3339010102665694,0.036469360103800974
LARRY_mouse3,AMPL371812,Static,1565,113,-0.49728137052964394,-0.3332681812774972,0.16401318925214675,0.7990543735224587,0.8284300027652495,0.0293756292427908
LARRY_mouse3,AMPL390215,Dynamic,1565,113,-0.010050335853501216,-0.010050335853501216,0,1,1,0
LARRY_mouse3,AMPL371589,Dynamic,1565,113,-0.6472313635603058,-0.645383955847363,0.0018474077129428425,0.6138691883372734,0.6362840567880776,0.022414868450804204
LARRY_mouse3,AMPL371389,Dynamic,1565,113,-0.37314154235202895,-0.3808448885816498,-0.007703346229620798,0.8644602048857368,0.8620323892714384,0.0024278156142983898
LARRY_mouse3,AMPL371265,Dynamic,1565,113,-0.614574601597065,-0.6115422202620384,0.003032381335026566,0.6713947990543735,0.684338285951538,0.012943486897164513
LARRY_mouse3,AMPL366159,Dynamic,1565,113,-0.5543220189283307,-0.5566418228760427,-0.0023198039477120326,0.7328605200945626,0.7459365701986895,0.013076050104126935
LARRY_mouse3,AMPL371654,Dynamic,1565,113,-0.5204226422888097,-0.4908106233943406,0.02961201889446916,0.8006304176516943,0.811515498255491,0.01088508060379667
LARRY_mouse3,AMPL355947,Dynamic,1565,113,-0.5476258802442904,-0.5179746285122286,0.029651251732061696,0.7572892040977147,0.7289005250679134,0.028388679029801356
LARRY_mouse3,AMPL390594,Dynamic,1565,113,-0.03150630240009238,-0.032489848907246946,-0.0009835465071545652,0.9952718676122931,0.9932737767471659,0.0019980908651272555
LARRY_mouse3,AMPL355546,Dynamic,1565,113,-0.5866540141062769,-0.5862085310206286,0.0004454830856483054,0.681639085894405,0.6851533418857816,0.003514255991376558
LARRY_mouse3,AMPL355932,Dynamic,1565,113,-0.37198785064191925,-0.3516086637024291,0.020379186939490115,0.8912529550827423,0.8964377699990578,0.0051848149163155055
LARRY_mouse3,AMPL365895,Dynamic,1565,113,-0.5799327806476825,-0.5796789246426264,0.0002538560050560919,0.7139479905437353,0.7085135169689716,0.005434473574763676
LARRY_mouse3,AMPL365894,Dynamic,1565,113,-0.6249626303381741,-0.623689761012063,0.001272869326111106,0.6414499605988968,0.6601486609761883,0.01869870037729149
LARRY_mouse3,AMPL355545,Dynamic,1565,113,-0.1780522629309095,-0.18329858571305344,-0.005246322782143931,0.959022852639874,0.9587947627489348,0.00022808989093914267
LARRY_mouse3,AMPL365945,Dynamic,1565,113,-0.6957986036102463,-0.6988675795974384,-0.0030689759871921226,0.5437352245862884,0.5254178890131187,0.018317335573169724
LARRY_mouse3,AMPL365823,Dynamic,1565,113,-0.6831301538651522,-0.6821667587973803,0.0009633950677718426,0.47754137115839246,0.4788685622469153,0.001327191088522861
LARRY_mouse3,AMPL365750,Dynamic,1565,113,-0.5715350166205153,-0.5665574487740896,0.004977567846425679,0.7084318360914106,0.7203738815734285,0.011942045482017938
LARRY_mouse3,AMPL371732,Static,1565,113,-0.697116376438855,-0.646078143494972,0.051038232943883134,0.5263987391646966,0.5287203113038805,0.002321572139183936
LARRY_mouse3,AMPL371479,Dynamic,1565,113,-0.5774764381534734,-0.5599369225644689,0.017539515589004413,0.7375886524822695,0.7454555192177164,0.007866866735446898
LARRY_mouse3,AMPL371488,Dynamic,1565,113,-0.6881153805916167,-0.6541180953329867,0.03399728525863003,0.5145784081954294,0.5560086454405763,0.04143023724514683
LARRY_mouse3,AMPL365844,Static,1565,113,-0.6783671974722071,-0.6410514302332485,0.037315767238958554,0.38534278959810875,0.42854274825963123,0.043199958661522486
LARRY_mouse3,AMPL365790,Dynamic,1565,113,-0.1360696138821915,-0.13817112987703997,-0.0021015159948484605,0.9684791174152876,0.9684231010250574,0.000056016390230229085
LARRY_mouse3,AMPL371358,Dynamic,1565,113,-0.672165116309803,-0.672749119217751,-0.0005840029079479518,0.4074074074074074,0.4096418343773679,0.0022344269699605124
LARRY_mouse3,AMPL371262,Dynamic,1565,113,-0.601455425143245,-0.5966414838540505,0.00481394128919448,0.681639085894405,0.7041900997582735,0.022551013863868485
LARRY_mouse3,AMPL366082,Dynamic,1565,113,-0.5908150743026411,-0.5892380451096024,0.0015770291930386328,0.6934594168636722,0.7123843673487917,0.01892495048511955
LARRY_mouse3,AMPL365923,Dynamic,1565,113,-0.6673622192150446,-0.6189373287470671,0.0484248904679775,0.4176516942474389,0.4512358028443654,0.033584108596926454
LARRY_mouse3,AMPL390593,Dynamic,1565,113,-0.5469539561564767,-0.5405209068495463,0.006433049306930296,0.7635933806146572,0.7768543767787832,0.013260996164126015
LARRY_mouse3,AMPL366042,Dynamic,1565,113,-0.6852319487162724,-0.6847405449522417,0.0004914037640307147,0.5240346729708432,0.5474784185321733,0.02344374556133011
LARRY_mouse3,AMPL371491,Dynamic,1565,113,-0.5477991144803205,-0.5310284026624605,0.016770711817859968,0.7580772261623325,0.7733737967375275,0.015296570575194957
LARRY_mouse3,AMPL376551,Dynamic,1565,113,-0.4831202219293563,-0.481364673730654,0.0017555481987022441,0.7675334909377463,0.7762029718439074,0.008669480906161153
LARRY_mouse3,AMPL376320,Static,1565,113,-0.6132679928970394,-0.6051987658993017,0.008069226997737676,0.7084318360914106,0.7175944892019863,0.009162653110575736
LARRY_mouse3,AMPL389990,Dynamic,1565,113,-0.6625420067298387,-0.6692821793003828,-0.006740172570544193,0.6209613869188337,0.6301330774309729,0.009171690512139175
LARRY_mouse3,AMPL366090,Dynamic,1565,113,-0.6386677533076254,-0.6292128675862796,0.009454885721345762,0.338849487785658,0.34913826621507504,0.010288778429417056
LARRY_mouse3,AMPL376917,Dynamic,1565,113,-0.6650068676189825,-0.6647353110487315,0.00027155657025099215,0.4066193853427896,0.4378771399148914,0.03125775457210184
LARRY_mouse3,AMPL388261,Dynamic,1565,113,-0.46843757753125925,-0.4586468864658594,0.00979069106539985,0.8250591016548463,0.8248082963935327,0.0002508052613136025
LARRY_mouse3,AMPL366052,Dynamic,1565,113,-0.575774595849631,-0.5650920035223204,0.010682592327310676,0.6989755713159969,0.7296709717656702,0.030695400449673338
LARRY_mouse3,AMPL366022,Dynamic,1565,113,-0.5232268350142737,-0.5179692467751219,0.005257588239151801,0.7470449172576832,0.75792842399405,0.010883506736366844
LARRY_mouse3,AMPL388732,Dynamic,1565,113,-0.6401302478539839,-0.6456321254268641,-0.005501877572880212,0.6304176516942475,0.6385740193502876,0.008156367656040109
LARRY_mouse3,AMPL390601,Static,1565,113,-0.5564663747395932,-0.4423665751330213,0.11409979960657185,0.7241922773837668,0.7488095283960869,0.02461725101232015
LARRY_mouse3,AMPL366088,Dynamic,1565,113,-0.6669372350919595,-0.6713469922945617,-0.004409757202602297,0.4594168636721828,0.48059932770138664,0.021182464029203818
LARRY_mouse3,AMPL365853,Dynamic,1565,113,-0.6885496296113965,-0.6952138593093806,-0.006664229697984114,0.43498817966903075,0.43564090467858646,0.0006527250095557102
LARRY_mouse3,AMPL390570,Static,1565,113,-0.5570849649264271,-0.47987552521937166,0.07720943970705546,0.7541371158392435,0.6806091391947219,0.0735279766445216
LARRY_mouse3,AMPL366029,Static,1565,113,-0.46829788408476175,-0.44212164340964366,0.02617624067511809,0.16154452324665092,0.23714760223781112,0.0756030789911602
LARRY_mouse3,AMPL388788,Dynamic,1565,113,-0.6699304210952555,-0.6720839313623677,-0.0021535102671122516,0.512214342001576,0.5336735492466309,0.0214592072450549
LARRY_mouse3,AMPL365896,Dynamic,1565,113,-0.31074994159508573,-0.3198173855205781,-0.00906744392549232,0.9085894405043341,0.9060025553145924,0.0025868851897417056
LARRY_mouse3,AMPL388408,Static,1565,113,-0.6669013983090001,-0.5793450426270441,0.08755635568195597,0.6146572104018913,0.62209483121921,0.007437620817318802
LARRY_mouse3,AMPL388483,Dynamic,1565,113,-0.6528516477401124,-0.6485938538889776,0.004257793851134854,0.6524822695035462,0.6675608132310104,0.0150785437274642
LARRY_mouse3,AMPL389970,Dynamic,1565,113,-0.6587135271089115,-0.6413195800941236,0.01739394701478795,0.6130811662726556,0.6080238511816579,0.005057315090997716
LARRY_mouse3,AMPL388223,Dynamic,1565,113,-0.1474012139684602,-0.15153210214104967,-0.004130888172589469,0.9676910953506698,0.9687730040687514,0.00108190871808167
LARRY_mouse3,AMPL365981,Dynamic,1565,113,-0.5433159187640029,-0.5333703445201599,0.009945574243843054,0.22695035460992907,0.22132519569653378,0.005625158913395295
LARRY_mouse3,AMPL390597,Dynamic,1565,113,-0.685536179205621,-0.6840040079461609,0.0015321712594601258,0.4672970843183609,0.47855251702094986,0.011255432702588941
LARRY_mouse3,AMPL366053,Dynamic,1565,113,-0.565421881341114,-0.5623177491826699,0.003104132158444099,0.26713947990543735,0.280564812553244,0.013425332647806654
LARRY_mouse3,AMPL390487,Dynamic,1565,113,-0.6094208594773949,-0.6110380744046586,-0.0016172149272637188,0.6950354609929078,0.7155758443284409,0.020540383335533097
LARRY_mouse3,AMPL376483,Dynamic,1565,113,-0.5812937168076276,-0.5828661817356511,-0.0015724649280234274,0.7438928289992119,0.7451086968661633,0.0012158678669513812
LARRY_mouse3,AMPL388272,Static,1565,113,-0.41748956322814645,-0.36172302154530117,0.05576654168284528,0.8557919621749409,0.8176902501592851,0.03810171201565582
LARRY_mouse3,AMPL388655,Dynamic,1565,113,-0.6783371055246794,-0.6874388811093207,-0.009101775584641406,0.4428684003152088,0.4399034333818559,0.0029649669333529083
LARRY_mouse3,AMPL390581,Dynamic,1565,113,-0.282355415207278,-0.2827946853671803,-0.00043927015990222933,0.9211977935382191,0.9239121291847797,0.0027143356465606505
LARRY_mouse3,AMPL388628,Static,1565,113,-0.4670824806791559,-0.44983497032998326,0.01724751034917266,0.8297872340425532,0.8312906367043518,0.001503402661798603
LARRY_mouse3,AMPL376587,Dynamic,1565,113,-0.6629618175861718,-0.6332176292767397,0.029744188309432023,0.5728920409771474,0.5786573780470023,0.005765337069854937
LARRY_mouse3,AMPL388291,Dynamic,1565,113,-0.6768236784562004,-0.6882739528967954,-0.011450274440595007,0.5390070921985816,0.5528650591812087,0.01385796698262709
LARRY_mouse3,AMPL376465,Static,1565,113,-0.44634717982628147,-0.3185042368060609,0.12784294302022062,0.817966903073286,0.7995978792554128,0.018369023817873198
LARRY_mouse3,AMPL388609,Dynamic,1565,113,-0.05565793805060105,-0.058082562407150415,-0.0024246243565493714,0.9921197793538219,0.9945823975219654,0.0024626181681435266
LARRY_mouse3,AMPL389976,Dynamic,1565,113,-0.032288180337625205,-0.03295850087526542,-0.0006703205376402085,0.9952718676122931,0.9969434328379656,0.0016715652256724667
LARRY_mouse3,AMPL388660,Dynamic,1565,113,-0.36669187875316284,-0.3584255594469145,0.008266319306248363,0.888100866824271,0.8911918477114973,0.003090980887226258
LARRY_mouse3,AMPL388807,Dynamic,1565,113,-0.3854961312423954,-0.39224118137691,-0.006745050134514632,0.12529550827423167,0.1305300743369347,0.005234566062703033
LARRY_mouse3,AMPL388710,Dynamic,1565,113,-0.6401826717439503,-0.6467334697491728,-0.006550798005222454,0.3317572892040977,0.33523203561814974,0.0034747464140520434
LARRY_mouse3,AMPL388618,Dynamic,1565,113,-0.10392645196652422,-0.10462114526705868,-0.0006946933005344535,0.9826635145784082,0.9822436441076745,0.0004198704707336631
LARRY_mouse3,AMPL365753,Dynamic,1565,113,-0.6433474098334586,-0.628479068247592,0.014868341585866501,0.6461780929866037,0.6248571955377601,0.02132089744884358
LARRY_mouse3,AMPL388620,Static,1565,113,-0.6344420231283124,-0.54691833378736,0.0875236893409525,0.6635145784081954,0.6642528129431973,0.0007382345350018804
LARRY_mouse3,AMPL376501,Dynamic,1565,113,-0.04307967318490304,-0.04415225422256144,-0.0010725810376584013,0.9929078014184397,0.9953239715169185,0.0024161700984788315
LARRY_mouse3,AMPL376938,Dynamic,1565,113,-0.3196095371297055,-0.31544361315494546,0.004165923974760074,0.900709219858156,0.8903309335017264,0.010378286356429567
LARRY_mouse3,AMPL376318,Dynamic,1565,113,-0.6625859646919473,-0.6441577796835769,0.018428185008370478,0.3750985027580772,0.36383328847177354,0.01126521428630367
LARRY_mouse3,AMPL376298,Static,1565,113,-0.5030356024867032,-0.47215127324991235,0.03088432923679078,0.7998423955870765,0.8264962194013266,0.026653823814250077
LARRY_mouse3,AMPL388818,Dynamic,1565,113,-0.6247050647684846,-0.6248408564561623,-0.00013579168767761894,0.31599684791174154,0.2937484629627285,0.022248384949013045
LARRY_mouse3,AMPL371802,Dynamic,1565,113,-0.6076678987913656,-0.5630102334841922,0.044657665307173425,0.6926713947990544,0.7397050825021536,0.047033687703099236
LARRY_mouse3,AMPL388428,Dynamic,1565,113,-0.18175555637200938,-0.17747482999892467,0.004280726373084713,0.04097714736012608,0.04911071646896713,0.008133569108841048
LARRY_mouse3,AMPL390606,Dynamic,1565,113,-0.20064303001467546,-0.20350767577266424,-0.002864645757988775,0.9495665878644602,0.9507998688788255,0.0012332810143652617
LARRY_mouse3,AMPL388351,Dynamic,1565,113,-0.6611931355465619,-0.6658040321688073,-0.004610896622245444,0.628053585500394,0.6332807675749791,0.005227182074585057
LARRY_mouse3,AMPL371757,Dynamic,1565,113,-0.5438993125701919,-0.4906304818232937,0.05326883074689817,0.7667454688731284,0.7750841513159588,0.008338682442830314
LARRY_mouse3,AMPL388260,Static,1565,113,-0.5333816394527641,-0.524914454063653,0.008467185389111091,0.7635933806146572,0.7564266083047324,0.007166772309924796
LARRY_mouse3,AMPL388402,Dynamic,1565,113,-0.23585170585078408,-0.2283573090201089,0.007494396830675185,0.9385342789598109,0.9424166524264702,0.003882373466659317
LARRY_mouse3,AMPL388730,Dynamic,1565,113,-0.2530914133126958,-0.24625255993568967,0.006838853377006128,0.9330181245074862,0.9364692920843051,0.0034511675768188477
LARRY_mouse3,AMPL388354,Dynamic,1565,113,-0.5170089248070671,-0.5227312738136123,-0.005722349006545208,0.7698975571315997,0.7775565956706503,0.007659038539050589
LARRY_mouse3,AMPL388447,Dynamic,1565,113,-0.11919971555491798,-0.11469029472465479,0.0045094208302631925,0.9755713159968479,0.9784712989151524,0.002899982918304511
LARRY_mouse3,AMPL390547,Dynamic,1565,113,-0.6766602749610175,-0.6645723424496446,0.012087932511372891,0.4097714736012608,0.41102735397348494,0.0012558803722241274
LARRY_mouse3,AMPL390256,Dynamic,1565,113,-0.6856834099694934,-0.6529480056834461,0.032735404286047334,0.43656422379826637,0.46601997769578396,0.02945575389751759
LARRY_mouse3,AMPL388671,Dynamic,1565,113,-0.38533824103757786,-0.39212584521103816,-0.006787604173460262,0.12450748620961387,0.1158960822139971,0.008611403995616773
LARRY_mouse3,AMPL390079,Static,1565,113,-0.6297545251126975,-0.5627673280959868,0.06698719701671065,0.6840031520882585,0.6816626060072691,0.0023405460809893253
LARRY_mouse3,AMPL376650,Dynamic,1565,113,-0.2438952149144056,-0.24999391243995667,-0.006098697525551059,0.06619385342789598,0.07033711097306618,0.004143257545170198
LARRY_mouse3,AMPL388631,Static,1565,113,-0.3117549594979535,-0.2809188596330917,0.030836099864861823,0.9070133963750985,0.8873294314944582,0.01968396488064028
LARRY_mouse3,AMPL388514,Dynamic,1565,113,-0.4286959716980853,-0.35643000252707724,0.07226596917100807,0.8463356973995272,0.8656471046508248,0.019311407251297652
LARRY_mouse3,AMPL376689,Dynamic,1565,113,-0.4924333471633737,-0.4981874280138432,-0.005754080850469466,0.1946414499605989,0.19390970482089254,0.0007317451397063635
LARRY_mouse3,AMPL366150,Dynamic,1565,113,-0.24450256949425794,-0.24992677095593283,-0.005424201461674877,0.9377462568951931,0.9381861371591145,0.00043988026392138835
LARRY_mouse3,AMPL390130,Static,1565,113,-0.3408242209909131,-0.31040122470183223,0.03042299628908083,0.9022852639873916,0.8959180147955565,0.006367249191835067
LARRY_mouse3,AMPL376310,Static,1565,113,-0.46204697478440243,-0.38303896918964303,0.07900800559475941,0.830575256107171,0.8594888376835221,0.028913581576351155
LARRY_mouse3,AMPL388761,Static,1565,113,-0.5674079577451248,-0.5627374753602737,0.004670482384851032,0.7588652482269503,0.7620370107380511,0.0031717625111007397
LARRY_mouse3,AMPL388758,Dynamic,1565,113,-0.5230377705856143,-0.517251067263345,0.005786703322269204,0.7714736012608353,0.7862051170090557,0.014731515748220403
LARRY_mouse3,AMPL388232,Dynamic,1565,113,-0.633181829537668,-0.6374964380784669,-0.004314608540798857,0.6288416075650118,0.6548281363777364,0.025986528812724563
LARRY_mouse3,AMPL366102,Dynamic,1565,113,-0.6669910105725324,-0.67613411287437,-0.009143102301837475,0.3680063041765169,0.37950979675700636,0.011503492580489438
LARRY_mouse3,AMPL388861,Static,1565,113,-0.6471410379609044,-0.638421463016321,0.00871957494458346,0.6619385342789598,0.7016801697793816,0.03974163550042187
LARRY_mouse3,AMPL376698,Dynamic,1565,113,-0.41635616967373124,-0.3843264403339917,0.03202972933973948,0.8652482269503546,0.8359634064173427,0.029284820533011957
LARRY_mouse3,AMPL388801,Dynamic,1565,113,-0.6637060382173039,-0.6580373421828071,0.005668696034496887,0.3947990543735225,0.40765274094908527,0.012853686575562795
LARRY_mouse3,AMPL388346,Dynamic,1565,113,-0.33027400983195115,-0.3355089609303158,-0.005234951098364631,0.8944050433412135,0.888958365634616,0.005446677706597458
LARRY_mouse3,AMPL388246,Dynamic,1565,113,-0.5159753931759508,-0.5162891678394658,-0.0003137746635149434,0.7501970055161544,0.7529861608012334,0.002789155285078948
LARRY_mouse3,AMPL388335,Dynamic,1565,113,-0.6763725544420433,-0.6746868808800379,0.0016856735620053086,0.5657998423955871,0.5818681240590946,0.01606828166350749
LARRY_mouse3,AMPL388203,Dynamic,1565,113,-0.2234431335630544,-0.2187359562373413,0.004707177325713092,0.05594956658786446,0.05227910574371474,0.003670460844149716
LARRY_mouse3,AMPL388780,Dynamic,1565,113,-0.22840352029982994,-0.2291477680311349,-0.0007442477313049811,0.9440504334121356,0.9416378910962373,0.0024125423158982695
LARRY_mouse3,AMPL376517,Dynamic,1565,113,-0.583326757643982,-0.5465380888123441,0.03678866883163786,0.2710795902285264,0.26341721122223316,0.007662379006293241
LARRY_mouse3,AMPL388186,Dynamic,1565,113,-0.24448759863031336,-0.25028233829428453,-0.005794739663971165,0.9314420803782506,0.9308667974526404,0.0005752829256101544
LARRY_mouse3,AMPL389962,Dynamic,1565,113,-0.3918873601241788,-0.39223468927054883,-0.0003473291463700307,0.13396375098502758,0.14767502009742423,0.013711269112396646
LARRY_mouse3,AMPL390347,Dynamic,1565,113,-0.031253554061838634,-0.03213587501151416,-0.0008823209496755247,0.9952718676122931,0.993805318290341,0.0014665493219521153
LARRY_mouse3,AMPL388535,Dynamic,1565,113,-0.1372239388795551,-0.1419076343413105,-0.004683695461755416,0.9653270291568163,0.9645011049614783,0.0008259241953380014
LARRY_mouse3,AMPL390499,Dynamic,1565,113,-0.17970891034855813,-0.18473373974135493,-0.005024829392796789,0.9574468085106383,0.9671237558138734,0.009676947303235095
LARRY_mouse3,AMPL388355,Dynamic,1565,113,-0.48194786245407284,-0.48756193943775195,-0.005614076983679137,0.8124507486209613,0.8140241796310977,0.0015734310101364057
LARRY_mouse3,AMPL388466,Dynamic,1565,113,-0.5499041565593271,-0.5549547770207136,-0.005050620461386529,0.22773837667454688,0.22279138962343564,0.00494698705111124
LARRY_mouse3,AMPL371208,Dynamic,1565,113,-0.47358952116829756,-0.47873035528847063,-0.0051408341201730975,0.1875492513790386,0.19691284782637164,0.009363596447333034
LARRY_mouse3,AMPL376470,Dynamic,1565,113,-0.6774137000413812,-0.6786052475580535,-0.001191547516672248,0.5594956658786446,0.5847300597787227,0.02523439390007809
LARRY_mouse3,AMPL390220,Dynamic,1565,113,-0.2855741239846309,-0.2949142766687131,-0.009340152684082201,0.9227738376674547,0.9222043982458139,0.0005694394216407828
LARRY_mouse3,AMPL365733,Dynamic,1565,113,-0.6113261503283428,-0.603231194878444,0.008094955449898782,0.30260047281323876,0.28924252518855786,0.0133579476246809
LARRY_mouse3,AMPL388527,Dynamic,1565,113,-0.010050335853501216,-0.010050335853501216,0,1,1,0
LARRY_mouse3,AMPL371607,Dynamic,1565,113,-0.5751118569261726,-0.5766443893598734,-0.0015325324337007655,0.7226162332545312,0.7155238714567667,0.007092361797764513
LARRY_mouse3,AMPL366035,Dynamic,1565,113,-0.6167901765892708,-0.6179501412049091,-0.0011599646156382325,0.6918833727344366,0.6891372869246223,0.0027460858098142804
LARRY_mouse3,AMPL388561,Dynamic,1565,113,-0.4835580096798497,-0.4905934455387713,-0.007035435858921618,0.8156028368794326,0.8145095226721383,0.0010933142072943047
LARRY_mouse3,AMPL388770,Dynamic,1565,113,-0.6632157224349834,-0.663472769511236,-0.0002570470762526012,0.4523246650906225,0.4418358118196202,0.010488853271002352
LARRY_mouse3,AMPL376449,Static,1565,113,-0.6065561651532992,-0.5457511723225056,0.060804992830793644,0.6958234830575256,0.7459255040315309,0.05010202097400529
LARRY_mouse3,AMPL388341,Dynamic,1565,113,-0.6826366572614576,-0.6863043762621848,-0.003667719000727208,0.52876280535855,0.5164724683274785,0.012290337031071519
LARRY_mouse3,AMPL388743,Static,1565,113,-0.6881632069288957,-0.6898386129392367,-0.00167540601034108,0.42710795902285265,0.43888554140768204,0.0117775823848294
LARRY_mouse3,AMPL389965,Static,1565,113,-0.6462190009805924,-0.5773460571646235,0.06887294381596887,0.6438140267927502,0.6809502678072087,0.03713624101445845
LARRY_mouse3,AMPL390408,Dynamic,1565,113,-0.46499100313576264,-0.4517476784208197,0.013243324714942948,0.8219070133963751,0.8418004911973407,0.01989347780096562
LARRY_mouse3,AMPL388704,Dynamic,1565,113,-0.3219511456621203,-0.30564743297239544,0.01630371268972486,0.9070133963750985,0.9208380690070482,0.013824672631949753
LARRY_mouse3,AMPL376822,Static,1565,113,-0.6031853004275405,-0.5180228831871283,0.08516241724041218,0.7076438140267928,0.7562756242502878,0.04863181022349505
LARRY_mouse3,AMPL388622,Dynamic,1565,113,-0.044499586125775016,-0.04546906201502379,-0.0009694758892487752,0.9936958234830575,0.9910708443184986,0.0026249791645589493
LARRY_mouse3,AMPL388484,Static,1565,113,-0.33803641716972055,-0.3103706823376053,0.027665734832115263,0.8999211977935382,0.8985440879496762,0.0013771098438619678
LARRY_mouse3,AMPL365968,Dynamic,1565,113,-0.6490285978531286,-0.6472774934135616,0.001751104439567128,0.6130811662726556,0.6443244150844973,0.031243248811841706
LARRY_mouse3,AMPL388686,Dynamic,1565,113,-0.2901541031717426,-0.25949091188583656,0.030663191285906034,0.9211977935382191,0.8961417607413372,0.025056032796881844
LARRY_mouse3,AMPL388512,Dynamic,1565,113,-0.3024020996628454,-0.2609621188746522,0.041439980788193234,0.91725768321513,0.8617905169346933,0.055467166280436686
LARRY_mouse3,AMPL388458,Static,1565,113,-0.5749415272696337,-0.4537179165849916,0.12122361068464203,0.7415287628053585,0.7503366839980681,0.008807921192709567
LARRY_mouse3,AMPL366136,Dynamic,1565,113,-0.41719266754504947,-0.42005727571768403,-0.002864608172634567,0.1434200157604413,0.14018118185440853,0.003238833906032773
LARRY_mouse3,AMPL376502,Dynamic,1565,113,-0.19336308790566853,-0.1832707602722937,0.010092327633374849,0.9495665878644602,0.9520784951464355,0.0025119072819752564
LARRY_mouse3,AMPL388549,Dynamic,1565,113,-0.4572728400124913,-0.4450863735653809,0.012186466447110434,0.8289992119779354,0.8165687143870831,0.01243049759085224
LARRY_mouse3,AMPL371643,Static,1565,113,-0.6922578080434607,-0.6812324728026339,0.0110253352408268,0.5484633569739953,0.5656534857091137,0.017190128735118382
LARRY_mouse3,AMPL388299,Dynamic,1565,113,-0.6926802165785628,-0.6789429654376813,0.01373725114088145,0.4862096138691883,0.49757837492959034,0.011368761060402022
LARRY_mouse3,AMPL388285,Dynamic,1565,113,-0.6856091549752185,-0.6621185457173084,0.023490609257910088,0.5610717100078803,0.5454002936235612,0.015671416384319015
LARRY_mouse3,AMPL388552,Dynamic,1565,113,-0.5393113404617939,-0.5366080901736279,0.002703250288165906,0.7777777777777778,0.7762640702884266,0.0015137074893512015
LARRY_mouse3,AMPL388638,Dynamic,1565,113,-0.6655923950905205,-0.5893026988285326,0.07628969626198784,0.3892828999211978,0.365972101212919,0.02331079870827879
LARRY_mouse3,AMPL388473,Dynamic,1565,113,-0.16760097411013417,-0.1607114745010759,0.0068894996090582495,0.9629629629629629,0.961209837426338,0.0017531255366248777
LARRY_mouse3,AMPL388347,Dynamic,1565,113,-0.23462685735701644,-0.23943277417580494,-0.0048059168187884905,0.9353821907013397,0.9329831028633218,0.0023990878380178993
LARRY_mouse3,AMPL390420,Static,1565,113,-0.30138184821945135,-0.2410841061613112,0.06029774205814012,0.9196217494089834,0.9316341489004942,0.012012399491510783
LARRY_mouse3,AMPL376955,Dynamic,1565,113,-0.42849882840221437,-0.4143792819410829,0.014119546461131486,0.8423955870764381,0.8614085706894838,0.01901298361304571
LARRY_mouse3,AMPL388551,Dynamic,1565,113,-0.5920220066420893,-0.5896001511909588,0.0024218554511305254,0.7210401891252955,0.7301269215631359,0.009086732437840306
LARRY_mouse3,AMPL388395,Static,1565,113,-0.5204988119876625,-0.4840044923842854,0.036494319603377026,0.7746256895193065,0.8049496489196853,0.030323959400378797
LARRY_mouse3,AMPL376948,Dynamic,1565,113,-0.21578122305800893,-0.22043942553999976,-0.004658202481990835,0.9448384554767534,0.9431283241528932,0.00171013132386022
LARRY_mouse3,AMPL388262,Dynamic,1565,113,-0.5686057038467552,-0.5556957421516666,0.01290996169508858,0.7289204097714737,0.7359187515675174,0.00699834179604375
LARRY_mouse3,AMPL376497,Dynamic,1565,113,-0.21140742677073757,-0.21516250935846362,-0.0037550825877260448,0.950354609929078,0.9484120433836688,0.0019425665454092522
LARRY_mouse3,AMPL376696,Dynamic,1565,113,-0.2524902142391465,-0.25566750275997074,-0.003177288520824229,0.9267139479905437,0.9322642429545166,0.005550294963972857
LARRY_mouse3,AMPL388462,Static,1565,113,-0.4750083843797624,-0.3807689238224905,0.09423946055727188,0.8045705279747833,0.8249305811661225,0.020360053191339156
LARRY_mouse3,AMPL388705,Dynamic,1565,113,-0.3345599185072429,-0.3374211600236751,-0.0028612415164322117,0.8920409771473601,0.8913801544305833,0.0006608227167768099
LARRY_mouse3,AMPL388399,Dynamic,1565,113,-0.1665820611049797,-0.16577963181905675,0.0008024292859229677,0.9653270291568163,0.9673808529731521,0.002053823816335787
LARRY_mouse3,AMPL365899,Dynamic,1565,113,-0.02480637290916568,-0.0254294109848138,-0.0006230380756481184,0.9968479117415288,0.9953016794526228,0.0015462322889059354
LARRY_mouse3,AMPL388227,Dynamic,1565,113,-0.024955232219466616,-0.02574599806314354,-0.0007907658436769285,0.9968479117415288,0.9965865049760568,0.00026140676547192765
LARRY_mouse3,AMPL390407,Static,1565,113,-0.3975108115059561,-0.36013113365476423,0.0373796778511918,0.8865248226950354,0.8631547700001192,0.02337005269491621
LARRY_mouse3,AMPL376300,Dynamic,1565,113,-0.6423037261875287,-0.632774960389503,0.00952876579802573,0.661150512214342,0.6338799859272977,0.027270526287044294
LARRY_mouse3,AMPL371550,Dynamic,1565,113,-0.054612286533180274,-0.05375246102181775,0.0008598255113625215,0.9913317572892041,0.987973779402265,0.003357977886939034
LARRY_mouse3,AMPL388498,Dynamic,1565,113,-0.048409052372809895,-0.04629354901001254,0.002115503362797352,0.9905437352245863,0.9927476526949052,0.0022039174703188946
LARRY_mouse3,AMPL388576,Dynamic,1565,113,-0.6574658850098499,-0.6543849060660663,0.0030809789437836687,0.5760441292356187,0.5306027112935418,0.0454414179420769
LARRY_mouse3,AMPL388583,Dynamic,1565,113,-0.20700193088550958,-0.18536942286938804,0.021632508016121526,0.9566587864460205,0.9473259596744644,0.009332826771556113
LARRY_mouse3,AMPL388659,Dynamic,1565,113,-0.48768846184946757,-0.4886332230255312,-0.0009447611760636162,0.7777777777777778,0.787193964773065,0.009416186995287235
LARRY_mouse3,AMPL388196,Dynamic,1565,113,-0.6735245847092511,-0.6554077740054618,0.01811681070378933,0.5957446808510638,0.594061475598763,0.0016832052523008123
LARRY_mouse3,AMPL365903,Dynamic,1565,113,-0.4628059867833398,-0.4641445861598662,-0.0013385993765264363,0.8077226162332545,0.8089258751724638,0.0012032589392093618
LARRY_mouse3,AMPL388787,Dynamic,1565,113,-0.6090968028919556,-0.5428419848071625,0.06625481808479314,0.6958234830575256,0.6873294527660762,0.008494030291449461
LARRY_mouse3,AMPL371416,Dynamic,1565,113,-0.4453711850479273,-0.4081805760577163,0.037190608990210955,0.16154452324665092,0.17244313060306263,0.01089860735641171
LARRY_mouse3,AMPL388516,Dynamic,1565,113,-0.15719616147398693,-0.11835659387877215,0.038839567595214786,0.9574468085106383,0.9436580815151016,0.013788726995536793
LARRY_mouse3,AMPL388340,Dynamic,1565,113,-0.38416552678341487,-0.3616590924091571,0.02250643437425777,0.8920409771473601,0.8899652164454395,0.002075760701920615
LARRY_mouse3,AMPL390342,Dynamic,1565,113,-0.4877733192019123,-0.4290937495263382,0.05867956967557411,0.8132387706855791,0.7884094285958851,0.024829342089694006
LARRY_mouse3,AMPL390501,Static,1565,113,-0.32171522327668833,-0.3174808996377175,0.004234323638970833,0.9022852639873916,0.8938891896032244,0.00839607438416723
LARRY_mouse3,AMPL371192,Dynamic,1565,113,-0.10307060643136855,-0.100595556452465,0.002475049978903544,0.9810874704491725,0.9829502864778161,0.0018628160286435769
LARRY_mouse3,AMPL371350,Dynamic,1565,113,-0.39825149684174294,-0.39936016121610274,-0.0011086643743597822,0.8620961386918834,0.8729057097369279,0.010809571045044541
LARRY_mouse3,AMPL371563,Dynamic,1565,113,-0.6667969562000919,-0.6650843276248355,0.0017126285752564496,0.5933806146572104,0.594766875991095,0.001386261333884642
LARRY_mouse3,AMPL388519,Dynamic,1565,113,-0.6859115551263489,-0.5924065715641438,0.09350498356220509,0.55397951142632,0.5521749137808497,0.0018045976454702517
LARRY_mouse3,AMPL371481,Dynamic,1565,113,-0.4356654466734913,-0.4383994815434718,-0.002734034869980549,0.8463356973995272,0.8299400899714681,0.016395607428059122
LARRY_mouse3,AMPL388523,Dynamic,1565,113,-0.6006018751438165,-0.6069600441951082,-0.006358169051291755,0.30890464933018125,0.2982518205087436,0.010652828821437643
LARRY_mouse3,AMPL371259,Dynamic,1565,113,-0.5586264760449818,-0.5573545895375758,0.0012718865074060823,0.7620173364854216,0.7776245789858504,0.015607242500428775
LARRY_mouse3,AMPL371738,Static,1565,113,-0.4901310728663033,-0.3703352762263837,0.11979579663991967,0.7982663514578409,0.7655911926262807,0.032675158831560136
LARRY_mouse3,AMPL378293,Dynamic,1565,113,-0.689337336185404,-0.6960011774814956,-0.00666384129609155,0.4799054373522459,0.4847809722603548,0.004875534908108936
LARRY_mouse3,AMPL376786,Dynamic,1565,113,-0.3560553057329167,-0.34901637765181764,0.007038928081099079,0.8778565799842396,0.8820951408805704,0.00423856089633079
LARRY_mouse3,AMPL388308,Dynamic,1565,113,-0.20353618790330794,-0.20646011035194217,-0.0029239224486342376,0.9535066981875493,0.9480092586366893,0.005497439550860017
LARRY_mouse3,AMPL388781,Static,1565,113,-0.6336281712402679,-0.5973211531459485,0.03630701809431946,0.6706067769897557,0.6968538208204331,0.02624704383067744
LARRY_mouse3,AMPL371745,Dynamic,1565,113,-0.6305550177617645,-0.6287772061702268,0.0017778115915376975,0.6682427107959023,0.6378377656999056,0.03040494509599667
LARRY_mouse3,AMPL388745,Static,1565,113,-0.4742110190878762,-0.40038303378240003,0.07382798530547618,0.8108747044917257,0.816152706112864,0.005278001621138229
LARRY_mouse3,AMPL388463,Dynamic,1565,113,-0.5519327971726193,-0.5437671931113929,0.008165604061226501,0.7746256895193065,0.7677441401742207,0.006881549345085891
LARRY_mouse3,AMPL388544,Dynamic,1565,113,-0.07647849962161789,-0.07590582854544664,0.0005726710761712493,0.9842395587076438,0.9843999988816556,0.0001604401740118444
LARRY_mouse3,AMPL389969,Dynamic,1565,113,-0.1607263053123892,-0.16647144034131772,-0.005745135028928507,0.9637509850275807,0.9641955628306743,0.0004445778030935932
LARRY_mouse3,AMPL388279,Static,1565,113,-0.4339473030000321,-0.3590695808251904,0.07487772217484166,0.8384554767533491,0.8593290062893062,0.020873529535957114
LARRY_mouse3,AMPL371202,Static,1565,113,-0.6434479371015878,-0.5076196118278148,0.135828325273773,0.6422379826635146,0.7035097377946544,0.061271755131139805
LARRY_mouse3,AMPL371406,Dynamic,1565,113,-0.24428974069701717,-0.24236837358661525,0.0019213671104019328,0.9385342789598109,0.9468638967928578,0.008329617833046865
LARRY_mouse3,AMPL390432,Static,1565,113,-0.4237235374253298,-0.4094578001527201,0.014265737272609722,0.8518518518518519,0.841466388939405,0.010385462912446908
LARRY_mouse3,AMPL371562,Dynamic,1565,113,-0.09224692626596132,-0.09345950719905646,-0.0012125809330951487,0.9818754925137904,0.984381906957949,0.0025064144441586667
LARRY_mouse3,AMPL388465,Dynamic,1565,113,-0.6784790370154853,-0.6397636645968231,0.03871537241866216,0.6020488573680063,0.5836793692617543,0.01836948810625194
LARRY_mouse3,AMPL371555,Static,1565,113,-0.3087006108487421,-0.2986567704067047,0.01004384044203744,0.9070133963750985,0.8960098141018723,0.011003582273226176
LARRY_mouse3,AMPL389988,Static,1565,113,-0.5831719815735938,-0.5664339841983106,0.01673799737528329,0.7281323877068558,0.7598706753537243,0.03173828764686848
LARRY_mouse3,AMPL388836,Dynamic,1565,113,-0.614515163086826,-0.615713836787385,-0.001198673700559049,0.706855791962175,0.723459251789806,0.016603459827631006
LARRY_mouse3,AMPL371674,Dynamic,1565,113,-0.15695128831779614,-0.1531008752973851,0.0038504130204110596,0.966903073286052,0.9679337887090365,0.0010307154229844961
LARRY_mouse3,AMPL388468,Dynamic,1565,113,-0.17266768072562683,-0.17709402835516225,-0.004426347629535408,0.959022852639874,0.9547849342776705,0.004237918362203441
LARRY_mouse3,AMPL371466,Dynamic,1565,113,-0.686140812959654,-0.6816656668211769,0.004475146138477063,0.5334909377462569,0.5415432391322588,0.008052301386001881
LARRY_mouse3,AMPL371764,Static,1565,113,-0.28869782243455394,-0.2819074261182681,0.006790396316285858,0.9211977935382191,0.913055129996802,0.008142663541417017
LARRY_mouse3,AMPL390235,Dynamic,1565,113,-0.2032337499022404,-0.19067700326541978,0.012556746636820612,0.950354609929078,0.944908572876024,0.00544603705305402
LARRY_mouse3,AMPL388782,Dynamic,1565,113,-0.1358163151176746,-0.13998286854539602,-0.004166553427721403,0.9700551615445232,0.9663327592493589,0.0037224022951642954
LARRY_mouse3,AMPL390374,Dynamic,1565,113,-0.1429407961503705,-0.14871061601754615,-0.005769819867175636,0.9692671394799054,0.9670189910989109,0.002248148380994519
LARRY_mouse3,AMPL371524,Dynamic,1565,113,-0.6371895942897823,-0.6336317230685113,0.0035578712212708825,0.6643026004728132,0.6411394284779318,0.023163171994881382
LARRY_mouse3,AMPL390274,Dynamic,1565,113,-0.2562966933247239,-0.2652769470640491,-0.008980253739325247,0.9314420803782506,0.9327283137133978,0.0012862333351472133
LARRY_mouse3,AMPL388433,Dynamic,1565,113,-0.5827930983823065,-0.5690546592768353,0.013738439105471177,0.7391646966115051,0.732529475271856,0.006635221339649111
LARRY_mouse3,AMPL388242,Static,1565,113,-0.6942374234940025,-0.509872880563793,0.18436454293020954,0.5311268715524035,0.5333700675376851,0.002243195985281665
LARRY_mouse3,AMPL388286,Dynamic,1565,113,-0.19948987255284356,-0.19499671567912716,0.004493156873716401,0.9487785657998424,0.9430125693514197,0.005765996448422683
LARRY_mouse3,AMPL388579,Dynamic,1565,113,-0.09493715805896812,-0.09339000790874767,0.0015471501502204478,0.9818754925137904,0.9851191002361458,0.003243607722355435
LARRY_mouse3,AMPL388684,Static,1565,113,-0.6419523387683027,-0.5104279042181192,0.13152443455018337,0.665090622537431,0.7065722884419445,0.04148166590451352
LARRY_mouse3,AMPL388795,Dynamic,1565,113,-0.15672360160862045,-0.15542981934742736,0.0012937822611930757,0.9653270291568163,0.9677413280471571,0.002414298890340727
LARRY_mouse3,AMPL371656,Dynamic,1565,113,-0.32327573207060234,-0.32188372071828336,0.0013920113523189926,0.9014972419227738,0.9132972021478613,0.011799960225087447
LARRY_mouse3,AMPL388365,Dynamic,1565,113,-0.40751717041415,-0.4124465657955824,-0.004929395381432419,0.8526398739164697,0.835814837379571,0.016825036536898708
LARRY_mouse4,AMPL376447,Dynamic,1720,115,-0.48498591782704714,-0.49102153741555593,-0.0060356195885087486,0.1829787234042553,0.18294048626288587,0.00003823714136944045
LARRY_mouse4,AMPL371137,Dynamic,1720,115,-0.6480996045317812,-0.6522776598241755,-0.004178055292394341,0.6432624113475177,0.6268009876699366,0.016461423677581077
LARRY_mouse4,AMPL371170,Dynamic,1720,115,-0.5155183933775804,-0.5144372207418977,0.0010811726356827643,0.20354609929078013,0.21439830291592885,0.010852203625148715
LARRY_mouse4,AMPL366134,Dynamic,1720,115,-0.5309336395954317,-0.5263382937814017,0.004595345814030008,0.7695035460992907,0.7457898564196527,0.02371368967963805
LARRY_mouse4,AMPL366093,Dynamic,1720,115,-0.32931026307022854,-0.32566941353961454,0.003640849530613994,0.0851063829787234,0.09910331778743592,0.013996934808712516
LARRY_mouse4,AMPL365920,Dynamic,1720,115,-0.22000222402617223,-0.22642220132455823,-0.006419977298386,0.04964539007092199,0.058714571360214574,0.009069181289292585
LARRY_mouse4,AMPL366060,Dynamic,1720,115,-0.639130912220855,-0.6386203577107542,0.0005105545101008205,0.35602836879432626,0.354817939618653,0.0012104291756732666
LARRY_mouse4,AMPL366212,Dynamic,1720,115,-0.6601463139847368,-0.6651278540545577,-0.004981540069820899,0.6234042553191489,0.6227021593636549,0.0007020959554939754
LARRY_mouse4,AMPL355442,Dynamic,1720,115,-0.2018598969434865,-0.2042091571578436,-0.00234926021435709,0.04042553191489362,0.041920941193809375,0.0014954092789157547
LARRY_mouse4,AMPL355412,Dynamic,1720,115,-0.4412389915674241,-0.4455806655008993,-0.00434167393347527,0.16453900709219857,0.17755362684485843,0.013014619752659856
LARRY_mouse4,AMPL371357,Dynamic,1720,115,-0.23776852943431084,-0.24136768677548287,-0.0035991573411720216,0.05602836879432624,0.06083278681928959,0.004804418024963349
LARRY_mouse4,AMPL355970,Dynamic,1720,115,-0.6583835141833856,-0.5605429665821459,0.09784054760123972,0.6475177304964539,0.670028690263841,0.02251095976738715
LARRY_mouse4,AMPL377391,Dynamic,1720,115,-0.6015574502373148,-0.6084215977538486,-0.0068641475165339555,0.27872340425531916,0.27020583790096747,0.008517566354351691
LARRY_mouse4,AMPL371668,Dynamic,1720,115,-0.5385411160661923,-0.5402855455667668,-0.0017444295005745072,0.20921985815602837,0.21758989048731367,0.008370032331285304
LARRY_mouse4,AMPL365990,Dynamic,1720,115,-0.18660486140091243,-0.18122674162331998,0.005378119777592434,0.036170212765957444,0.04418993235169609,0.008019719585738647
LARRY_mouse4,AMPL371572,Dynamic,1720,115,-0.6543699019967711,-0.6528448585210669,0.0015250434757042301,0.6354609929078014,0.6331051087273215,0.002355884180479939
LARRY_mouse4,AMPL365938,Dynamic,1720,115,-0.6311985212657882,-0.6300656960090361,0.0011328252567521801,0.3446808510638298,0.3348112303532599,0.009869620710569904
LARRY_mouse4,AMPL365905,Dynamic,1720,115,-0.54656199020672,-0.553919332770733,-0.00735734256401294,0.22411347517730495,0.2530719435825905,0.028958468405285542
LARRY_mouse4,AMPL376910,Dynamic,1720,115,-0.6755744276023843,-0.6793596097670486,-0.0037851821646642672,0.40709219858156026,0.41122386548359063,0.004131666902030373
LARRY_mouse4,AMPL366045,Dynamic,1720,115,-0.2889444655037483,-0.28789137161755607,0.001053093886192233,0.06879432624113475,0.0654579802367564,0.003336346004378349
LARRY_mouse4,AMPL376601,Dynamic,1720,115,-0.6059304570781411,-0.6137173015371992,-0.00778684445905805,0.28085106382978725,0.2808727854528301,0.00002172162304286962
LARRY_mouse4,AMPL371758,Dynamic,1720,115,-0.3523872767947104,-0.360315288515795,-0.007928011721084625,0.1049645390070922,0.10565272944733001,0.0006881904402378097
LARRY_mouse4,AMPL366066,Dynamic,1720,115,-0.3630163131566521,-0.3657079396123827,-0.002691626455730607,0.10851063829787234,0.10072967659835325,0.007780961699519098
LARRY_mouse4,AMPL355903,Dynamic,1720,115,-0.3968040172399618,-0.4002500130193859,-0.003445995779424104,0.12624113475177304,0.1300824822912718,0.003841347539498774
LARRY_mouse4,AMPL371618,Dynamic,1720,115,-0.5703756983640952,-0.5722518758466412,-0.001876177482545985,0.2453900709219858,0.2578240912181091,0.01243402029612331
LARRY_mouse4,AMPL371676,Dynamic,1720,115,-0.6595830505034059,-0.6509385773028457,0.0086444732005602,0.6177304964539007,0.6026140048526385,0.01511649160126216
LARRY_mouse4,AMPL376711,Dynamic,1720,115,-0.4624284994579637,-0.466074973463258,-0.0036464740052942917,0.1723404255319149,0.18038722649952108,0.008046800967606182
LARRY_mouse4,AMPL355560,Dynamic,1720,115,-0.3126749672510404,-0.3169520388330533,-0.004277071582012912,0.08439716312056737,0.08487498271762012,0.0004778195970527449
LARRY_mouse4,AMPL365802,Dynamic,1720,115,-0.6851224057217258,-0.6901046166483524,-0.004982210926626722,0.5609929078014184,0.5810785470895898,0.02008563928817142
LARRY_mouse4,AMPL371673,Dynamic,1720,115,-0.5793264901375446,-0.5790589953039856,0.0002674948335588402,0.26099290780141843,0.2638153930769089,0.0028224852754904495
LARRY_mouse4,AMPL371378,Dynamic,1720,115,-0.48840017903342375,-0.4761605138034919,0.012239665229931881,0.18368794326241134,0.2281015449935115,0.04441360173110018
LARRY_mouse4,AMPL366081,Dynamic,1720,115,-0.6069441570009861,-0.6050129371150578,0.00193121988592838,0.300709219858156,0.3080431787066683,0.00733395884851229
LARRY_mouse4,AMPL366000,Dynamic,1720,115,-0.6847467774062804,-0.6916010847732981,-0.006854307367017671,0.45602836879432623,0.4448867012280764,0.011141667566249847
LARRY_mouse4,AMPL355849,Dynamic,1720,115,-0.6623630175189988,-0.6649064219586425,-0.002543404439643646,0.3893617021276596,0.383582222404854,0.005779479722805569
LARRY_mouse4,AMPL371741,Dynamic,1720,115,-0.4141083232597755,-0.41610806453235977,-0.001999741272584288,0.14326241134751774,0.14978983310205202,0.006527421754534274
LARRY_mouse4,AMPL371188,Dynamic,1720,115,-0.5759609195951583,-0.5702426117491989,0.005718307845959475,0.26666666666666666,0.28604452102695616,0.019377854360289493
LARRY_mouse4,AMPL371743,Dynamic,1720,115,-0.6343515876287775,-0.6258922670195031,0.008459320609274448,0.3070921985815603,0.3149736693227826,0.007881470741222307
LARRY_mouse4,AMPL366028,Dynamic,1720,115,-0.5095338123802166,-0.4893342005247996,0.020199611855417014,0.2028368794326241,0.20479747996384565,0.0019606005312215458
LARRY_mouse4,AMPL376554,Dynamic,1720,115,-0.24309948087644698,-0.24865132071478308,-0.00555183983833611,0.06666666666666667,0.07336791931289602,0.006701252646229353
LARRY_mouse4,AMPL371788,Dynamic,1720,115,-0.2728558195362184,-0.27701620852505204,-0.004160388988833674,0.06879432624113475,0.0679824822246903,0.000811844016444449
LARRY_mouse4,AMPL355637,Dynamic,1720,115,-0.6835203300183661,-0.6793453682523282,0.004174961766037926,0.5787234042553191,0.5757297760053602,0.0029936282499588573
LARRY_mouse4,AMPL371503,Dynamic,1720,115,-0.670987472764457,-0.6659768345707071,0.005010638193749892,0.5985815602836879,0.5986793248739971,0.0000977645903091906
LARRY_mouse4,AMPL371535,Dynamic,1720,115,-0.5105669919404825,-0.5190118897094299,-0.008444897768947414,0.1879432624113475,0.20179880466885866,0.01385554225751115
LARRY_mouse4,AMPL366243,Dynamic,1720,115,-0.4365900876046259,-0.44362987121454345,-0.007039783609917483,0.1595744680851064,0.17484030949479185,0.015265841409685454
LARRY_mouse4,AMPL371353,Dynamic,1720,115,-0.6284139557405307,-0.6295194341706136,-0.0011054784300828814,0.31063829787234043,0.30536694730792724,0.005271350564413191
LARRY_mouse4,AMPL371655,Dynamic,1720,115,-0.26308308009162074,-0.2613371192388246,0.0017459608527961438,0.07163120567375887,0.08625038553907975,0.01461917986532088
LARRY_mouse4,AMPL376642,Dynamic,1720,115,-0.6910918911034384,-0.7044680696036631,-0.013376178500224802,0.4794326241134752,0.45511277315383786,0.024319850959637346
LARRY_mouse4,AMPL365953,Dynamic,1720,115,-0.6843853596041211,-0.685918746021087,-0.001533386416966011,0.524113475177305,0.535916624434223,0.011803149256918055
LARRY_mouse4,AMPL371580,Dynamic,1720,115,-0.40436687615782263,-0.4155092161194279,-0.011142339961605257,0.12836879432624113,0.1332558392041123,0.004887044877871172
LARRY_mouse4,AMPL365901,Dynamic,1720,115,-0.4394771671976763,-0.4311392502690125,0.008337916928663818,0.15673758865248227,0.17512700425963254,0.018389415607150267
LARRY_mouse4,AMPL371570,Dynamic,1720,115,-0.029137987204830462,-0.030282705588823077,-0.0011447183839926162,0.9957446808510638,0.9947994172368458,0.0009452636142179838
LARRY_mouse4,AMPL371814,Dynamic,1720,115,-0.563097971740466,-0.5557680177377133,0.007329954002752764,0.2276595744680851,0.24650783168965967,0.01884825722157457
LARRY_mouse4,AMPL371312,Dynamic,1720,115,-0.6153763719914677,-0.6186445792356356,-0.0032682072441680035,0.29929078014184396,0.31913015478746004,0.01983937464561608
LARRY_mouse4,AMPL371677,Dynamic,1720,115,-0.3929664340761166,-0.396309879635223,-0.0033434455591064274,0.12836879432624113,0.12785786982109318,0.0005109245051479472
LARRY_mouse4,AMPL365795,Dynamic,1720,115,-0.5403681327556633,-0.5364612663273378,0.0039068664283254135,0.22624113475177304,0.20386674757274054,0.022374387179032507
LARRY_mouse4,AMPL371606,Dynamic,1720,115,-0.495196970192235,-0.501400733828305,-0.006203763636069969,0.18723404255319148,0.18743085225890077,0.0001968097057092888
LARRY_mouse4,AMPL371716,Dynamic,1720,115,-0.595181689038778,-0.5521814621033694,0.04300022693540861,0.699290780141844,0.7249021848432018,0.02561140470135781
LARRY_mouse4,AMPL371452,Dynamic,1720,115,-0.5028416289170852,-0.5066227238378501,-0.00378109492076493,0.7858156028368795,0.7847704082020523,0.0010451946348271068
LARRY_mouse4,AMPL371736,Dynamic,1720,115,-0.6623002065174639,-0.6694512228678804,-0.007151016350416533,0.601418439716312,0.5922922634486016,0.009126176267710395
LARRY_mouse4,AMPL365818,Dynamic,1720,115,-0.414636654191425,-0.4157523820146769,-0.0011157278232519201,0.13617021276595745,0.14951777432100907,0.013347561555051624
LARRY_mouse4,AMPL366056,Dynamic,1720,115,-0.5539871581452118,-0.5494308704358127,0.004556287709399094,0.2397163120567376,0.2557736333315614,0.016057321274823788
LARRY_mouse4,AMPL377538,Dynamic,1720,115,-0.5101417966485631,-0.5101099057480561,0.000031890900506863184,0.20851063829787234,0.19974055027960264,0.0087700880182697
LARRY_mouse4,AMPL371185,Dynamic,1720,115,-0.6872528788463582,-0.6846514836626255,0.002601395183732758,0.4198581560283688,0.4215856311881537,0.0017274751597848859
LARRY_mouse4,AMPL371231,Static,1720,115,-0.41091157717447857,-0.4068146947719543,0.004096882402524282,0.849645390070922,0.8688162595394636,0.01917086946854163
LARRY_mouse4,AMPL371552,Dynamic,1720,115,-0.6429419791076757,-0.6510168525699477,-0.008074873462272023,0.36524822695035464,0.3679550089341216,0.0027067819837669482
LARRY_mouse4,AMPL365907,Dynamic,1720,115,-0.05711874790627741,-0.05749639333163624,-0.0003776454253588312,0.007801418439716312,0.0064454654841038595,0.0013559529556124526
LARRY_mouse4,AMPL371197,Dynamic,1720,115,-0.5439321954390346,-0.5505671693350418,-0.0066349738960072005,0.23404255319148937,0.22466787849976141,0.009374674691727952
LARRY_mouse4,AMPL371323,Dynamic,1720,115,-0.2869667278890628,-0.29315639269602045,-0.006189664806957685,0.9156028368794327,0.9267830459287113,0.011180209049278633
LARRY_mouse4,AMPL366142,Dynamic,1720,115,-0.5789607688380802,-0.5273167304750391,0.051644038363041135,0.7468085106382979,0.7396132301352801,0.007195280503017765
LARRY_mouse4,AMPL355654,Dynamic,1720,115,-0.5491795602057649,-0.5297952809293737,0.019384279276391084,0.776595744680851,0.7587085884309901,0.017887156249860925
LARRY_mouse4,AMPL365828,Dynamic,1720,115,-0.531212003530998,-0.536080804773107,-0.004868801242109125,0.21063829787234042,0.2333663140486698,0.022728016176329385
LARRY_mouse4,AMPL376721,Dynamic,1720,115,-0.19082130487009846,-0.18699781908904675,0.0038234857810516983,0.9553191489361702,0.9527088898267938,0.0026102591093764005
LARRY_mouse4,AMPL389964,Dynamic,1720,115,-0.3556621391453175,-0.3294441924942428,0.026217946651074738,0.8992907801418439,0.8950478214292599,0.004242958712584066
LARRY_mouse4,AMPL390252,Dynamic,1720,115,-0.260617073585803,-0.2610887928854211,-0.0004717192996180685,0.9276595744680851,0.9291322751960045,0.0014727007279193849
LARRY_mouse4,AMPL365731,Static,1720,115,-0.6916714930395014,-0.5757185367153665,0.11595295632413485,0.5092198581560283,0.5646657157915786,0.05544585763555032
LARRY_mouse4,AMPL376850,Static,1720,115,-0.6904597005116656,-0.5825932442989171,0.10786645621274847,0.5418439716312057,0.568721896922873,0.026877925291667326
LARRY_mouse4,AMPL376373,Dynamic,1720,115,-0.2918097855202776,-0.2997990025948339,-0.007989217074556323,0.9184397163120568,0.916706744997363,0.001732971314693743
LARRY_mouse4,AMPL377317,Dynamic,1720,115,-0.6872205671272341,-0.6886826971319381,-0.0014621300047039324,0.5808510638297872,0.6049001233327578,0.024049059502970538
LARRY_mouse4,AMPL377328,Static,1720,115,-0.3932312695062344,-0.35279715693970626,0.040434112566528145,0.8687943262411347,0.8851104459463955,0.016316119705260812
LARRY_mouse4,AMPL390370,Static,1720,115,-0.6954429178590372,-0.6354093442275676,0.06003357363146963,0.5120567375886524,0.5118387718034526,0.00021796578519983623
LARRY_mouse4,AMPL371591,Static,1720,115,-0.40374620289442725,-0.38000293523651696,0.023743267657910294,0.8588652482269503,0.8565797294738479,0.0022855187531024557
LARRY_mouse4,AMPL371522,Static,1720,115,-0.4692106867020685,-0.35969980036387816,0.10951088633819038,0.8184397163120567,0.8303661907152136,0.011926474403156861
LARRY_mouse4,AMPL390025,Static,1720,115,-0.5917701926618667,-0.4033648306424645,0.18840536201940217,0.7184397163120567,0.793744044678834,0.07530432836677725
LARRY_mouse4,AMPL371508,Dynamic,1720,115,-0.44759991133220817,-0.45031021391723713,-0.0027103025850289384,0.8382978723404255,0.8434991621112861,0.00520128977086054
LARRY_mouse4,AMPL371634,Dynamic,1720,115,-0.024074004499578458,-0.024662833430297557,-0.000588828930719098,0.997872340425532,0.9985315124850008,0.0006591720594688599
LARRY_mouse4,AMPL371541,Dynamic,1720,115,-0.6898547427586901,-0.6726635472265875,0.017191195532102563,0.5397163120567375,0.5336922285156835,0.006024083541053993
LARRY_mouse4,AMPL388797,Static,1720,115,-0.7064982380071784,-0.5775268025218959,0.12897143548528248,0.5106382978723404,0.4993576834946746,0.01128061437766581
LARRY_mouse4,AMPL371547,Static,1720,115,-0.6266193091182494,-0.4267719848855684,0.19984732423268098,0.6886524822695036,0.7435727501582746,0.054920267888771024
LARRY_mouse4,AMPL355851,Dynamic,1720,115,-0.5810017582408028,-0.5721280346357286,0.008873723605074239,0.724822695035461,0.7235654638672767,0.0012572311681843251
LARRY_mouse4,AMPL376957,Dynamic,1720,115,-0.2909593240772886,-0.27084045164439385,0.020118872432894726,0.9170212765957447,0.9155311904406601,0.0014900861550846134
LARRY_mouse4,AMPL377097,Dynamic,1720,115,-0.6624927987870423,-0.6332357124021003,0.029257086384941934,0.40070921985815605,0.4201507354961819,0.019441515638025875
LARRY_mouse4,AMPL371255,Static,1720,115,-0.6387898685645846,-0.6085847140878484,0.030205154476736166,0.6794326241134752,0.6812710383273007,0.0018384142138255788
LARRY_mouse4,AMPL371813,Static,1720,115,-0.4082850634023378,-0.39192099601341723,0.016364067388920555,0.8645390070921986,0.8829601518985283,0.018421144806329726
LARRY_mouse4,AMPL388838,Dynamic,1720,115,-0.032370897484630866,-0.03268947696464035,-0.0003185794800094812,0.9950354609929078,0.9956742505225383,0.0006387895296304791
LARRY_mouse4,AMPL376591,Static,1720,115,-0.39098263342942496,-0.3691868792950415,0.021795754134383474,0.8666666666666667,0.8875702258182798,0.020903559151613127
LARRY_mouse4,AMPL377144,Dynamic,1720,115,-0.03804367964225443,-0.03778445857044537,0.00025922107180905525,0.9950354609929078,0.9966878361524831,0.0016523751595752811
LARRY_mouse4,AMPL376854,Dynamic,1720,115,-0.2585098031914584,-0.2046633839479055,0.053846419243552844,0.06879432624113475,0.09045334462324074,0.021659018382105988
LARRY_mouse4,AMPL371238,Dynamic,1720,115,-0.4229620935989339,-0.43146335764712096,-0.008501264048187112,0.85177304964539,0.8637479857449126,0.011974936099522604
LARRY_mouse4,AMPL388681,Static,1720,115,-0.6935377946904789,-0.5506360900473761,0.14290170464310287,0.4574468085106383,0.48349777250146514,0.026050963990826848
LARRY_mouse4,AMPL371186,Dynamic,1720,115,-0.41218289279084475,-0.4156824249181494,-0.00349953212730467,0.1326241134751773,0.13777014906373977,0.00514603558856247
LARRY_mouse4,AMPL390585,Static,1720,115,-0.6467455099104451,-0.6483896377478647,-0.0016441278374196996,0.6446808510638298,0.6590177157036352,0.014336864639805436
LARRY_mouse4,AMPL390129,Static,1720,115,-0.6143234138255897,-0.5426072804670095,0.07171613335858022,0.7035460992907802,0.7320364151079181,0.0284903158171379
LARRY_mouse4,AMPL355844,Dynamic,1720,115,-0.12291013424197479,-0.1262877952007539,-0.003377660958779093,0.973758865248227,0.9710637699799761,0.0026950952682508467
LARRY_mouse4,AMPL376597,Dynamic,1720,115,-0.4524302095451209,-0.45201167993196245,0.0004185296131584775,0.8212765957446808,0.8206450630209028,0.0006315327237780277
LARRY_mouse4,AMPL365812,Static,1720,115,-0.6698127030917459,-0.6157783294392833,0.05403437365246257,0.3659574468085106,0.4140178159252122,0.048060369116701585
LARRY_mouse4,AMPL390097,Static,1720,115,-0.3982262337246968,-0.3814648385335301,0.016761395191166668,0.8695035460992908,0.8635503811846343,0.0059531649146564725
LARRY_mouse4,AMPL355829,Static,1720,115,-0.4481426021523357,-0.42516615338172403,0.022976448770611693,0.8354609929078014,0.8343100363544327,0.0011509565533687205
LARRY_mouse4,AMPL355889,Dynamic,1720,115,-0.4746715361718448,-0.4734933101799693,0.0011782259918754524,0.17304964539007092,0.19243613714944455,0.019386491759373625
LARRY_mouse4,AMPL376733,Dynamic,1720,115,-0.6643640461179634,-0.5593113006658426,0.1050527454521208,0.39787234042553193,0.441327732754044,0.04345539232851209
LARRY_mouse4,AMPL390626,Static,1720,115,-0.5236589594702459,-0.46134785995993965,0.06231109951030621,0.18723404255319148,0.2516124928323732,0.06437845027918171
LARRY_mouse4,AMPL365730,Static,1720,115,-0.666842624767279,-0.6136348991969457,0.05320772557033323,0.6276595744680851,0.6467543665787211,0.019094792110636027
LARRY_mouse4,AMPL390006,Dynamic,1720,115,-0.03726054182617146,-0.03885148389026665,-0.001590942064095194,0.9943262411347518,0.9959641114710126,0.0016378703362608382
LARRY_mouse4,AMPL371756,Dynamic,1720,115,-0.6096495864441007,-0.6111997343231771,-0.0015501478790763167,0.699290780141844,0.7016888474752141,0.002398067333370113
LARRY_mouse4,AMPL355580,Static,1720,115,-0.4619667409208626,-0.4025922966025264,0.05937444431833623,0.8468085106382979,0.8091102751015827,0.03769823553671514
LARRY_mouse4,AMPL365940,Dynamic,1720,115,-0.37343668359017196,-0.345404721270888,0.028031962319283954,0.8815602836879433,0.8847821182729664,0.00322183458502312
LARRY_mouse4,AMPL366193,Dynamic,1720,115,-0.6853736940381934,-0.6844167828560721,0.000956911182121197,0.5177304964539007,0.5361561869772966,0.018425690523395932
LARRY_mouse4,AMPL377424,Dynamic,1720,115,-0.2762327065678037,-0.27155092812386183,0.004681778443941859,0.925531914893617,0.9391383319003644,0.013606417006747473
LARRY_mouse4,AMPL377537,Dynamic,1720,115,-0.1729598717336726,-0.17723941220559064,-0.004279540471918046,0.03829787234042553,0.04246090458998717,0.004163032249561639
LARRY_mouse4,AMPL378501,Static,1720,115,-0.6510449802680663,-0.5219611751970415,0.1290838050710248,0.649645390070922,0.6031973407536141,0.04644804931730795
LARRY_mouse4,AMPL355676,Static,1720,115,-0.4829127661341422,-0.4711862935109946,0.01172647262314756,0.8028368794326242,0.8152107333354631,0.01237385390283896
LARRY_mouse4,AMPL355831,Static,1720,115,-0.6967994869255736,-0.5731531024512047,0.12364638447436893,0.5546099290780142,0.4853726104035207,0.06923731867449351
LARRY_mouse4,AMPL376547,Dynamic,1720,115,-0.12601642335722357,-0.12263837316890659,0.0033780501883169793,0.975886524822695,0.9746415230690878,0.0012450017536072
LARRY_mouse4,AMPL371772,Static,1720,115,-0.5950310029798319,-0.47443109797437477,0.1205999050054571,0.7439716312056738,0.6944120353485054,0.049559595857168404
LARRY_mouse4,AMPL371261,Dynamic,1720,115,-0.02623059584836757,-0.027311418544619357,-0.0010808226962517856,0.9964539007092199,0.9980358171172619,0.00158191640804195
LARRY_mouse4,AMPL371729,Dynamic,1720,115,-0.691181883882373,-0.6902644617193889,0.0009174221629840557,0.5432624113475177,0.5624439813405863,0.019181569993068526
LARRY_mouse4,AMPL371483,Static,1720,115,-0.42822341081953047,-0.40007544900659087,0.028147961812939635,0.8560283687943262,0.8442937082417967,0.011734660552529474
LARRY_mouse4,AMPL371172,Dynamic,1720,115,-0.29890202660908405,-0.2872015646564579,0.01170046195262617,0.9241134751773049,0.901662476698946,0.022450998478358963
LARRY_mouse4,AMPL371792,Dynamic,1720,115,-0.6947542684258795,-0.6939202491195531,0.0008340193063263488,0.5127659574468085,0.5227795340918605,0.01001357664505198
LARRY_mouse4,AMPL371355,Dynamic,1720,115,-0.624791959593525,-0.5262608867671529,0.09853107282637202,0.6801418439716312,0.6801875845785628,0.00004574060693152138
LARRY_mouse4,AMPL355534,Dynamic,1720,115,-0.4469548274492682,-0.44273876035121895,0.0042160670980492376,0.8347517730496454,0.8466509086640737,0.011899135614428236
LARRY_mouse4,AMPL377174,Dynamic,1720,115,-0.44623784952650625,-0.4443793049719466,0.0018585445545596714,0.8283687943262411,0.8038312558741412,0.02453753845209994
LARRY_mouse4,AMPL366007,Dynamic,1720,115,-0.4041991765990009,-0.4025729955668348,0.001626181032166089,0.8574468085106383,0.8567052628397832,0.0007415456708550483
LARRY_mouse4,AMPL366182,Static,1720,115,-0.45840695744372456,-0.33349936944717257,0.12490758799655201,0.8368794326241135,0.7934623973073663,0.04341703531674712
LARRY_mouse4,AMPL371512,Static,1720,115,-0.6732621715594354,-0.6058554040284387,0.06740676753099666,0.38368794326241135,0.3878212423954924,0.004133299133081081
LARRY_mouse4,AMPL390462,Dynamic,1720,115,-0.10764521029404317,-0.10847775013284176,-0.000832539838798587,0.975886524822695,0.979821971085881,0.003935446263185982
LARRY_mouse4,AMPL378486,Dynamic,1720,115,-0.4225299023112046,-0.33996739120393926,0.08256251110726534,0.8553191489361702,0.8341425488538394,0.0211766000823308
LARRY_mouse4,AMPL376643,Dynamic,1720,115,-0.083262351728305,-0.07897739195434872,0.004284959773956281,0.9836879432624114,0.97277232600672,0.010915617255691346
LARRY_mouse4,AMPL390336,Dynamic,1720,115,-0.6883069808354129,-0.593716944834149,0.09459003600126377,0.45673758865248226,0.44174605203836065,0.014991536614121614
LARRY_mouse4,AMPL390512,Dynamic,1720,115,-0.31590437767982826,-0.22510562913223833,0.09079874854758994,0.9205673758865248,0.9180494912171032,0.0025178846694215995
LARRY_mouse4,AMPL371317,Dynamic,1720,115,-0.6338177942285523,-0.4535163848276961,0.18030140940085626,0.3177304964539007,0.27139717573906585,0.04633332071483487
LARRY_mouse4,AMPL371811,Dynamic,1720,115,-0.5001934621363725,-0.3772181952938147,0.1229752668425578,0.8170212765957446,0.8420241076301049,0.025002831034360296
LARRY_mouse4,AMPL376577,Static,1720,115,-0.5053976406218393,-0.5135863805318124,-0.00818873990997305,0.7964539007092198,0.8016057477636577,0.00515184705443783
LARRY_mouse4,AMPL376593,Static,1720,115,-0.6969794033208081,-0.5351628220511163,0.16181658126969184,0.45177304964539006,0.47339114754300415,0.021618097897614097
LARRY_mouse4,AMPL371251,Static,1720,115,-0.5744265964778549,-0.466816069017559,0.10761052746029587,0.7780141843971631,0.7333144170228327,0.044699767374330346
LARRY_mouse4,AMPL371471,Dynamic,1720,115,-0.270850991094521,-0.2777898092380927,-0.006938818143571698,0.9234042553191489,0.9175040487858865,0.005900206533262398
LARRY_mouse4,AMPL377510,Dynamic,1720,115,-0.34270529839687175,-0.27352297126418784,0.06918232713268392,0.898581560283688,0.9032198589002384,0.004638298616550407
LARRY_mouse4,AMPL365861,Dynamic,1720,115,-0.6155276198991988,-0.6225451519316898,-0.00701753203249099,0.2929078014184397,0.29236439866256875,0.0005434027558709476
LARRY_mouse4,AMPL371644,Dynamic,1720,115,-0.6874314256821682,-0.6322923749597101,0.05513905072245816,0.5531914893617021,0.6063910111629982,0.05319952180129606
LARRY_mouse4,AMPL371773,Dynamic,1720,115,-0.692924201830364,-0.6490550194338679,0.04386918239649612,0.5212765957446809,0.5220284588136296,0.0007518630689486994
LARRY_mouse4,AMPL371292,Static,1720,115,-0.6913399046376946,-0.5564984189529886,0.13484148568470605,0.4716312056737589,0.46760236365326746,0.004028842020491419
LARRY_mouse4,AMPL376843,Dynamic,1720,115,-0.378599627828063,-0.3569860564717015,0.021613571356361494,0.8709219858156029,0.8853101120423333,0.014388126226730469
LARRY_mouse4,AMPL390223,Static,1720,115,-0.6637511337298678,-0.530072586753221,0.13367854697664686,0.3588652482269504,0.31134024111364145,0.047525007113308926
LARRY_mouse4,AMPL371812,Static,1720,115,-0.5249842397272991,-0.3565682771207475,0.1684159626065516,0.7900709219858156,0.8160673966459483,0.025996474660132662
LARRY_mouse4,AMPL390215,Dynamic,1720,115,-0.010050335853501341,-0.010050335853501341,0,1,1,0
LARRY_mouse4,AMPL371589,Dynamic,1720,115,-0.6429006674548969,-0.651188456034151,-0.008287788579254041,0.6028368794326241,0.614384338419212,0.011547458986587933
LARRY_mouse4,AMPL371389,Dynamic,1720,115,-0.4324886101781368,-0.4354981033312457,-0.0030094931531089272,0.8262411347517731,0.822705252211781,0.0035358825399920413
LARRY_mouse4,AMPL371265,Dynamic,1720,115,-0.614474660057689,-0.6111027196845567,0.0033719403731323,0.6659574468085107,0.6752929910627946,0.009335544254283956
LARRY_mouse4,AMPL366159,Dynamic,1720,115,-0.5843931448866821,-0.5898527129840447,-0.005459568097362627,0.6950354609929078,0.704876922190124,0.009841461197216184
LARRY_mouse4,AMPL371654,Dynamic,1720,115,-0.5423215789892166,-0.49194040812235457,0.050381170866862,0.7787234042553192,0.7667459987539196,0.011977405501399585
LARRY_mouse4,AMPL355947,Dynamic,1720,115,-0.5723511235144905,-0.5267011392843095,0.04564998423018096,0.7347517730496453,0.7292090322337229,0.005542740815922431
LARRY_mouse4,AMPL390594,Dynamic,1720,115,-0.01830455876862996,-0.018547231935339303,-0.00024267316670934267,0.997872340425532,0.9946648426812584,0.0032074977442735353
LARRY_mouse4,AMPL355546,Dynamic,1720,115,-0.5984647297751727,-0.6083768281993883,-0.00991209842421556,0.6531914893617021,0.6614939665095743,0.008302477147872134
LARRY_mouse4,AMPL355932,Dynamic,1720,115,-0.39163936560806506,-0.35820231181934714,0.03343705378871788,0.8801418439716312,0.8804332384912221,0.0002913945195909262
LARRY_mouse4,AMPL365895,Dynamic,1720,115,-0.5888756302277668,-0.5876319921346294,0.001243638093137369,0.6900709219858157,0.7024500035681184,0.01237908158230272
LARRY_mouse4,AMPL365894,Dynamic,1720,115,-0.6443634750524412,-0.6487951716733764,-0.004431696620935232,0.601418439716312,0.6020864663142901,0.0006680265979780442
LARRY_mouse4,AMPL355545,Dynamic,1720,115,-0.06056175460594877,-0.06114509050233929,-0.0005833358963905131,0.9893617021276596,0.9869793555918893,0.0023823465357702966
LARRY_mouse4,AMPL365945,Dynamic,1720,115,-0.6950228916711984,-0.6985530578749937,-0.0035301662037953035,0.526241134751773,0.5235095824849054,0.0027315522668676095
LARRY_mouse4,AMPL365823,Dynamic,1720,115,-0.6767329591269851,-0.6684929451457319,0.008240013981253205,0.451063829787234,0.4616901861014353,0.01062635631420128
LARRY_mouse4,AMPL365750,Dynamic,1720,115,-0.5876331600238213,-0.58875015109314,-0.0011169910693187705,0.6964539007092199,0.7237986152452668,0.02734471453604692
LARRY_mouse4,AMPL371732,Static,1720,115,-0.6935332996456421,-0.6383557560708296,0.055177543574812624,0.5219858156028369,0.5537302090745138,0.0317443934716769
LARRY_mouse4,AMPL371479,Dynamic,1720,115,-0.6114305585063091,-0.597704238262465,0.01372632024384413,0.7021276595744681,0.7021235896407522,0.000004069933715933338
LARRY_mouse4,AMPL371488,Dynamic,1720,115,-0.6929222022609506,-0.6650258996826561,0.027896302578294396,0.46595744680851064,0.5121395394053575,0.04618209259684686
LARRY_mouse4,AMPL365844,Static,1720,115,-0.6700346138913607,-0.6270421985511692,0.04299241534019151,0.3872340425531915,0.3773598697393233,0.00987417281386821
LARRY_mouse4,AMPL365790,Dynamic,1720,115,-0.18736483168428375,-0.1861908605809698,0.0011739711033139236,0.9602836879432625,0.9687098974520377,0.008426209508775262
LARRY_mouse4,AMPL371358,Dynamic,1720,115,-0.6642695828618869,-0.663363536570528,0.0009060462913588032,0.37872340425531914,0.3922787994871696,0.013555395231850453
LARRY_mouse4,AMPL371262,Dynamic,1720,115,-0.6004216058894111,-0.600654352994836,-0.00023274710542494197,0.6957446808510638,0.7166619225451506,0.02091724169408682
LARRY_mouse4,AMPL366082,Dynamic,1720,115,-0.6210768169387717,-0.6236065696457835,-0.002529752707011915,0.6390070921985815,0.6613443953605223,0.022337303161940714
LARRY_mouse4,AMPL365923,Dynamic,1720,115,-0.6603160816273158,-0.612595306094145,0.0477207755331708,0.3851063829787234,0.4004462573418219,0.015339874363098471
LARRY_mouse4,AMPL390593,Dynamic,1720,115,-0.5539062833124639,-0.5410794145829754,0.012826868729488588,0.7539007092198582,0.7855142199457983,0.0316135107259401
LARRY_mouse4,AMPL366042,Dynamic,1720,115,-0.6746284983696924,-0.6743211823523035,0.00030731601738892116,0.5205673758865248,0.5239695147758316,0.0034021388893068494
LARRY_mouse4,AMPL371491,Dynamic,1720,115,-0.5540751494112307,-0.530923845114358,0.023151304296872767,0.7631205673758865,0.7837229095449018,0.020602342169015242
LARRY_mouse4,AMPL376551,Dynamic,1720,115,-0.5269698901741425,-0.5320912246653566,-0.005121334491214048,0.7539007092198582,0.7594489049845714,0.005548195764713215
LARRY_mouse4,AMPL376320,Static,1720,115,-0.618454505014591,-0.6111589169109802,0.007295588103610773,0.6893617021276596,0.6910985742489646,0.001736872121305022
LARRY_mouse4,AMPL389990,Dynamic,1720,115,-0.672572684382405,-0.6748262081161392,-0.0022535237337341493,0.5943262411347517,0.5889994999323215,0.005326741202430263
LARRY_mouse4,AMPL366090,Dynamic,1720,115,-0.629831111806015,-0.6276161638932911,0.002214947912723928,0.34609929078014184,0.3623070983507361,0.016207807570594257
LARRY_mouse4,AMPL376917,Dynamic,1720,115,-0.6429704099360137,-0.6398265766912795,0.0031438332447341804,0.3851063829787234,0.40402800528786476,0.01892162230914135
LARRY_mouse4,AMPL388261,Dynamic,1720,115,-0.4975199956102201,-0.47015529586680804,0.02736469974341203,0.800709219858156,0.7975064823827414,0.003202737475414663
LARRY_mouse4,AMPL366052,Dynamic,1720,115,-0.5890289906270076,-0.5805132015756695,0.008515789051338034,0.6815602836879433,0.7196055687321187,0.03804528504417537
LARRY_mouse4,AMPL366022,Dynamic,1720,115,-0.5553733972665527,-0.5589431918195857,-0.0035697945530331005,0.724113475177305,0.7408166868583683,0.016703211681063368
LARRY_mouse4,AMPL388732,Dynamic,1720,115,-0.666658693267361,-0.6645265085104192,0.00213218475694195,0.6049645390070922,0.6219474895072351,0.016982950500142868
LARRY_mouse4,AMPL390601,Static,1720,115,-0.5980650576690096,-0.471547123700208,0.12651793396880168,0.7163120567375887,0.749584981923006,0.03327292518541736
LARRY_mouse4,AMPL366088,Dynamic,1720,115,-0.6722082515396833,-0.6715818226322368,0.0006264289074465523,0.44680851063829785,0.469846333082195,0.023037822443897127
LARRY_mouse4,AMPL365853,Dynamic,1720,115,-0.6630166080357041,-0.6633555822857128,-0.00033897425000865296,0.3843971631205674,0.37322357426816527,0.011173588852402105
LARRY_mouse4,AMPL390570,Static,1720,115,-0.6080647198261339,-0.5167014393789666,0.09136328044716725,0.7021276595744681,0.6357209291588186,0.06640673041564948
LARRY_mouse4,AMPL366029,Static,1720,115,-0.4525816788165554,-0.41469656886365747,0.03788510995289796,0.14893617021276595,0.17801716405681,0.029080993844044056
LARRY_mouse4,AMPL388788,Dynamic,1720,115,-0.6581949183319499,-0.6572014553566605,0.000993462975289403,0.4957446808510638,0.5148035677107536,0.019058886859689816
LARRY_mouse4,AMPL365896,Dynamic,1720,115,-0.3729660149758012,-0.38010454033959906,-0.007138525363797903,0.8787234042553191,0.8916361545506252,0.01291275029530603
LARRY_mouse4,AMPL388408,Static,1720,115,-0.6857852650099363,-0.5975810848957441,0.08820418011419216,0.5836879432624114,0.6108500580445354,0.027162114782124047
LARRY_mouse4,AMPL388483,Dynamic,1720,115,-0.6765976104165571,-0.6767254182882461,-0.00012780787168895945,0.5815602836879432,0.5767632118612849,0.004797071826658339
LARRY_mouse4,AMPL389970,Dynamic,1720,115,-0.6674718878280508,-0.6579053841234765,0.009566503704574252,0.5765957446808511,0.5679012067087785,0.008694537972072536
LARRY_mouse4,AMPL388223,Dynamic,1720,115,-0.17315692488541487,-0.17588829149485202,-0.0027313666094371694,0.9624113475177305,0.9660117873251518,0.0036004398074213073
LARRY_mouse4,AMPL365981,Dynamic,1720,115,-0.5105896203774245,-0.500964812626781,0.009624807750643402,0.20567375886524822,0.225951133128418,0.02027737426316978
LARRY_mouse4,AMPL390597,Dynamic,1720,115,-0.6899516578206185,-0.6936282474359612,-0.003676589615342706,0.46099290780141844,0.4793189718743721,0.018326064072953674
LARRY_mouse4,AMPL366053,Dynamic,1720,115,-0.53077299543241,-0.5291079234771134,0.0016650719552964753,0.23191489361702128,0.2531664636271107,0.021251570010089427
LARRY_mouse4,AMPL390487,Dynamic,1720,115,-0.6382965918411088,-0.6391854102516573,-0.0008888184105485433,0.6524822695035462,0.6594523429322057,0.006970073428659518
LARRY_mouse4,AMPL376483,Dynamic,1720,115,-0.5713181416338617,-0.577866948251053,-0.006548806617191269,0.7397163120567376,0.7487415049364448,0.009025192879707156
LARRY_mouse4,AMPL388272,Static,1720,115,-0.4399162965971241,-0.3700435453150468,0.0698727512820773,0.8425531914893617,0.8127084516994363,0.029844739789925412
LARRY_mouse4,AMPL388655,Dynamic,1720,115,-0.6718104172781092,-0.6678820045665929,0.003928412711516341,0.41205673758865247,0.4090824041805954,0.002974333408057084
LARRY_mouse4,AMPL390581,Dynamic,1720,115,-0.17968735019907514,-0.17820587913809402,0.0014814710609811219,0.9553191489361702,0.9509857530961933,0.004333395839976939
LARRY_mouse4,AMPL388628,Static,1720,115,-0.5245699124140655,-0.5039186072351314,0.020651305178934067,0.7815602836879433,0.777417080914659,0.0041432027732842824
LARRY_mouse4,AMPL376587,Dynamic,1720,115,-0.6753732789641029,-0.6530482051671659,0.022325073796937007,0.5546099290780142,0.5632687487425199,0.008658819664505657
LARRY_mouse4,AMPL388291,Dynamic,1720,115,-0.6872765745538597,-0.6841188521878356,0.003157722366024092,0.5255319148936171,0.5531562193936056,0.02762430449998854
LARRY_mouse4,AMPL376465,Static,1720,115,-0.5055025417236927,-0.38376648273729447,0.12173605898639826,0.7879432624113475,0.8244853462846049,0.036542083873257414
LARRY_mouse4,AMPL388609,Dynamic,1720,115,-0.0868151213956176,-0.0886790815338745,-0.0018639601382568968,0.9822695035460993,0.9825702628435126,0.0003007592974132445
LARRY_mouse4,AMPL389976,Dynamic,1720,115,-0.012721917161719344,-0.01298842510804572,-0.00026650794632637623,0.999290780141844,0.9993714644877435,0.00008068434589947326
LARRY_mouse4,AMPL388660,Dynamic,1720,115,-0.35564694649710893,-0.34827466416386466,0.007372282333244253,0.8879432624113475,0.8876728473177254,0.0002704150936220229
LARRY_mouse4,AMPL388807,Dynamic,1720,115,-0.5774444282304914,-0.5821612269683099,-0.004716798737818442,0.2581560283687943,0.26448496324717746,0.006328934878383152
LARRY_mouse4,AMPL388710,Dynamic,1720,115,-0.6656108294807969,-0.6689649342161024,-0.003354104735305507,0.3801418439716312,0.3887875771428851,0.008645733171253889
LARRY_mouse4,AMPL388618,Dynamic,1720,115,-0.1363001415808277,-0.13632098854354774,-0.00002084696272005814,0.9709219858156029,0.9758677840157108,0.004945798200107987
LARRY_mouse4,AMPL365753,Dynamic,1720,115,-0.6838988073638815,-0.664731407263578,0.019167400100303534,0.5702127659574469,0.5584731319747197,0.011739633982727149
LARRY_mouse4,AMPL388620,Static,1720,115,-0.6346422378306751,-0.5455179911080301,0.08912424672264492,0.6780141843971631,0.6932685440156882,0.01525435961852506
LARRY_mouse4,AMPL376501,Dynamic,1720,115,-0.07235352763574074,-0.07162787993710218,0.0007256476986385533,0.9886524822695035,0.9896465239372805,0.000994041667776946
LARRY_mouse4,AMPL376938,Dynamic,1720,115,-0.38271212851729886,-0.3662002686974453,0.01651185981985351,0.8666666666666667,0.8618812346709838,0.004785431995682932
LARRY_mouse4,AMPL376318,Dynamic,1720,115,-0.643148481136556,-0.6288579359342604,0.014290545202295614,0.3312056737588652,0.3325207905547346,0.0013151167958693755
LARRY_mouse4,AMPL376298,Static,1720,115,-0.49860063680468847,-0.46708552413777343,0.031515112666915,0.8021276595744681,0.8074872424756868,0.00535958290121874
LARRY_mouse4,AMPL388818,Dynamic,1720,115,-0.6047336018698971,-0.6120477751867467,-0.007314173316849572,0.29432624113475175,0.2982863031822727,0.003960062047520974
LARRY_mouse4,AMPL371802,Dynamic,1720,115,-0.635056892681867,-0.6014216462011055,0.033635246480761466,0.6581560283687943,0.7163247520969208,0.05816872372812654
LARRY_mouse4,AMPL388428,Dynamic,1720,115,-0.1667366579397585,-0.16304761820538682,0.0036890397343716645,0.03687943262411347,0.04260465375301018,0.005725221128896708
LARRY_mouse4,AMPL390606,Dynamic,1720,115,-0.2170914643365965,-0.21978481729737334,-0.0026933529607768227,0.9453900709219858,0.938285123293724,0.0071049476282617485
LARRY_mouse4,AMPL388351,Dynamic,1720,115,-0.6704411557394296,-0.6803141401460732,-0.009872984406643508,0.6134751773049646,0.6303497180898898,0.01687454078492523
LARRY_mouse4,AMPL371757,Dynamic,1720,115,-0.5568488777008387,-0.5075248008716841,0.04932407682915465,0.7659574468085106,0.7761270699035315,0.010169623095020897
LARRY_mouse4,AMPL388260,Static,1720,115,-0.5601560999869583,-0.5389422683033318,0.02121383168362641,0.7581560283687944,0.7602303490638858,0.0020743206950913917
LARRY_mouse4,AMPL388402,Dynamic,1720,115,-0.3119026967743089,-0.31777794431438383,-0.0058752475400749805,0.9106382978723404,0.9094984530405633,0.0011398448317770926
LARRY_mouse4,AMPL388730,Dynamic,1720,115,-0.2573552103137649,-0.2540038266802524,0.0033513836335125,0.9326241134751773,0.9252679714376463,0.007356142037530988
LARRY_mouse4,AMPL388354,Dynamic,1720,115,-0.485741297470922,-0.485732241597922,0.000009055872999992125,0.8014184397163121,0.8124283743476934,0.011009934631381335
LARRY_mouse4,AMPL388447,Dynamic,1720,115,-0.17492069775969474,-0.1793065162016653,-0.004385818441970556,0.9609929078014184,0.9617137171622068,0.0007208093607883326
LARRY_mouse4,AMPL390547,Dynamic,1720,115,-0.6718107993169978,-0.6643290863798095,0.007481712937188276,0.4049645390070922,0.4211300672640657,0.016165528256973538
LARRY_mouse4,AMPL390256,Dynamic,1720,115,-0.6758616369972572,-0.6380057331537495,0.03785590384350765,0.40283687943262414,0.4166537861679218,0.013816906735297674
LARRY_mouse4,AMPL388671,Dynamic,1720,115,-0.3559404648926989,-0.3587350098967198,-0.0027945450040208417,0.11063829787234042,0.12201262642074272,0.011374328548402299
LARRY_mouse4,AMPL390079,Static,1720,115,-0.6180775056495127,-0.5304786442741394,0.0875988613753734,0.6872340425531915,0.6981451793552705,0.010911136802079002
LARRY_mouse4,AMPL376650,Dynamic,1720,115,-0.24037749300535208,-0.23555358999569995,0.004823903009652133,0.06595744680851064,0.06734659620775255,0.0013891493992419096
LARRY_mouse4,AMPL388631,Static,1720,115,-0.41060943381285586,-0.36076586229038127,0.049843571522474574,0.8588652482269503,0.8455284060563409,0.013336842170609375
LARRY_mouse4,AMPL388514,Dynamic,1720,115,-0.4343534856820535,-0.3370803811923425,0.09727310448971098,0.8333333333333334,0.8417204441275462,0.008387110794212838
LARRY_mouse4,AMPL376689,Dynamic,1720,115,-0.4482889327536455,-0.44486661688954526,0.0034223158641002636,0.15886524822695036,0.15896940185502226,0.00010415362807189577
LARRY_mouse4,AMPL366150,Dynamic,1720,115,-0.17594062306330807,-0.17734654707826855,-0.0014059240149604814,0.9588652482269504,0.957723338918184,0.0011419093087664534
LARRY_mouse4,AMPL390130,Static,1720,115,-0.36843505237670354,-0.33449941041508396,0.0339356419616196,0.8929078014184397,0.8872793117134752,0.0056284897049645455
LARRY_mouse4,AMPL376310,Static,1720,115,-0.46160452903998805,-0.3547331483882536,0.10687138065173445,0.823404255319149,0.857416764624838,0.034012509305689
LARRY_mouse4,AMPL388761,Static,1720,115,-0.4416263230863297,-0.43549006135507395,0.006136261731255752,0.8453900709219858,0.8532288703588076,0.007838799436821753
LARRY_mouse4,AMPL388758,Dynamic,1720,115,-0.5415615193177469,-0.5371186040324136,0.004442915285333221,0.7709219858156028,0.7773456707495899,0.0064236849339871505
LARRY_mouse4,AMPL388232,Dynamic,1720,115,-0.672232787799478,-0.6622255278521361,0.010007259947341942,0.5921985815602837,0.6049341510202791,0.012735569459995433
LARRY_mouse4,AMPL366102,Dynamic,1720,115,-0.6485070168998875,-0.650229170468728,-0.001722153568840403,0.350354609929078,0.35176985398601995,0.0014152440569419333
LARRY_mouse4,AMPL388861,Static,1720,115,-0.6225313741971901,-0.6136268113325293,0.008904562864660721,0.675177304964539,0.6857487472266298,0.010571442262090835
LARRY_mouse4,AMPL376698,Dynamic,1720,115,-0.4847865416579741,-0.4487688988904328,0.03601764276754125,0.8177304964539007,0.7959352902895107,0.021795206164390013
LARRY_mouse4,AMPL388801,Dynamic,1720,115,-0.6633626621604328,-0.6652680076987133,-0.0019053455382804661,0.37163120567375885,0.3716135552049721,0.000017650468786767348
LARRY_mouse4,AMPL388346,Dynamic,1720,115,-0.37814204380382277,-0.3841980468444781,-0.006056003040655363,0.875177304964539,0.8841933620678011,0.009016057103262032
LARRY_mouse4,AMPL388246,Dynamic,1720,115,-0.5528778376425239,-0.5598870188557704,-0.007009181213246581,0.7226950354609929,0.729951081680536,0.007256046219543122
LARRY_mouse4,AMPL388335,Dynamic,1720,115,-0.6898939311616288,-0.698222645413199,-0.008328714251570222,0.5234042553191489,0.5157254658760153,0.0076787894431336046
LARRY_mouse4,AMPL388203,Dynamic,1720,115,-0.21339046897292901,-0.20948997865132316,0.003900490321605861,0.05177304964539007,0.064298166312024,0.012525116666633924
LARRY_mouse4,AMPL388780,Dynamic,1720,115,-0.27213717135290355,-0.27407409908568614,-0.0019369277327825785,0.926950354609929,0.9198422393308253,0.0071081152791037105
LARRY_mouse4,AMPL376517,Dynamic,1720,115,-0.5609951580055477,-0.511012464592185,0.049982693413362686,0.24609929078014184,0.24558865367912117,0.0005106371010206723
LARRY_mouse4,AMPL388186,Dynamic,1720,115,-0.2933791092783851,-0.29810412646805773,-0.004725017189672616,0.9205673758865248,0.9288825013790588,0.008315125492533992
LARRY_mouse4,AMPL389962,Dynamic,1720,115,-0.4079049349179287,-0.4108038117966862,-0.0028988768787575133,0.14042553191489363,0.13982759879577406,0.0005979331191195703
LARRY_mouse4,AMPL390347,Dynamic,1720,115,-0.040803632624692415,-0.04203272309802018,-0.0012290904733277702,0.9936170212765958,0.9912129078964238,0.0024041133801719905
LARRY_mouse4,AMPL388535,Dynamic,1720,115,-0.04632790730216605,-0.04739404077579522,-0.0010661334736291684,0.9907801418439717,0.9905932023031646,0.00018693954080706288
LARRY_mouse4,AMPL390499,Dynamic,1720,115,-0.18739516114851337,-0.1880419044742677,-0.0006467433257543047,0.948936170212766,0.9448392744936712,0.004096895719094773
LARRY_mouse4,AMPL388355,Dynamic,1720,115,-0.5200064893962608,-0.5232677013820675,-0.0032612119858066273,0.7936170212765957,0.8036640293302457,0.010047008053649997
LARRY_mouse4,AMPL388466,Dynamic,1720,115,-0.5236648958286266,-0.5230929181169315,0.0005719777116951263,0.21063829787234042,0.21177660655741126,0.001138308685070838
LARRY_mouse4,AMPL371208,Dynamic,1720,115,-0.43608517614944536,-0.437147435819183,-0.0010622596697375847,0.16028368794326242,0.16178710122897155,0.001503413285709132
LARRY_mouse4,AMPL376470,Dynamic,1720,115,-0.6826887066790783,-0.6816824710805617,0.0010062355985167488,0.5042553191489362,0.5133306064340232,0.009075287285086997
LARRY_mouse4,AMPL390220,Dynamic,1720,115,-0.31834770391764894,-0.32477533707575035,-0.0064276331581013865,0.8992907801418439,0.9023367277503098,0.003045947608465882
LARRY_mouse4,AMPL365733,Dynamic,1720,115,-0.6084085304423495,-0.609566052916947,-0.001157522474597478,0.3021276595744681,0.3136402196832047,0.011512560108736636
LARRY_mouse4,AMPL388527,Dynamic,1720,115,-0.010050335853501341,-0.010050335853501341,0,1,1,0
LARRY_mouse4,AMPL371607,Dynamic,1720,115,-0.5619851548053194,-0.5607680339390251,0.0012171208662943341,0.750354609929078,0.7477001474316131,0.0026544624974649267
LARRY_mouse4,AMPL366035,Dynamic,1720,115,-0.6440844500393208,-0.6409334029931983,0.003151047046122416,0.6531914893617021,0.6631431143299343,0.009951624968232209
LARRY_mouse4,AMPL388561,Dynamic,1720,115,-0.5190606883337853,-0.5258543080852107,-0.00679361975142543,0.7829787234042553,0.7751705344569025,0.007808188947352801
LARRY_mouse4,AMPL388770,Dynamic,1720,115,-0.660824863179981,-0.6643905709420518,-0.003565707762070783,0.43829787234042555,0.4432061833360068,0.004908310995581255
LARRY_mouse4,AMPL376449,Static,1720,115,-0.6119064282341271,-0.5224586078137455,0.08944782042038157,0.6822695035460993,0.7302833360651017,0.048013832519002375
LARRY_mouse4,AMPL388341,Dynamic,1720,115,-0.6896691323925509,-0.6900538174483885,-0.00038468505583750813,0.5099290780141844,0.4917508757057569,0.018178202308427538
LARRY_mouse4,AMPL388743,Static,1720,115,-0.6867805472642977,-0.6972417172171939,-0.010461169952896207,0.5482269503546099,0.5521190112770984,0.003892060922488505
LARRY_mouse4,AMPL389965,Static,1720,115,-0.6758055575174652,-0.6056760101780814,0.07012954733938379,0.6028368794326241,0.6314064095008477,0.028569530068223603
LARRY_mouse4,AMPL390408,Dynamic,1720,115,-0.4818138883444351,-0.46534324532610755,0.01647064301832758,0.8156028368794326,0.8342489526358257,0.018646115756393078
LARRY_mouse4,AMPL388704,Dynamic,1720,115,-0.3896178471795209,-0.36152071592492524,0.028097131254595644,0.8624113475177305,0.8841248556723453,0.021713508154614813
LARRY_mouse4,AMPL376822,Static,1720,115,-0.5931900858973748,-0.5015777505283384,0.09161233536903636,0.7021276595744681,0.679643037380246,0.022484622194222093
LARRY_mouse4,AMPL388622,Dynamic,1720,115,-0.06989454702413332,-0.06951809901169764,0.000376448012435676,0.9879432624113476,0.9877297406635865,0.00021352174776101407
LARRY_mouse4,AMPL388484,Static,1720,115,-0.3771935156861836,-0.32789501969020546,0.04929849599597811,0.8780141843971632,0.8303030914462896,0.04771109295087361
LARRY_mouse4,AMPL365968,Dynamic,1720,115,-0.6693596731396118,-0.6721649460274967,-0.002805272887884934,0.6163120567375886,0.6321262515310409,0.015814194793452252
LARRY_mouse4,AMPL388686,Dynamic,1720,115,-0.29439353521986034,-0.24176564770921047,0.05262788751064988,0.9170212765957447,0.8944950716600587,0.022526204935686023
LARRY_mouse4,AMPL388512,Dynamic,1720,115,-0.3257197684546158,-0.26975855373941215,0.05596121471520367,0.9127659574468086,0.892884011547076,0.019881945899732578
LARRY_mouse4,AMPL388458,Static,1720,115,-0.6210315001252731,-0.4732841167234186,0.1477473834018545,0.7021276595744681,0.6967877480314443,0.005339911543023823
LARRY_mouse4,AMPL366136,Dynamic,1720,115,-0.4264788659733324,-0.44398679641124855,-0.01750793043791618,0.13404255319148936,0.1315481529917291,0.0024944001997602716
LARRY_mouse4,AMPL376502,Dynamic,1720,115,-0.18048922098360068,-0.1779070180835562,0.002582202900044467,0.9553191489361702,0.9542679485199719,0.001051200416198328
LARRY_mouse4,AMPL388549,Dynamic,1720,115,-0.4657122534386524,-0.45235696637230316,0.013355287066349253,0.826950354609929,0.8164555040274593,0.010494850582469795
LARRY_mouse4,AMPL371643,Static,1720,115,-0.7003171247851414,-0.6830130839713882,0.0173040408137532,0.5283687943262412,0.5451786474214739,0.016809853095232752
LARRY_mouse4,AMPL388299,Dynamic,1720,115,-0.6859306151461229,-0.6590163750938927,0.02691424005223024,0.4085106382978723,0.4309903665292051,0.022479728231332763
LARRY_mouse4,AMPL388285,Dynamic,1720,115,-0.6941045010515229,-0.6668490428553543,0.02725545819616868,0.5404255319148936,0.5310867497842034,0.00933878213069017
LARRY_mouse4,AMPL388552,Dynamic,1720,115,-0.45419487825618693,-0.44376817176143424,0.01042670649475272,0.8375886524822695,0.8469831828216883,0.009394530339418727
LARRY_mouse4,AMPL388638,Dynamic,1720,115,-0.6489608023400906,-0.5569123460286541,0.09204845631143646,0.3588652482269504,0.36758847375943726,0.008723225532486889
LARRY_mouse4,AMPL388473,Dynamic,1720,115,-0.21548814636200223,-0.20123797733006607,0.014250169031936134,0.9439716312056737,0.9342550565186342,0.00971657468703957
LARRY_mouse4,AMPL388347,Dynamic,1720,115,-0.3235429795902392,-0.3264152439757716,-0.0028722643855323923,0.9,0.8939771093850261,0.006022890614973964
LARRY_mouse4,AMPL390420,Static,1720,115,-0.3374019765972905,-0.251068281324666,0.08633369527262448,0.8978723404255319,0.9323797109988017,0.0345073705732698
LARRY_mouse4,AMPL376955,Dynamic,1720,115,-0.432356836944052,-0.41205540612925057,0.0203014308148015,0.8468085106382979,0.8671535465423346,0.02034503590403669
LARRY_mouse4,AMPL388551,Dynamic,1720,115,-0.6284484724232176,-0.6249952156524199,0.0034532567707976584,0.6907801418439716,0.6859498480812959,0.004830293762675741
LARRY_mouse4,AMPL388395,Static,1720,115,-0.5158242608972579,-0.4751961939981348,0.04062806689912313,0.7851063829787234,0.7934961822723863,0.008389799293662903
LARRY_mouse4,AMPL376948,Dynamic,1720,115,-0.2519817054332837,-0.25598437166734705,-0.004002666234063403,0.9361702127659575,0.9305395346145582,0.005630678151399282
LARRY_mouse4,AMPL388262,Dynamic,1720,115,-0.611645415871118,-0.5989682732180374,0.012677142653080599,0.6985815602836879,0.7300392655004017,0.03145770521671376
LARRY_mouse4,AMPL376497,Dynamic,1720,115,-0.229115387034847,-0.23443775443895595,-0.005322367404108965,0.949645390070922,0.9379020602953702,0.011743329775551814
LARRY_mouse4,AMPL376696,Dynamic,1720,115,-0.28965734601548543,-0.29018829481107855,-0.000530948795593108,0.9163120567375886,0.9206979902711655,0.004385933533576858
LARRY_mouse4,AMPL388462,Static,1720,115,-0.457356994413848,-0.3355670193505254,0.12178997506332256,0.825531914893617,0.8539680187315741,0.02843610383795714
LARRY_mouse4,AMPL388705,Dynamic,1720,115,-0.3503462823915926,-0.3508328880160104,-0.0004866056244178163,0.8886524822695036,0.8794468870570326,0.009205595212470996
LARRY_mouse4,AMPL388399,Dynamic,1720,115,-0.2788925746733617,-0.2851087068321316,-0.006216132158769912,0.9205673758865248,0.9135796024122095,0.00698777347431534
LARRY_mouse4,AMPL365899,Dynamic,1720,115,-0.023776944769916753,-0.024224067877926914,-0.00044712310801015964,0.9971631205673759,0.9959476911597295,0.0012154294076464067
LARRY_mouse4,AMPL388227,Dynamic,1720,115,-0.04999263691925333,-0.050549593678152795,-0.0005569567588994582,0.9936170212765958,0.9923281755466006,0.0012888457299952139
LARRY_mouse4,AMPL390407,Static,1720,115,-0.42552722676836796,-0.3745047824247527,0.051022444343615275,0.8666666666666667,0.8319424465921708,0.03472422007449594
LARRY_mouse4,AMPL376300,Dynamic,1720,115,-0.6305227726656344,-0.6083307238202141,0.022192048845420233,0.676595744680851,0.6668269709151754,0.009768773765675642
LARRY_mouse4,AMPL371550,Dynamic,1720,115,-0.08027400446177839,-0.0810375426036603,-0.0007635381418819222,0.9879432624113476,0.9883307967886198,0.00038753437727223616
LARRY_mouse4,AMPL388498,Dynamic,1720,115,-0.054869826990923326,-0.05614640651520239,-0.0012765795242790604,0.9914893617021276,0.9921105063737242,0.000621144671596574
LARRY_mouse4,AMPL388576,Dynamic,1720,115,-0.659585336529232,-0.6444247616094989,0.01516057491973306,0.5914893617021276,0.5703587505667264,0.021130611135401267
LARRY_mouse4,AMPL388583,Dynamic,1720,115,-0.18641143326471826,-0.16906243957338243,0.01734899369133581,0.9574468085106383,0.9397158636399786,0.017730944870659737
LARRY_mouse4,AMPL388659,Dynamic,1720,115,-0.502600740861648,-0.5097642249059869,-0.007163484044338945,0.774468085106383,0.7885309808060452,0.014062895699662237
LARRY_mouse4,AMPL388196,Dynamic,1720,115,-0.6962195883119563,-0.6606914887167408,0.035528099595215516,0.5687943262411348,0.5848346299028035,0.016040303661668753
LARRY_mouse4,AMPL365903,Dynamic,1720,115,-0.49540914050174717,-0.5016838198784885,-0.006274679376741423,0.7921985815602837,0.7968183360593201,0.004619754499036399
LARRY_mouse4,AMPL388787,Dynamic,1720,115,-0.6244458767691791,-0.5488439332355346,0.07560194353364448,0.6680851063829787,0.6585906625070812,0.009494443875897485
LARRY_mouse4,AMPL371416,Dynamic,1720,115,-0.4054016759497122,-0.3776690907594782,0.02773258519023402,0.13617021276595745,0.14441051849757897,0.008240305731621517
LARRY_mouse4,AMPL388516,Dynamic,1720,115,-0.16368889871252873,-0.1077159961512583,0.055972902561270424,0.9567375886524823,0.9499390106193445,0.00679857803313777
LARRY_mouse4,AMPL388340,Dynamic,1720,115,-0.4289763959901485,-0.40785627186618634,0.021120124123962115,0.8659574468085106,0.8440219351258446,0.021935511682666053
LARRY_mouse4,AMPL390342,Dynamic,1720,115,-0.53803625380842,-0.4705847882911843,0.0674514655172357,0.7773049645390071,0.7619736836354613,0.015331280903545852
LARRY_mouse4,AMPL390501,Static,1720,115,-0.3894211820786302,-0.37559151358149523,0.013829668497134984,0.8638297872340426,0.867452108397171,0.003622321163128439
LARRY_mouse4,AMPL371192,Dynamic,1720,115,-0.16054965161575327,-0.16047112728854265,0.00007852432721061542,0.9631205673758865,0.9648076473013723,0.0016870799254857793
LARRY_mouse4,AMPL371350,Dynamic,1720,115,-0.3956678639938961,-0.39881118183872877,-0.0031433178448326696,0.8574468085106383,0.8593083857386081,0.0018615772279698684
LARRY_mouse4,AMPL371563,Dynamic,1720,115,-0.6843597260142417,-0.6734157465995678,0.01094397941467391,0.5851063829787234,0.5708548128583654,0.014251570120358048
LARRY_mouse4,AMPL388519,Dynamic,1720,115,-0.7007820249675936,-0.5854830585527333,0.11529896641486022,0.5652482269503546,0.5400540179701673,0.025194208980187316
LARRY_mouse4,AMPL371481,Dynamic,1720,115,-0.4614722336420878,-0.46154735873896147,-0.00007512509687370407,0.8397163120567376,0.8249775490476838,0.014738763009053746
LARRY_mouse4,AMPL388523,Dynamic,1720,115,-0.5883887440283077,-0.593147277996182,-0.004758533967874414,0.27801418439716313,0.28043730803677624,0.0024231236396131117
LARRY_mouse4,AMPL371259,Dynamic,1720,115,-0.6014780009276862,-0.5941075674407964,0.0073704334868898115,0.7070921985815602,0.6948544338043594,0.012237764777200844
LARRY_mouse4,AMPL371738,Static,1720,115,-0.530596599616112,-0.36915030251672126,0.16144629709939085,0.7631205673758865,0.7504862667140236,0.012634300661862885
LARRY_mouse4,AMPL378293,Dynamic,1720,115,-0.6973641846618011,-0.7022182982647117,-0.004854113602910666,0.49432624113475176,0.5215169227160481,0.02719068158129634
LARRY_mouse4,AMPL376786,Dynamic,1720,115,-0.4009313893236672,-0.3875059543619668,0.013425434961700415,0.8617021276595744,0.863702159108734,0.0020000314491596116
LARRY_mouse4,AMPL388308,Dynamic,1720,115,-0.23429922205005346,-0.24051501019055754,-0.006215788140504065,0.9418439716312057,0.9441032472253604,0.0022592755941547304
LARRY_mouse4,AMPL388781,Static,1720,115,-0.6628277619708878,-0.6030765970400276,0.059751164930860155,0.6283687943262412,0.6416043612896162,0.013235566963375023
LARRY_mouse4,AMPL371745,Dynamic,1720,115,-0.6274951615991324,-0.6323444255567496,-0.00484926395761712,0.6737588652482269,0.6732077676340005,0.0005510976142264479
LARRY_mouse4,AMPL388745,Static,1720,115,-0.5099414162197212,-0.4259508609869597,0.08399055523276151,0.7914893617021277,0.7994039626089671,0.007914600906839375
LARRY_mouse4,AMPL388463,Dynamic,1720,115,-0.5886203830444661,-0.5864659566033454,0.002154426441120648,0.7290780141843972,0.7363017093486305,0.007223695164233268
LARRY_mouse4,AMPL388544,Dynamic,1720,115,-0.14251266752129194,-0.14120803975303706,0.001304627768254884,0.9709219858156029,0.9663557085747,0.004566277240902861
LARRY_mouse4,AMPL389969,Dynamic,1720,115,-0.12715706375475933,-0.13149462651699578,-0.00433756276223646,0.9723404255319149,0.9709094435827176,0.0014309819491973297
LARRY_mouse4,AMPL388279,Static,1720,115,-0.4320499647374045,-0.38062101898630235,0.05142894575110212,0.8453900709219858,0.871206877758702,0.025816806836716166
LARRY_mouse4,AMPL371202,Static,1720,115,-0.6598884400857267,-0.5187062194996445,0.14118222058608224,0.6078014184397164,0.6279380727174976,0.02013665427778122
LARRY_mouse4,AMPL371406,Dynamic,1720,115,-0.3052263310444115,-0.30187981921105894,0.00334651183335256,0.9134751773049645,0.9213004243309753,0.007825247026010729
LARRY_mouse4,AMPL390432,Static,1720,115,-0.4382531623623567,-0.4236850958204505,0.014568066541906169,0.8418439716312057,0.8319616907363334,0.009882280894872308
LARRY_mouse4,AMPL371562,Dynamic,1720,115,-0.08337113007078609,-0.08700658740898766,-0.003635457338201568,0.9865248226950355,0.9894545908806645,0.002929768185628956
LARRY_mouse4,AMPL388465,Dynamic,1720,115,-0.6768079633797148,-0.6151129329420119,0.061695030437703004,0.5794326241134752,0.5653468618256042,0.014085762287870951
LARRY_mouse4,AMPL371555,Static,1720,115,-0.40912917058624515,-0.4022422798812215,0.006886890705023625,0.8617021276595744,0.8547353163717983,0.006966811287776098
LARRY_mouse4,AMPL389988,Static,1720,115,-0.6432007186730787,-0.6063279288695046,0.036872789803574106,0.64822695035461,0.6491213404961851,0.0008943901415751077
LARRY_mouse4,AMPL388836,Dynamic,1720,115,-0.5740793012670662,-0.5745204679254498,-0.00044116665838348477,0.7390070921985815,0.7565592996020509,0.01755220740346941
LARRY_mouse4,AMPL371674,Dynamic,1720,115,-0.16860908257748872,-0.17183561955617446,-0.0032265369786857335,0.9581560283687943,0.9617380102972415,0.0035819819284471643
LARRY_mouse4,AMPL388468,Dynamic,1720,115,-0.24192066986863936,-0.24608920529027234,-0.0041685354216329665,0.9397163120567376,0.9307111461925323,0.0090051658642053
LARRY_mouse4,AMPL371466,Dynamic,1720,115,-0.689423168993366,-0.6814135249781912,0.008009644015174767,0.47304964539007094,0.4935742449787764,0.02052459958870545
LARRY_mouse4,AMPL371764,Static,1720,115,-0.1237172305284975,-0.12005444326180935,0.003662787266688152,0.9723404255319149,0.9676641103191327,0.004676315212782223
LARRY_mouse4,AMPL390235,Dynamic,1720,115,-0.1704000822499223,-0.15469480922589626,0.01570527302402607,0.9631205673758865,0.9693362210219717,0.0062156536460852285
LARRY_mouse4,AMPL388782,Dynamic,1720,115,-0.14450768019962365,-0.14763029516801227,-0.0031226149683886116,0.9680851063829787,0.9728145417279717,0.004729435344992927
LARRY_mouse4,AMPL390374,Dynamic,1720,115,-0.20911261169280532,-0.218395325551631,-0.00928271385882568,0.9460992907801419,0.948621594017941,0.0025223032377991172
LARRY_mouse4,AMPL371524,Dynamic,1720,115,-0.659551610875183,-0.6566197890848222,0.0029318217903608,0.6397163120567376,0.6388950842719997,0.0008212277847379212
LARRY_mouse4,AMPL390274,Dynamic,1720,115,-0.2985646192994677,-0.3050457084453483,-0.006481089145880537,0.9170212765957447,0.9180788917285154,0.001057615132770695
LARRY_mouse4,AMPL388433,Dynamic,1720,115,-0.5883104540477179,-0.5868322663530897,0.0014781876946281679,0.7262411347517731,0.7317980001265699,0.005556865374796827
LARRY_mouse4,AMPL388242,Static,1720,115,-0.7010710433960563,-0.5023870088368686,0.19868403455918762,0.4957446808510638,0.4929124134308318,0.0028322674202320153
LARRY_mouse4,AMPL388286,Dynamic,1720,115,-0.2541777267610733,-0.25823539148948255,-0.00405766472840921,0.9319148936170213,0.9255360176747799,0.006378875942241402
LARRY_mouse4,AMPL388579,Dynamic,1720,115,-0.11292569558635412,-0.11340075283100748,-0.00047505724465335874,0.9765957446808511,0.9790021825281474,0.0024064378472963277
LARRY_mouse4,AMPL388684,Static,1720,115,-0.6551568090348595,-0.48705682738065964,0.1680999816541999,0.6290780141843971,0.65549330473729,0.026415290552892823
LARRY_mouse4,AMPL388795,Dynamic,1720,115,-0.14768775829674438,-0.14640549157420296,0.00128226672254142,0.9695035460992908,0.9707666090675514,0.0012630629682606198
LARRY_mouse4,AMPL371656,Dynamic,1720,115,-0.32745110506549746,-0.3225940378075045,0.004857067257992951,0.898581560283688,0.9024321653734958,0.0038506050898078348
LARRY_mouse4,AMPL388365,Dynamic,1720,115,-0.42340034202402244,-0.4209102312979284,0.002490110726094023,0.8531914893617021,0.8597283686915854,0.006536879329883338
