dataset,split,penalty,held_out_donor,n,n_esl,log_change_mse_gain,esl_log_change_mse_gain,log_predictive_gain,esl_coefficient
GSE179847,donor,0.001,HC1,6111,340,0.02732809596326264,0.39408022635187234,0.010763814945261081,-0.8403863272422792
GSE179847,donor,0.01,HC1,6111,340,0.0393043043959178,0.6940418824905515,0.014001202876110393,-0.9016776347375286
GSE179847,donor,0.1,HC1,6111,340,0.03904709653449112,0.7390731972824581,0.011175873957744692,-0.46058159378249763
GSE179847,donor,0.001,HC2,6116,340,0.03730362441652753,0.5535420832364367,0.014597240576614634,-0.8229232159173491
GSE179847,donor,0.01,HC2,6116,340,0.04995765590924122,0.8628793146093126,0.016940124881066873,-0.8874484777229725
GSE179847,donor,0.1,HC2,6116,340,0.0447183282216134,0.8245975902087779,0.011886372513293662,-0.45489089732247967
GSE179847,donor,0.001,HC3,1530,85,0.026244868272147382,1.20010382635768,0.007051013368390069,-0.8420727663163327
GSE179847,donor,0.01,HC3,1530,85,0.045174885104668286,1.5047488963804299,0.010633966777126537,-0.894306993705915
GSE179847,donor,0.1,HC3,1530,85,0.04742822997729519,1.0426398884389954,0.009231988530160018,-0.45240057951611595
GSE179847,donor,0.001,HC4,3057,170,0.022574161860814915,0.025384883843834912,0.00865197795393811,-0.8480899128791208
GSE179847,donor,0.01,HC4,3057,170,0.039631248909375735,0.33192197535575846,0.013274830232896002,-0.9013125341728917
GSE179847,donor,0.1,HC4,3057,170,0.04152266183959998,0.5882504204128811,0.011020837702550863,-0.4581761216845374
GSE179847,donor,0.001,HC5,1530,85,0.028364522603485518,0.39143232541147516,0.010367618069478059,-0.8388511311401337
GSE179847,donor,0.01,HC5,1530,85,0.04834734384843559,0.670817887464523,0.014779180756129565,-0.890122844355742
GSE179847,donor,0.1,HC5,1530,85,0.04781526836036191,0.699138838917539,0.011122366528612732,-0.4519766605537777
GSE179847,donor,0.001,HC6,1529,85,0.01111477977950904,0.6062844591685115,0.005168934526450049,-0.8670744451340833
GSE179847,donor,0.01,HC6,1529,85,0.02803714772036361,0.8827582772206141,0.0099466951981839,-0.9164137098854457
GSE179847,donor,0.1,HC6,1529,85,0.03841508734979852,0.8202492504415029,0.00994187840134759,-0.4614504758522615
GSE179847,donor,0.001,SURF1_1,1526,85,0.03213281043207411,0.3780214999009785,0.01287504680066434,-0.8322088258916247
GSE179847,donor,0.01,SURF1_1,1526,85,0.046434940024402696,0.6878512861046727,0.016268139940576017,-0.892374891259248
GSE179847,donor,0.1,SURF1_1,1526,85,0.04389946321952601,0.7563881023172314,0.011973590339577882,-0.4557656428308765
GSE179847,donor,0.001,SURF1_2,1530,85,0.01744820362582589,0.318425211867635,0.007586624055398014,-0.8566387150933223
GSE179847,donor,0.01,SURF1_2,1530,85,0.035972165525727365,0.6069041787919175,0.01262706089703303,-0.9060648733396253
GSE179847,donor,0.1,SURF1_2,1530,85,0.041498390126415236,0.7109908061797319,0.010820137197696858,-0.4582935072950687
GSE179847,donor,0.001,SURF1_3,1530,85,0.017322553558074005,0.3211173276922477,0.0069743856709506905,-0.8571304889633369
GSE179847,donor,0.01,SURF1_3,1530,85,0.031184320326610174,0.6368523285071989,0.011505230170572695,-0.9118900398112653
GSE179847,donor,0.1,SURF1_3,1530,85,0.03571635524615579,0.7440442206087259,0.0104781495668401,-0.4638333714943369
GSE179847,donor_and_chromosome,0.001,HC1,1000,60,0.015453196398532766,0.2815626826853628,0.0057066178728528835,-0.8842035521959939
GSE179847,donor_and_chromosome,0.001,HC6,250,15,-0.025421084751495005,0.08351793519799323,-0.008620256093070506,-0.8842035521959939
GSE179847,donor_and_chromosome,0.01,HC1,1000,60,0.022783755254300122,0.5903442912004289,0.00778702497791067,-0.9387416015335135
GSE179847,donor_and_chromosome,0.01,HC6,250,15,-0.01888103096963297,0.32964946877848916,-0.005412836211588397,-0.9387416015335135
GSE179847,donor_and_chromosome,0.1,HC1,1000,60,0.03163757699661205,0.6663171919422978,0.00892881954405575,-0.46885961284008487
GSE179847,donor_and_chromosome,0.1,HC6,250,15,0.014790224676383442,0.5133087285786021,0.004041565074810714,-0.46885961284008487
GSE179847,donor_and_chromosome,0.001,HC1,1732,76,0.035108983711262934,0.7147892595939043,0.013382778467335835,-0.8064489258043341
GSE179847,donor_and_chromosome,0.001,HC6,434,19,0.020877300373765558,0.787165277833601,0.00869272888601872,-0.8064489258043341
GSE179847,donor_and_chromosome,0.01,HC1,1732,76,0.045078664960249655,1.072971357229738,0.015574050085452564,-0.8818609454450707
GSE179847,donor_and_chromosome,0.01,HC6,434,19,0.03523333279457051,1.1135124942253676,0.012380034399964353,-0.8818609454450707
GSE179847,donor_and_chromosome,0.1,HC1,1732,76,0.03824747333534324,0.9504194229357121,0.011066878783006905,-0.47096190904407903
GSE179847,donor_and_chromosome,0.1,HC6,434,19,0.0376372271536844,0.9608801290141047,0.01012199629723911,-0.47096190904407903
GSE179847,donor_and_chromosome,0.001,HC1,1576,88,0.030027007102118627,0.46567394479901325,0.011948068438387149,-0.8722325124578877
GSE179847,donor_and_chromosome,0.001,HC6,394,22,0.02496042807401456,0.729880684669033,0.010369230158677311,-0.8722325124578877
GSE179847,donor_and_chromosome,0.01,HC1,1576,88,0.04812008159725032,0.8221545378254566,0.01691289367702152,-0.9095952927642169
GSE179847,donor_and_chromosome,0.01,HC6,394,22,0.04923375763373723,1.0615828311783226,0.016264298679936066,-0.9095952927642169
GSE179847,donor_and_chromosome,0.1,HC1,1576,88,0.04377607143743082,0.7880415079182719,0.012200355390842313,-0.4575535939467136
GSE179847,donor_and_chromosome,0.1,HC6,394,22,0.04992664352678811,0.8997662086211865,0.01219964194488487,-0.4575535939467136
GSE179847,donor_and_chromosome,0.001,HC1,850,52,0.013685499257666184,0.299281541001202,0.006266644774290286,-0.9047631075358872
GSE179847,donor_and_chromosome,0.001,HC6,212,13,0.009041795186284982,0.6096193061085063,0.003932731658279044,-0.9047631075358872
GSE179847,donor_and_chromosome,0.01,HC1,850,52,0.023185151610439894,0.5587339207966396,0.009229114699324768,-0.9552209255270557
GSE179847,donor_and_chromosome,0.01,HC6,212,13,0.02328449793918459,0.9439538832876451,0.00794700279865718,-0.9552209255270557
GSE179847,donor_and_chromosome,0.1,HC1,850,52,0.03310193041691242,0.6491955172225781,0.009806539488085181,-0.4730202192527264
GSE179847,donor_and_chromosome,0.1,HC6,212,13,0.035874070857852186,0.8535518995509869,0.009400532661851606,-0.4730202192527264
GSE179847,donor_and_chromosome,0.001,HC1,953,64,0.03649722220781043,0.4403603545349872,0.013429366400086408,-0.856285889536937
GSE179847,donor_and_chromosome,0.001,HC6,239,16,0.025547587035842402,0.9207050969838766,0.010334210634842479,-0.856285889536937
GSE179847,donor_and_chromosome,0.01,HC1,953,64,0.050535255196021464,0.7514620495908401,0.016720700295209463,-0.9129867599295269
GSE179847,donor_and_chromosome,0.01,HC6,239,16,0.04052027762910169,1.2152397434374667,0.01371181385727507,-0.9129867599295269
GSE179847,donor_and_chromosome,0.1,HC1,953,64,0.048216122900583476,0.7677889613183227,0.013015339119170731,-0.45611639531037207
GSE179847,donor_and_chromosome,0.1,HC6,239,16,0.04886122863134694,1.0009170526124669,0.01215556604711733,-0.45611639531037207
GSE179847,donor_and_chromosome,0.001,HC2,1000,60,0.03257622674487136,0.3956317863466988,0.012218962566749344,-0.8438131618892089
GSE179847,donor_and_chromosome,0.001,SURF1_1,249,15,0.027276197287825474,0.3539913656813142,0.011177233646956974,-0.8438131618892089
GSE179847,donor_and_chromosome,0.01,HC2,1000,60,0.04328865195709927,0.7368691143907855,0.013751890235788974,-0.9119003110443472
GSE179847,donor_and_chromosome,0.01,SURF1_1,249,15,0.040158668513856015,0.6843244199459513,0.014366009570194764,-0.9119003110443472
GSE179847,donor_and_chromosome,0.1,HC2,1000,60,0.04297312019107869,0.7572229978109571,0.010677083902851136,-0.46230306477133615
GSE179847,donor_and_chromosome,0.1,SURF1_1,249,15,0.04364521928378065,0.757498401263671,0.012054321402408322,-0.46230306477133615
GSE179847,donor_and_chromosome,0.001,HC2,1736,76,0.04044591545928317,0.6394170618130023,0.01614863053172589,-0.744625224565176
GSE179847,donor_and_chromosome,0.001,SURF1_1,434,19,0.04104585901329336,0.638641728319903,0.016294748300592465,-0.744625224565176
GSE179847,donor_and_chromosome,0.01,HC2,1736,76,0.04966412304906359,0.9848186792192138,0.017507404682577804,-0.8363067116271882
GSE179847,donor_and_chromosome,0.01,SURF1_1,434,19,0.053786171206538336,0.9970667158268437,0.018617011043427382,-0.8363067116271882
GSE179847,donor_and_chromosome,0.1,HC2,1736,76,0.03981451607860749,0.9078702758108074,0.011450126363368545,-0.4566644230194316
GSE179847,donor_and_chromosome,0.1,SURF1_1,434,19,0.04436579257745835,0.9378182274176474,0.012145884998266226,-0.4566644230194316
GSE179847,donor_and_chromosome,0.001,HC2,1575,88,0.036540568536349655,0.5516356006450372,0.014245585171025678,-0.7992182002983718
GSE179847,donor_and_chromosome,0.001,SURF1_1,392,22,0.03438951936982557,0.46705597009440736,0.013411508202731307,-0.7992182002983718
GSE179847,donor_and_chromosome,0.01,HC2,1575,88,0.056012793627079435,0.9135080011032691,0.01895314983520758,-0.8561283684911283
GSE179847,donor_and_chromosome,0.01,SURF1_1,392,22,0.05383345077707773,0.8216147393131151,0.01844257509148226,-0.8561283684911283
GSE179847,donor_and_chromosome,0.1,HC2,1575,88,0.04772708356042498,0.8391329693307398,0.012689144051091126,-0.4411942432550271
GSE179847,donor_and_chromosome,0.1,SURF1_1,392,22,0.04684498140891767,0.8111886761419264,0.01268933250978571,-0.4411942432550271
GSE179847,donor_and_chromosome,0.001,HC2,849,52,0.020533176244969215,0.36699071649562176,0.007873978413645236,-0.8327554097601437
GSE179847,donor_and_chromosome,0.001,SURF1_1,212,13,-0.0007162190331953887,0.07804430252563231,0.0007545364757713653,-0.8327554097601437
GSE179847,donor_and_chromosome,0.01,HC2,849,52,0.028766329997968642,0.6328216808371233,0.009299801269886797,-0.9012122799051009
GSE179847,donor_and_chromosome,0.01,SURF1_1,212,13,0.005600974292766693,0.3151189884527917,0.002778516072289645,-0.9012122799051009
GSE179847,donor_and_chromosome,0.1,HC2,849,52,0.03487090020943496,0.6838766271695532,0.008777168055801636,-0.4567398924542012
GSE179847,donor_and_chromosome,0.1,SURF1_1,212,13,0.024359486947468402,0.5322234280888447,0.006295003495506353,-0.4567398924542012
GSE179847,donor_and_chromosome,0.001,HC2,956,64,0.05341632177980727,0.5155023882255598,0.02024733386856045,-0.8020557020587096
GSE179847,donor_and_chromosome,0.001,SURF1_1,239,16,0.04317376838713877,0.1362036033269969,0.016592814820213044,-0.8020557020587096
GSE179847,donor_and_chromosome,0.01,HC2,956,64,0.06963895824194073,0.8648163587772856,0.022510192296934236,-0.8736019737486602
GSE179847,donor_and_chromosome,0.01,SURF1_1,239,16,0.060659213989422194,0.44385490191551197,0.020383242978918463,-0.8736019737486602
GSE179847,donor_and_chromosome,0.1,HC2,956,64,0.0580484088355832,0.8433064256226183,0.014530984277717646,-0.44423666611707696
GSE179847,donor_and_chromosome,0.1,SURF1_1,239,16,0.05294080148732131,0.6385973673657233,0.014189135163530117,-0.44423666611707696
GSE179847,donor_and_chromosome,0.001,HC3,250,15,0.049623278137989925,1.457688986828507,0.014497673790999996,-0.8990590985907112
GSE179847,donor_and_chromosome,0.001,SURF1_2,250,15,0.016823504176003836,0.5626640521176117,0.006982144054137198,-0.8990590985907112
GSE179847,donor_and_chromosome,0.01,HC3,250,15,0.06491442489466454,1.7628382702004821,0.015131687107589623,-0.9404153629548928
GSE179847,donor_and_chromosome,0.01,SURF1_2,250,15,0.03818027911295209,0.8786106159836534,0.012419330422258507,-0.9404153629548928
GSE179847,donor_and_chromosome,0.1,HC3,250,15,0.05748247312995429,1.1540183360809917,0.010788254412532982,-0.46464818476562963
GSE179847,donor_and_chromosome,0.1,SURF1_2,250,15,0.04615282915175427,0.8127428444706982,0.011230232166223035,-0.46464818476562963
GSE179847,donor_and_chromosome,0.001,HC3,434,19,0.014268265155409373,1.241525412667422,0.002763730280830343,-0.7834956795616517
GSE179847,donor_and_chromosome,0.001,SURF1_2,434,19,0.024578646573287868,0.5230971822592723,0.010849277477687748,-0.7834956795616517
GSE179847,donor_and_chromosome,0.01,HC3,434,19,0.03002431170969089,1.5718933455016537,0.00605700977549855,-0.851302484204525
GSE179847,donor_and_chromosome,0.01,SURF1_2,434,19,0.039143037074857126,0.8244656086569657,0.014290660733069331,-0.851302484204525
GSE179847,donor_and_chromosome,0.1,HC3,434,19,0.03706449199470067,1.1070256312029247,0.00668758148175868,-0.4535041151075102
GSE179847,donor_and_chromosome,0.1,SURF1_2,434,19,0.037781335413873005,0.792126376348965,0.010392602210281907,-0.4535041151075102
GSE179847,donor_and_chromosome,0.001,HC3,394,22,0.016473492074650153,1.0058645991238324,0.002545083496757827,-0.8439636676985974
GSE179847,donor_and_chromosome,0.001,SURF1_2,394,22,0.025350784381541664,0.5912859884901732,0.00945456285214562,-0.8439636676985974
GSE179847,donor_and_chromosome,0.01,HC3,394,22,0.032650320008528015,1.2578200994303796,0.006216658242990186,-0.8726875121224728
GSE179847,donor_and_chromosome,0.01,SURF1_2,394,22,0.04998929844812108,0.914745250738962,0.016062460225965622,-0.8726875121224728
GSE179847,donor_and_chromosome,0.1,HC3,394,22,0.03853724718547061,0.8770640450862328,0.007195687297965451,-0.438356842279695
GSE179847,donor_and_chromosome,0.1,SURF1_2,394,22,0.04754717331217498,0.805958446368863,0.011711118702148953,-0.438356842279695
GSE179847,donor_and_chromosome,0.001,HC3,213,13,0.056974834534321936,1.4424157719342927,0.020489380026553546,-0.8969505282151881
GSE179847,donor_and_chromosome,0.001,SURF1_2,213,13,-0.020380535614373585,0.16245186443576853,-0.006817398254257511,-0.8969505282151881
GSE179847,donor_and_chromosome,0.01,HC3,213,13,0.07895943723570835,1.8062932741960145,0.022936539954392467,-0.9384095518922939
GSE179847,donor_and_chromosome,0.01,SURF1_2,213,13,-0.0024806470111195795,0.4442510772902951,-0.00003660338461666006,-0.9384095518922939
GSE179847,donor_and_chromosome,0.1,HC3,213,13,0.06415477807944756,1.2007909621153443,0.014008978405325482,-0.4619854535272789
GSE179847,donor_and_chromosome,0.1,SURF1_2,213,13,0.026283763686794182,0.5966733005125238,0.006791214050330532,-0.4619854535272789
GSE179847,donor_and_chromosome,0.001,HC3,239,16,0.038434628600191895,1.0631267911676503,0.012805696875393065,-0.8428952711358417
GSE179847,donor_and_chromosome,0.001,SURF1_2,239,16,0.01712750131642482,0.22096809282542762,0.00749639189548896,-0.8428952711358417
GSE179847,donor_and_chromosome,0.01,HC3,239,16,0.057149144634688585,1.3506663745529675,0.015034759926159127,-0.8892926600626223
GSE179847,donor_and_chromosome,0.01,SURF1_2,239,16,0.03847974922163506,0.5046703638611406,0.013790419898276864,-0.8892926600626223
GSE179847,donor_and_chromosome,0.1,HC3,239,16,0.05597044057862419,0.9720266636597032,0.010989566485449737,-0.4416357624596073
GSE179847,donor_and_chromosome,0.1,SURF1_2,239,16,0.0452467020714177,0.6298579469858518,0.012127053691727218,-0.4416357624596073
GSE179847,donor_and_chromosome,0.001,HC4,500,30,-0.00410888292835768,-0.31907554922004433,-0.003322465578195055,-0.8889682478273945
GSE179847,donor_and_chromosome,0.001,SURF1_3,250,15,-0.01318403240530987,-0.3166862672787084,-0.005564984007519879,-0.8889682478273945
GSE179847,donor_and_chromosome,0.01,HC4,500,30,0.015249050253277722,0.017003579620193224,0.0039030182621573955,-0.940383426279777
GSE179847,donor_and_chromosome,0.01,SURF1_3,250,15,-0.001592496809655131,-0.05452370892681223,-0.000530980882608441,-0.940383426279777
GSE179847,donor_and_chromosome,0.1,HC4,500,30,0.032741137394561706,0.431618201703354,0.008291377671679548,-0.47136082839017496
GSE179847,donor_and_chromosome,0.1,SURF1_3,250,15,0.02169925811664704,0.3703525543464189,0.006002029149770393,-0.47136082839017496
GSE179847,donor_and_chromosome,0.001,HC4,867,38,0.031088948623946153,0.07318571540245165,0.012168053490304833,-0.7850572912359934
GSE179847,donor_and_chromosome,0.001,SURF1_3,434,19,0.014534301336711944,0.36079015406843223,0.0061844677691873405,-0.7850572912359934
GSE179847,donor_and_chromosome,0.01,HC4,867,38,0.04281780916945277,0.38270839992320604,0.01433505288084506,-0.86058839007704
GSE179847,donor_and_chromosome,0.01,SURF1_3,434,19,0.023008943880787235,0.6492364129443138,0.009165108121565206,-0.86058839007704
GSE179847,donor_and_chromosome,0.1,HC4,867,38,0.03704630063244115,0.6105017167603185,0.009833686031066262,-0.46414647956865707
GSE179847,donor_and_chromosome,0.1,SURF1_3,434,19,0.025280328958293997,0.7339159686126336,0.008386375917661676,-0.46414647956865707
GSE179847,donor_and_chromosome,0.001,HC4,786,44,0.005326710334362336,-0.08733280957556468,0.001061033622808299,-0.8662393980421242
GSE179847,donor_and_chromosome,0.001,SURF1_3,394,22,0.035533776394206774,0.476959460530792,0.013745864800054242,-0.8662393980421242
GSE179847,donor_and_chromosome,0.01,HC4,786,44,0.0322930026723783,0.307170184099747,0.010138128876127124,-0.8988537422802184
GSE179847,donor_and_chromosome,0.01,SURF1_3,394,22,0.055975925645324054,0.8296336353756988,0.019087028287036106,-0.8988537422802184
GSE179847,donor_and_chromosome,0.1,HC4,786,44,0.0408955596922009,0.5843336357560829,0.010402087597413064,-0.4554962147843703
GSE179847,donor_and_chromosome,0.1,SURF1_3,394,22,0.04794560575984616,0.8196737036008824,0.012941190304156556,-0.4554962147843703
GSE179847,donor_and_chromosome,0.001,HC4,426,26,0.036812042531500125,0.1967694231277946,0.01554626479817458,-0.9152917729350573
GSE179847,donor_and_chromosome,0.001,SURF1_3,213,13,0.012635539748719903,0.5621187679082558,0.005878376267152152,-0.9152917729350573
GSE179847,donor_and_chromosome,0.01,HC4,426,26,0.06371253710818472,0.6334203726331634,0.023169980383632143,-0.9626578955224603
GSE179847,donor_and_chromosome,0.01,SURF1_3,213,13,0.032064888308916746,0.946491888894796,0.013066664818784402,-0.9626578955224603
GSE179847,donor_and_chromosome,0.1,HC4,426,26,0.059686677922327576,0.7919646056892261,0.016526989651170266,-0.47905459477817997
GSE179847,donor_and_chromosome,0.1,SURF1_3,213,13,0.042166791264302735,0.9147744397119761,0.012965762982696619,-0.47905459477817997
GSE179847,donor_and_chromosome,0.001,HC4,478,32,0.017415350660057578,-0.033361130323814034,0.006651385534771194,-0.8541119379269673
GSE179847,donor_and_chromosome,0.001,SURF1_3,239,16,0.03146112377088002,0.46643401734488565,0.012114132948683515,-0.8541119379269673
GSE179847,donor_and_chromosome,0.01,HC4,478,32,0.03954606468573677,0.309308258585241,0.013903841484369473,-0.9060213764422448
GSE179847,donor_and_chromosome,0.01,SURF1_3,239,16,0.042287211529748965,0.7772717852609438,0.015137867351088696,-0.9060213764422448
GSE179847,donor_and_chromosome,0.1,HC4,478,32,0.045806180596845776,0.6019665000816479,0.012712877542494524,-0.45495445616502206
GSE179847,donor_and_chromosome,0.1,SURF1_3,239,16,0.04325562655739539,0.8237602524994996,0.01253200372034797,-0.45495445616502206
GSE179847,donor_and_chromosome,0.001,HC5,250,15,0.026309096317718498,0.33286285432038176,0.010317722249978937,-0.877055963627593
GSE179847,donor_and_chromosome,0.01,HC5,250,15,0.05147061257497515,0.6598097028931325,0.01710449222479199,-0.9258743959127644
GSE179847,donor_and_chromosome,0.1,HC5,250,15,0.05051297208329787,0.6937285730932182,0.013085471822821207,-0.46161888226937775
GSE179847,donor_and_chromosome,0.001,HC5,434,19,0.04595480315530139,0.6844578714380547,0.016922145706321237,-0.7791478567597346
GSE179847,donor_and_chromosome,0.01,HC5,434,19,0.06415981602708018,1.018203165239421,0.01971508534852692,-0.8511893902904679
GSE179847,donor_and_chromosome,0.1,HC5,434,19,0.05237610718367209,0.9058138842213684,0.011990479145202381,-0.45673117200194463
GSE179847,donor_and_chromosome,0.001,HC5,394,22,0.023038637455083114,0.31216645333462106,0.009119821802031308,-0.8363945177266459
GSE179847,donor_and_chromosome,0.01,HC5,394,22,0.048531672465557604,0.6685741759682758,0.01592292484532927,-0.8688292109535843
GSE179847,donor_and_chromosome,0.1,HC5,394,22,0.04758199109519061,0.6904705798481632,0.011677249637353011,-0.4397605199156965
GSE179847,donor_and_chromosome,0.001,HC5,213,13,-0.007549374294658737,-0.05831134672016157,-0.004293181103369677,-0.8706128900128296
GSE179847,donor_and_chromosome,0.01,HC5,213,13,0.006659450110581237,0.16534422711322158,-0.0001196798415799662,-0.9183477332829544
GSE179847,donor_and_chromosome,0.1,HC5,213,13,0.027607614996892203,0.41966035741928365,0.005162093348790158,-0.4577133208047735
GSE179847,donor_and_chromosome,0.001,HC5,239,16,0.03524319691002392,0.3780533527209329,0.01167225804226591,-0.8315418175975939
GSE179847,donor_and_chromosome,0.01,HC5,239,16,0.06239925510320682,0.6817316869106326,0.017781893227489447,-0.8839338969688534
GSE179847,donor_and_chromosome,0.1,HC5,239,16,0.058674396881657764,0.7152603137228701,0.01270416448823181,-0.4428862672518947
GSE73115,donor,0.001,1,1680,88,0.0015098578582665855,0.015290437348852005,0.0008685950307975527,-0.24463518519762717
GSE73115,donor,0.01,1,1680,88,0.005457911738375726,0.06959618674593274,0.0030581809210052813,-0.3207726980887247
GSE73115,donor,0.1,1,1680,88,0.0057947845035436095,0.07780969467033921,0.003087920239165325,-0.15396289704800342
GSE73115,donor,0.001,10,1681,88,0.0012409070651796317,0.05926649960775488,0.0007453385977735592,-0.24478966489695658
GSE73115,donor,0.01,10,1681,88,0.006484373267917776,0.13158403390484397,0.0036553972700723906,-0.32040089962686025
GSE73115,donor,0.1,10,1681,88,0.006914490501089168,0.10886225402426927,0.0035632629074368416,-0.15366097643590904
GSE73115,donor,0.001,11,1682,88,0.003773071131526209,-0.011417875602501933,0.002161019332033833,-0.24324344591080307
GSE73115,donor,0.01,11,1682,88,0.010095850088726524,0.031201022160580794,0.005359847665118751,-0.3190854986006457
GSE73115,donor,0.1,11,1682,88,0.008408338768062119,0.057787366294426046,0.003981081832218443,-0.15325469446313164
GSE73115,donor,0.001,12,1682,88,0.0026587529410741274,-0.00425411485782409,0.0014058516542526322,-0.24392767101591364
GSE73115,donor,0.01,12,1682,88,0.009610742263502177,0.04000335765779919,0.00469395925771552,-0.3192656931531046
GSE73115,donor,0.1,12,1682,88,0.008860325166552056,0.061720192180171836,0.0037190123859718142,-0.15313272091654478
GSE73115,donor,0.001,13,1681,88,0.00029513043687068145,-0.011907534293814222,0.0002017800738354221,-0.245366077876308
GSE73115,donor,0.01,13,1681,88,0.002118992695014495,0.032258690690268405,0.001390974088261932,-0.3219718329203086
GSE73115,donor,0.1,13,1681,88,0.003446194336508208,0.058633792366272336,0.0021320223216568794,-0.15459192017041654
GSE73115,donor,0.001,14,1682,88,-0.0010436717800175487,0.011105718902633165,-0.0005748323289343753,-0.2461690431171618
GSE73115,donor,0.01,14,1682,88,0.0016212670383628437,0.06407551170230057,0.0011061087914922326,-0.32215146345457046
GSE73115,donor,0.1,14,1682,88,0.004013755982350248,0.07461755834344265,0.002353201264722334,-0.15444093126354233
GSE73115,donor,0.001,15,1681,88,0.00016390067109516268,0.05467524868490767,0.00014558192246774066,-0.24543834748302304
GSE73115,donor,0.01,15,1681,88,0.002814135249695208,0.12458074963480828,0.0017991602931017232,-0.32172188969455684
GSE73115,donor,0.1,15,1681,88,0.0044127978543576085,0.10586249066014508,0.002598707788505529,-0.1543339829095886
GSE73115,donor,0.001,16,1681,88,0.0016505317335689753,0.024747102255280148,0.0009681984985294254,-0.24454151028939472
GSE73115,donor,0.01,16,1681,88,0.007119983706889929,0.0825977687983041,0.003947364450504338,-0.3201710885303813
GSE73115,donor,0.1,16,1681,88,0.007145310010889318,0.0840834559376422,0.0036356273983149576,-0.15359830540403546
GSE73115,donor,0.001,17,1682,88,-0.0010565047003679993,0.03402056660309181,-0.0007501763705355623,-0.24617178663352068
GSE73115,donor,0.01,17,1682,88,0.003605984465875119,0.09588608103485959,0.0015751708935735325,-0.32143786493665727
GSE73115,donor,0.1,17,1682,88,0.005877768441313467,0.0908315207313124,0.0025357019980385156,-0.15394109147444457
GSE73115,donor,0.001,18,1682,88,-0.0004476078319226492,0.022637084678622067,-0.0002739521377824867,-0.24580556560027592
GSE73115,donor,0.01,18,1682,88,0.0029225920529576234,0.07890912779202225,0.0016330359813707827,-0.32168039739446896
GSE73115,donor,0.1,18,1682,88,0.00463262459757488,0.082794074506397,0.0024162439319571918,-0.15427453490005316
GSE73115,donor,0.001,19,1682,88,0.0033201070542035875,0.07694979438357194,0.0019710439000825654,-0.24350723390460416
GSE73115,donor,0.01,19,1682,88,0.007735874375278931,0.1550612561157098,0.004401090344107404,-0.31993910249789353
GSE73115,donor,0.1,19,1682,88,0.006794888969155341,0.12079112439661759,0.0036379606384679274,-0.15369198820878913
GSE73115,donor,0.001,2,1680,88,0.004340830188625748,0.03322820268357743,0.00260518884618774,-0.2428970476463555
GSE73115,donor,0.01,2,1680,88,0.008381936395931287,0.09383070615973071,0.004817822432942367,-0.3197122614958235
GSE73115,donor,0.1,2,1680,88,0.006994550468775184,0.089536763666968,0.00377363680417284,-0.1536388409226156
GSE73115,donor,0.001,20,1682,88,0.0006915608090112225,0.07078207722146344,0.0004416152563293793,-0.24511503630709888
GSE73115,donor,0.01,20,1682,88,0.004663215775307569,0.14616884833757557,0.002762339408861793,-0.3210537695724111
GSE73115,donor,0.1,20,1682,88,0.005545994022897746,0.11662539804458999,0.003062661370960016,-0.15402930865576328
GSE73115,donor,0.001,21,1682,88,0.0027535251226888033,0.049015889435376915,0.0017042536900644166,-0.24386124261577663
GSE73115,donor,0.01,21,1682,88,0.0053802519061883075,0.11695802899569983,0.0033437523839586697,-0.3207952760720399
GSE73115,donor,0.1,21,1682,88,0.005126960161457603,0.10196748380720634,0.003099779589535278,-0.15414135702124543
GSE73115,donor,0.001,22,1681,88,0.0012202117694923153,0.011076944531371506,0.0007156585334149143,-0.24480786776242194
GSE73115,donor,0.01,22,1681,88,0.004894714937606143,0.06408753095481697,0.002769642226043539,-0.3209762539732485
GSE73115,donor,0.1,22,1681,88,0.005457450938193991,0.07454204060655384,0.0029044279736112426,-0.1540534858849123
GSE73115,donor,0.001,23,1681,88,-0.0025885635642093467,-0.05061022767202414,-0.0014845983958607283,-0.24709594743507365
GSE73115,donor,0.01,23,1681,88,-0.0010823247553278439,-0.021343703095416767,-0.0003215609819734661,-0.32311466598567273
GSE73115,donor,0.1,23,1681,88,0.0021269804723702017,0.03116930998386699,0.0015352505584659245,-0.15494349996811857
GSE73115,donor,0.001,24,1681,88,0.0016274345703468922,0.031814434503769966,0.000967975731546508,-0.2445520774477313
GSE73115,donor,0.01,24,1681,88,0.005089095832513843,0.09344858225350543,0.0029094055099343975,-0.320902846310513
GSE73115,donor,0.1,24,1681,88,0.005393900879019422,0.0900811926070289,0.0029158549253543225,-0.15407004414570455
GSE73115,donor,0.001,25,1681,88,0.002708040426932987,0.04651285004568168,0.001586355355125826,-0.24389690572414477
GSE73115,donor,0.01,25,1681,88,0.00809230062936994,0.11143575346939812,0.004444815859301577,-0.31981833174296254
GSE73115,donor,0.1,25,1681,88,0.0074229277711751205,0.09686316866225969,0.003703164876123095,-0.15352299558411095
GSE73115,donor,0.001,26,1680,88,0.0006344145258748798,0.019451480052363673,0.0003803158246536706,-0.24516036432114596
GSE73115,donor,0.01,26,1680,88,0.00456175150723342,0.07460972843182775,0.0026075779153346863,-0.3210958944390565
GSE73115,donor,0.1,26,1680,88,0.0055901610241099915,0.07949451065933584,0.002991764960703264,-0.15401799000435024
GSE73115,donor,0.001,27,1681,88,0.0016120147464493556,0.08787288625936225,0.00101583691147029,-0.24456602754969206
GSE73115,donor,0.01,27,1681,88,0.003920097145437512,0.17076261154513117,0.0024750968211341364,-0.3213250142214497
GSE73115,donor,0.1,27,1681,88,0.004537680218763503,0.1298009848694267,0.002755978397921302,-0.1543003020220989
GSE73115,donor,0.001,28,1682,88,-0.0007575438808234187,0.03821095369935809,-0.0004567798598719091,-0.24599751075648432
GSE73115,donor,0.01,28,1682,88,-0.000000020607858255300498,0.10097964989688046,0.00008986218571158523,-0.3227284078136214
GSE73115,donor,0.1,28,1682,88,0.0024648699094416584,0.09347595136416588,0.0015429058942651903,-0.15485404934395805
GSE73115,donor,0.001,29,1682,88,0.0010212244192982893,0.03572411644505796,0.0005635331869861935,-0.2449229286792121
GSE73115,donor,0.01,29,1682,88,0.005622270533557804,0.09546018462573648,0.002993289837103912,-0.320710366006539
GSE73115,donor,0.1,29,1682,88,0.006301786920579496,0.09066384548730273,0.0030746841359388676,-0.15382555921625488
GSE73115,donor,0.001,3,1681,88,0.005635335141753443,0.07408346298059708,0.003414202319694787,-0.24208679921091109
GSE73115,donor,0.01,3,1681,88,0.00891679839895232,0.15049014988413575,0.005349007274441291,-0.3195133663629367
GSE73115,donor,0.1,3,1681,88,0.006610772351524833,0.11729083770744175,0.003905958719234387,-0.15374187381221172
GSE73115,donor,0.001,30,1681,88,0.001784172494922272,0.010487728466442683,0.0011376498659519407,-0.2444503989247254
GSE73115,donor,0.01,30,1681,88,0.003911813958021182,0.061283121678374956,0.0025913419418665644,-0.32132158426662333
GSE73115,donor,0.1,30,1681,88,0.004268703690190336,0.07328381814983924,0.0027744945458904277,-0.15437133792724744
GSE73115,donor,0.001,31,1682,88,0.003927154916451433,0.03230222701518923,0.0023888562377085746,-0.24313588418812856
GSE73115,donor,0.01,31,1682,88,0.007597552599399856,0.09320369997498425,0.004517441644295923,-0.3199899531234612
GSE73115,donor,0.1,31,1682,88,0.006469736931119645,0.08994258535256829,0.0036734206073557652,-0.15377946545704607
GSE73115,donor,0.001,32,1682,88,-0.0015017760908448696,-0.032886304095734925,-0.0008752411628335195,-0.24643966838809894
GSE73115,donor,0.01,32,1682,88,-0.0010094691988347297,0.0034499384260232575,-0.00033862523820254656,-0.32308295264047815
GSE73115,donor,0.1,32,1682,88,0.001924180533195875,0.04601668247059786,0.00142873157040772,-0.15499709288454344
GSE73115,donor,0.001,33,1682,88,0.004479944671221606,0.074472694813972,0.002656408193462789,-0.2428064474344155
GSE73115,donor,0.01,33,1682,88,0.010894229593974247,0.15155456129957914,0.006076860946462453,-0.3187961525436387
GSE73115,donor,0.1,33,1682,88,0.00893129200126921,0.11916795599700257,0.00454426457052113,-0.15311319353843914
GSE73115,donor,0.001,34,1682,88,0.0000027245927815088018,0.05478864459270554,0.000056237029015705356,-0.24553284635624434
GSE73115,donor,0.01,34,1682,88,0.0016175607295870573,0.1250732501119672,0.001158830012724303,-0.3221490727733132
GSE73115,donor,0.1,34,1682,88,0.0036363678602727417,0.10620031054015323,0.002237947611190373,-0.15454145913799086
GSE73115,donor,0.001,35,1682,88,0.004228393635835533,0.0816177082351879,0.002608893883806408,-0.2429617185302989
GSE73115,donor,0.01,35,1682,88,0.00861998822195941,0.16338478303628517,0.005193029590795884,-0.3196247141897402
GSE73115,donor,0.1,35,1682,88,0.007180286753485096,0.1254378815216428,0.0041007726959968105,-0.15358841355908368
GSE73115,donor,0.001,36,1682,88,0.0006490883045948032,0.03398113207741199,0.0004048393886190242,-0.2451493796600465
GSE73115,donor,0.01,36,1682,88,0.0014264022380585538,0.09474794037833005,0.0009793446084853908,-0.3222178571940896
GSE73115,donor,0.1,36,1682,88,0.0028490402206601878,0.09107801713950968,0.0018303714737767218,-0.1547510513370906
GSE73115,donor,0.001,37,1682,88,0.0005797332448291998,0.08910043632704043,0.0004224969376661465,-0.24518808149080304
GSE73115,donor,0.01,37,1682,88,0.003401549054358824,0.17166259415482965,0.0021967745138645866,-0.32151146999219465
GSE73115,donor,0.1,37,1682,88,0.0048225731905523804,0.12851678448158702,0.002842123023393313,-0.15422397728618256
GSE73115,donor,0.001,38,1682,88,0.002547439845189604,0.03571061270341729,0.0015413599144634396,-0.24399689309916894
GSE73115,donor,0.01,38,1682,88,0.007322025939621815,0.09795566534287613,0.0041690595453344,-0.32009799487068585
GSE73115,donor,0.1,38,1682,88,0.007029647375638948,0.09270469084114842,0.003670402878212415,-0.15362908175825735
GSE73115,donor,0.001,39,1681,88,0.0010466817104343798,0.028601741307641704,0.0006747781173171996,-0.244898641348776
GSE73115,donor,0.01,39,1681,88,0.0030385149633027765,0.08933797248301915,0.0020012856135979327,-0.32163841430948603
GSE73115,donor,0.1,39,1681,88,0.004013623130496844,0.08842456107018178,0.0025280024021095532,-0.15444014146997537
GSE73115,donor,0.001,4,1681,88,0.006219491058103239,0.08813905812347345,0.0037585352317196278,-0.2417203048971478
GSE73115,donor,0.01,4,1681,88,0.01104810344012424,0.17169667067420774,0.006430006116066067,-0.3187377852308901
GSE73115,donor,0.1,4,1681,88,0.008280282419501721,0.12868001978749424,0.0045411373836336385,-0.15328972755103104
GSE73115,donor,0.001,40,1681,88,0.0003670003175574815,0.02081629141160525,0.000237016040154133,-0.24532012426634248
GSE73115,donor,0.01,40,1681,88,0.00431499016275355,0.0768403823521106,0.002499458921397027,-0.32118420990020613
GSE73115,donor,0.1,40,1681,88,0.005372239822172694,0.08040127739560693,0.0028792272026005082,-0.15407644358284353
GSE73115,donor,0.001,41,1681,88,-0.002133365036621687,-0.017425743745203937,-0.0013725236243873082,-0.2468200970561636
GSE73115,donor,0.01,41,1681,88,0.00004884986876135165,0.0238983797522641,-0.0003192017122116444,-0.322715016196637
GSE73115,donor,0.1,41,1681,88,0.0033785590664042135,0.05468099568360911,0.001441063378515017,-0.15461121239685888
GSE73115,donor,0.001,42,1680,88,0.00007274872864349792,0.061416436457756435,0.00009115432830494424,-0.24548972544988448
GSE73115,donor,0.01,42,1680,88,0.002773317001326169,0.13262104170535952,0.001755727953585445,-0.32173438411915206
GSE73115,donor,0.1,42,1680,88,0.004316445482223752,0.10978785219934703,0.0024976706049465464,-0.15435931908025663
GSE73115,donor,0.001,43,1680,88,0.0002907168272077985,0.022670012336010566,0.00020863648220457615,-0.24536771534696936
GSE73115,donor,0.01,43,1680,88,0.0019272852982786888,0.0782445827847116,0.001294753717737583,-0.32204139032615875
GSE73115,donor,0.1,43,1680,88,0.003420570022785088,0.08183177054931688,0.0021168273497381993,-0.15459912801405137
GSE73115,donor,0.001,44,1681,88,-0.0005562668963703315,0.043530543596805756,-0.0003323450344492804,-0.2458832794188629
GSE73115,donor,0.01,44,1681,88,0.0015499945254866918,0.10906698838198053,0.0009560195436885687,-0.32217810640616246
GSE73115,donor,0.1,44,1681,88,0.0037719275002821946,0.09864702063230874,0.002157097583706673,-0.15450578596629413
GSE73115,donor,0.001,45,1682,88,0.000679167918165229,0.060737726652961094,0.0004875652845497954,-0.24513019110119216
GSE73115,donor,0.01,45,1682,88,0.0029061830376558885,0.13260691684904027,0.0020033782253329347,-0.3216873358093353
GSE73115,donor,0.1,45,1682,88,0.004013577391511673,0.10920732954620355,0.002577717421816886,-0.15444026953208106
GSE73115,donor,0.001,46,1682,88,0.0013111932058363692,0.06021682346083846,0.0007913934585078803,-0.24475123334180565
GSE73115,donor,0.01,46,1682,88,0.004737518550693339,0.13086689426283374,0.002748608637588597,-0.32103103548603484
GSE73115,donor,0.1,46,1682,88,0.005295443317326639,0.10732038035223151,0.0028997884569479148,-0.15409681570009695
GSE73115,donor,0.001,47,1682,88,-0.0007190901364782247,0.008368011118059333,-0.00044915976952950243,-0.24597294844798767
GSE73115,donor,0.01,47,1682,88,0.0026487196296476837,0.06051225704897991,0.0014335264288499166,-0.32178225666939664
GSE73115,donor,0.1,47,1682,88,0.004589511560699072,0.07421805434597721,0.0023500707804419044,-0.15428670913255357
GSE73115,donor,0.001,48,1681,88,-0.0023617271984244423,-0.01829527450821146,-0.0014687117717704305,-0.24695751562070145
GSE73115,donor,0.01,48,1681,88,0.0004111153884594046,0.022511528111884446,0.00005178639519733255,-0.32258399979368013
GSE73115,donor,0.1,48,1681,88,0.0034008470707804976,0.0551879186165288,0.0016345011856203333,-0.15460487175779464
GSE73115,donor,0.001,49,1682,88,-0.000623928771660085,0.02835503625254168,-0.0003414473856418495,-0.24591694546740725
GSE73115,donor,0.01,49,1682,88,0.0007804044500065671,0.08650764805926701,0.0006233730222737451,-0.3224490989332903
GSE73115,donor,0.1,49,1682,88,0.002890799444649676,0.08624347502582785,0.0018146473376288818,-0.15474021791912962
GSE73115,donor,0.001,5,1682,88,0.002451944625114855,0.03299202372775949,0.0015128157352273183,-0.24404500261629092
GSE73115,donor,0.01,5,1682,88,0.005608664726082335,0.09425049156164461,0.0034166259222318043,-0.32071084582648945
GSE73115,donor,0.1,5,1682,88,0.00542705890609114,0.09014858335948774,0.003182314963783115,-0.15406065894193327
GSE73115,donor,0.001,50,1682,88,0.002449871770251559,0.012432938750511697,0.0014785060578510329,-0.24405487904460624
GSE73115,donor,0.01,50,1682,88,0.0066511168011044765,0.06510747600950939,0.003859340154501944,-0.320338719060216
GSE73115,donor,0.1,50,1682,88,0.006204244720731925,0.07564764344421103,0.003381404655902989,-0.1538517393129991
GSE73115,donor,0.001,51,1681,88,-0.0005924866393458063,0.02252260866962709,-0.0003383929752302003,-0.24589326858122748
GSE73115,donor,0.01,51,1681,88,0.0017459025474463492,0.08015404244740068,0.0011126564370293143,-0.32210408576135263
GSE73115,donor,0.1,51,1681,88,0.0038158025381970174,0.08389655347866963,0.002222868776965521,-0.15449358689801115
GSE73115,donor,0.001,52,1681,88,0.0002795892542869001,0.001004029825825254,0.000020376689964387513,-0.2453756753879766
GSE73115,donor,0.01,52,1681,88,0.005231853834511943,0.04903165923849955,0.002415788707562142,-0.32085442572222167
GSE73115,donor,0.1,52,1681,88,0.006234116579692065,0.06753868116970908,0.002668306128657474,-0.15384465727604388
GSE73115,donor,0.001,53,1681,88,-0.0012788256456457423,-0.019162360895226316,-0.0007893072360581745,-0.2463103610499166
GSE73115,donor,0.01,53,1681,88,0.00105557617380175,0.021549414491898372,0.0005723549452039194,-0.32235157210866516
GSE73115,donor,0.1,53,1681,88,0.0032725122791405804,0.05411609909762838,0.0017643967638313262,-0.1546385671244359
GSE73115,donor,0.001,54,1682,88,0.0002138374965794942,-0.020749526038478374,0.00005134125221178927,-0.2454049981741847
GSE73115,donor,0.01,54,1682,88,0.0023600646519771097,0.019741521081625503,0.0011247895773431934,-0.3218836938203606
GSE73115,donor,0.1,54,1682,88,0.004249474752194964,0.053467079207112016,0.002066762817630288,-0.15437793706463993
GSE73115,donor,0.001,55,1681,88,0.004146384427108721,0.07132255809197516,0.0025450703984834376,-0.2430148831688631
GSE73115,donor,0.01,55,1681,88,0.0074713504766087185,0.14692498025614242,0.004538843904470005,-0.320041513287302
GSE73115,donor,0.1,55,1681,88,0.006342780688952048,0.11631457246510163,0.0037183485817335817,-0.15381446687526376
GSE73115,donor,0.001,56,1681,88,-0.0007569726061024696,0.023242575033655954,-0.00041751136830719303,-0.24599685013606631
GSE73115,donor,0.01,56,1681,88,0.0007593790451062539,0.08135408647304623,0.0006024415234260143,-0.32245799015364734
GSE73115,donor,0.1,56,1681,88,0.003140579586953027,0.08397012653779583,0.0019139760987557498,-0.1546740080938927
GSE73115,donor,0.001,57,1682,88,0.0013674788795522482,0.027180997575288645,0.0009069520168104545,-0.24470149505935074
GSE73115,donor,0.01,57,1682,88,0.0044520479070455695,0.08604789390136101,0.0028921069200651584,-0.32112847502467934
GSE73115,donor,0.1,57,1682,88,0.005188891331656613,0.08686928464797389,0.0031677392717298805,-0.15412531872237117
GSE73115,donor,0.001,58,1682,88,-0.0015044943772631542,0.01595903316644395,-0.000816656501553642,-0.24644665031929439
GSE73115,donor,0.01,58,1682,88,0.0004124999870790309,0.06990189074903999,0.0005994330975363337,-0.3225803237726587
GSE73115,donor,0.1,58,1682,88,0.0030810227987855166,0.07876576245728162,0.00211425469396739,-0.15468970151682682
GSE73115,donor,0.001,59,1682,88,0.0009724768499817688,0.03468793677253335,0.0005868470091933095,-0.24495458313907875
GSE73115,donor,0.01,59,1682,88,0.002859567075333423,0.09730571972421781,0.0017137475441302103,-0.32170569216012923
GSE73115,donor,0.1,59,1682,88,0.0038912341101085455,0.0919247253363416,0.002239506880027547,-0.15447301869012306
GSE73115,donor,0.001,6,1682,88,0.0017310434019032566,0.0652138114635537,0.0010389534994000086,-0.2444807254257025
GSE73115,donor,0.01,6,1682,88,0.00485517482323312,0.138614935754271,0.0028531625135430755,-0.32098229973814846
GSE73115,donor,0.1,6,1682,88,0.005178349158244166,0.11136994861848071,0.002912931858199609,-0.15412767288478826
GSE73115,donor,0.001,60,1682,88,0.00013644593050197635,0.01882631675218892,0.0000670086936996441,-0.24546638252730116
GSE73115,donor,0.01,60,1682,88,0.0036984864059492703,0.07436042871275811,0.002065642710349517,-0.32140699448102444
GSE73115,donor,0.1,60,1682,88,0.004831876346755454,0.08014336668403028,0.002541371158455861,-0.15422147023362118
GSE73115,donor,0.001,61,1682,88,0.0025236646634403635,0.041265574131862395,0.0013978319116973797,-0.24400334703306412
GSE73115,donor,0.01,61,1682,88,0.008200038990586274,0.10478062121251956,0.004214941047309548,-0.31977598632953586
GSE73115,donor,0.1,61,1682,88,0.007923917413952288,0.09551052372824306,0.003655747872699796,-0.15338711232094948
GSE73115,donor,0.001,62,1682,88,0.0015398179722566695,0.014680376388561145,0.0009636197892545174,-0.24460254727736333
GSE73115,donor,0.01,62,1682,88,0.0033980712025649083,0.06760342780210869,0.0022187817142692873,-0.3215052857614413
GSE73115,donor,0.1,62,1682,88,0.004165970067411476,0.07717023104881143,0.002644317716181896,-0.1543989119662467
GSE73115,donor,0.001,63,1681,88,-0.0004266934345040825,0.040661666476293,-0.00023604944284616596,-0.2457948663055811
GSE73115,donor,0.01,63,1681,88,0.0017816057818298959,0.10378462366563426,0.0011347141055942998,-0.32209317458914677
GSE73115,donor,0.1,63,1681,88,0.0037532626032093586,0.09476197766421231,0.0021978714066711335,-0.154510287051444
GSE73115,donor,0.001,64,1681,88,-0.0006125786067875355,0.028310141982339745,-0.0003163237162918784,-0.245908028051429
GSE73115,donor,0.01,64,1681,88,0.002002724988584856,0.08932750284816277,0.0013868447587652916,-0.32201320981870823
GSE73115,donor,0.1,64,1681,88,0.004004610444941066,0.08903048509491542,0.0024727439856838465,-0.1544435827117532
GSE73115,donor,0.001,65,1682,88,0.00037997110687675896,0.03559196270238862,-0.00011396404966461377,-0.24530860668909737
GSE73115,donor,0.01,65,1682,88,0.005613943382343853,0.09829914962993999,0.0019057888312138179,-0.320718205841872
GSE73115,donor,0.1,65,1682,88,0.006966723937336824,0.09192076881834323,0.0022267237218726206,-0.1536476856502695
GSE73115,donor,0.001,66,1681,88,-0.001151402778542264,-0.020448692128406297,-0.0006566936014277507,-0.246233433805776
GSE73115,donor,0.01,66,1681,88,0.0005222668677429008,0.01941953058639467,0.0004941266858591669,-0.32254116284791845
GSE73115,donor,0.1,66,1681,88,0.002792281936561829,0.05245323377506892,0.0017995320555699527,-0.15476645396235195
GSE73115,donor,0.001,67,1682,88,0.0019232386118005066,0.038662951882726414,0.0012020054490825456,-0.24437096463952107
GSE73115,donor,0.01,67,1682,88,0.004285312844463415,0.10162677728009296,0.0027244349945244285,-0.32119141946536456
GSE73115,donor,0.1,67,1682,88,0.004448953883584755,0.09421603542666891,0.0027727909341198286,-0.1543233302591734
GSE73115,donor,0.001,68,1682,88,0.002766009751401285,0.06947909233204384,0.0017023026820006278,-0.24386308712898394
GSE73115,donor,0.01,68,1682,88,0.007197348411788306,0.145414315449969,0.004269374509616812,-0.3201422704056007
GSE73115,donor,0.1,68,1682,88,0.006734253950059032,0.11588733252667364,0.003744972398667778,-0.15370921718155084
GSE73115,donor,0.001,69,1682,88,-0.001213762269873692,0.003216747020765825,-0.0007090667875646465,-0.24627419483630508
GSE73115,donor,0.01,69,1682,88,0.0020460496747374797,0.05372473377001077,0.0011678899180653194,-0.32200124443749745
GSE73115,donor,0.1,69,1682,88,0.004506097951534341,0.07047667361101793,0.00233254288930247,-0.15430947763578695
GSE73115,donor,0.001,7,1682,88,0.0006915638360233642,0.020882913643966654,0.0004218325658103931,-0.24511687617448766
GSE73115,donor,0.01,7,1682,88,0.0024076564414613304,0.07873666333735929,0.0014950404517574361,-0.3218634179875799
GSE73115,donor,0.1,7,1682,88,0.00369878563753739,0.08307039198126177,0.0021999014606529214,-0.15452410107138084
GSE73115,donor,0.001,70,1682,88,0.004874530501093024,0.027000107483630912,0.0028574970527399067,-0.24256148572799813
GSE73115,donor,0.01,70,1682,88,0.011538281381502006,0.08499039344150382,0.006300066174086201,-0.3185592785229638
GSE73115,donor,0.1,70,1682,88,0.009053482463932786,0.08594791312028952,0.004438291359420594,-0.1530790559498161
GSE73115,donor,0.001,71,1681,88,0.003497501120131511,0.017321843760607764,0.0020938904670439185,-0.243417390398141
GSE73115,donor,0.01,71,1681,88,0.0080686113668229,0.07205589296130235,0.004646302325287718,-0.3198253028842489
GSE73115,donor,0.1,71,1681,88,0.006919067808668624,0.07951183847645951,0.003750755458623587,-0.1536588220780742
GSE73115,donor,0.001,72,1682,88,-0.0007838879828586894,0.0032795876566109553,-0.00041846897479379583,-0.2460123983284772
GSE73115,donor,0.01,72,1682,88,0.0009026667681462207,0.052655437792133414,0.0007065697480858708,-0.32240638143494965
GSE73115,donor,0.1,72,1682,88,0.003171482714990686,0.06951019566310408,0.0019279405576345275,-0.15466550183377045
GSE73115,donor,0.001,73,1680,88,0.00046160073372469634,0.029109520155053636,0.00018661966583245106,-0.24526620929810444
GSE73115,donor,0.01,73,1680,88,0.004912104188932108,0.08726376154640726,0.00244291774293758,-0.3209736832303631
GSE73115,donor,0.1,73,1680,88,0.006222081084289642,0.08674128554128077,0.002880266495140592,-0.15384890471424628
GSE73115,donor,0.001,74,1680,88,0.0004900607386933279,0.02114707445338723,0.00032101550100365037,-0.2452450917329222
GSE73115,donor,0.01,74,1680,88,0.0019790160211976553,0.07684485699193479,0.0012883160867678753,-0.3220223688898856
GSE73115,donor,0.1,74,1680,88,0.003500017042125591,0.08141393742086521,0.002104345560979216,-0.15457780898904788
GSE73115,donor,0.001,75,1682,88,-0.00004801674333859778,-0.015904487770057974,-0.00003962204093170415,-0.2455670590304992
GSE73115,donor,0.01,75,1682,88,0.002596044510055854,0.023869723098909425,0.0014625612107016424,-0.3217982993963349
GSE73115,donor,0.1,75,1682,88,0.0042057084987954275,0.053477339770951655,0.0022482236280778546,-0.1543887486711918
GSE73115,donor,0.001,76,1682,88,0.00803019240611708,0.11355213040683187,0.004843940468250538,-0.24058592136876294
GSE73115,donor,0.01,76,1682,88,0.012519181801871537,0.2063138729613036,0.007331439761928767,-0.31819288565079984
GSE73115,donor,0.1,76,1682,88,0.008465256551740007,0.1469467924420896,0.004763710160356191,-0.15323825028220708
GSE73115,donor,0.001,77,1682,88,0.004755798699199567,0.09833568894697463,0.0028993705300780766,-0.24263233438801016
GSE73115,donor,0.01,77,1682,88,0.010093265670567288,0.18409356181729056,0.005944818255682693,-0.31908504783637803
GSE73115,donor,0.1,77,1682,88,0.008078263544495612,0.13600468339651026,0.0044914381832102624,-0.1533444717532252
GSE73115,donor,0.001,78,1682,88,0.002686097770074217,-0.007166669035850559,0.0016318435948343324,-0.24390368232834625
GSE73115,donor,0.01,78,1682,88,0.0069486258141841575,0.03918343056519951,0.004105175292162014,-0.3202267802212575
GSE73115,donor,0.1,78,1682,88,0.006198844403504238,0.06323504450148387,0.003493371860835153,-0.15385260508912818
GSE73115,donor,0.001,79,1682,88,-0.00014132302312656013,0.0801562766963595,-0.000050288792696156434,-0.24562261396032387
GSE73115,donor,0.01,79,1682,88,0.0015352064420320918,0.16199508561899123,0.0010770788939901913,-0.3221765653585197
GSE73115,donor,0.1,79,1682,88,0.003319351808402088,0.1252787994838975,0.002070105049810812,-0.1546257042034508
GSE73115,donor,0.001,8,1682,88,0.0011710924196550324,0.023563601855038786,0.000743487844024638,-0.24482029608178263
GSE73115,donor,0.01,8,1682,88,0.004104948528213945,0.08194347596904727,0.0025553446512659524,-0.3212524267334994
GSE73115,donor,0.1,8,1682,88,0.004644693149909413,0.08420990421730665,0.0027726167905518214,-0.15427052525672708
GSE73115,donor,0.001,80,1682,88,-0.0001888163323379043,0.10548308048764345,-0.00007390467603629213,-0.2456449773892402
GSE73115,donor,0.01,80,1682,88,0.0023181567642285724,0.1959534892877157,0.0015108384339993044,-0.3218964433333118
GSE73115,donor,0.1,80,1682,88,0.003980243127698304,0.14170953981500178,0.0023778424166716757,-0.15444902262766116
GSE73115,donor,0.001,81,1682,88,-0.00040612844320360843,0.08667538107176703,-0.0002723493679945809,-0.24578157002800283
GSE73115,donor,0.01,81,1682,88,0.0007182644464466582,0.1693826041610413,0.0004177711831014946,-0.3224699539394443
GSE73115,donor,0.1,81,1682,88,0.002764432824692149,0.12862549484798966,0.001599245427377584,-0.15477358050637005
GSE73115,donor,0.001,82,1682,88,0.0025913870441846214,0.1791195392531252,0.001585094743987494,-0.24396436382022146
GSE73115,donor,0.01,82,1682,88,0.006160605957206794,0.2970253346737736,0.003637186069526734,-0.320517015409165
GSE73115,donor,0.1,82,1682,88,0.006190616933414228,0.19277731059329548,0.003425960676106238,-0.15385597346238247
GSE73115,donor,0.001,83,1681,88,-0.0008828864815488665,0.02620342940607201,-0.0005148595682654439,-0.2460755475635798
GSE73115,donor,0.01,83,1681,88,0.0018912810032502706,0.08374171249223213,0.0011715651979545866,-0.3220560929589602
GSE73115,donor,0.1,83,1681,88,0.004087581837908009,0.08514992665192539,0.002325118103495411,-0.15442162440986626
GSE73115,donor,0.001,84,1681,88,0.0031250983106159134,0.06560473693461952,0.001919054611183856,-0.24364465226451104
GSE73115,donor,0.01,84,1681,88,0.005667210668502502,0.13919226607751323,0.0035042974311392627,-0.32069553200199796
GSE73115,donor,0.1,84,1681,88,0.005392165242760509,0.11235638235325153,0.0032686334299337227,-0.15407091951928967
GSE73115,donor,0.001,85,1680,88,0.0027805661026819206,0.04177104357511308,0.0016842936000826978,-0.243853476861162
GSE73115,donor,0.01,85,1680,88,0.007978003439247254,0.10548642966131369,0.004584607909688869,-0.3198604402167614
GSE73115,donor,0.1,85,1680,88,0.007490477543806819,0.09629748594781176,0.003968428644947061,-0.15350504860268532
GSE73115,donor,0.001,86,1680,88,0.00024234472194328315,0.03384378783690069,0.00020864385258869802,-0.2453958795874974
GSE73115,donor,0.01,86,1680,88,0.0017833521711595741,0.0962673962191576,0.0013148294921584052,-0.3220918544751002
GSE73115,donor,0.1,86,1680,88,0.003508446520185747,0.09185296089752337,0.002269022558265116,-0.15457577443919984
GSE73115,donor,0.001,9,1682,88,0.00416538899224449,0.08194954243886167,0.002554301790704578,-0.24300240387085334
GSE73115,donor,0.01,9,1682,88,0.008008073841464456,0.16109607076375537,0.004816022678824821,-0.31984612791516503
GSE73115,donor,0.1,9,1682,88,0.0066104952717701915,0.12352601457863276,0.003820331163809141,-0.15374192662759664
GSE73115,donor_and_chromosome,0.001,1,267,13,0.0016473386502217655,-0.0021331602201569923,0.0009563843100506062,-0.23812547990396354
GSE73115,donor_and_chromosome,0.001,14,267,13,0.009187347124906608,0.1836387577814523,0.005648505119645361,-0.23812547990396354
GSE73115,donor_and_chromosome,0.001,19,267,13,0.01101826163454587,0.1630603981194922,0.006656245346979532,-0.23812547990396354
GSE73115,donor_and_chromosome,0.001,23,267,13,-0.0006568101916970976,-0.042049311614194444,-0.00029679945482598014,-0.23812547990396354
GSE73115,donor_and_chromosome,0.001,28,267,13,-0.004258510670296623,-0.08285667782043968,-0.0024145607151113916,-0.23812547990396354
GSE73115,donor_and_chromosome,0.001,32,267,13,0.00014838138443196275,0.02239710083361544,0.00005208323168968897,-0.23812547990396354
GSE73115,donor_and_chromosome,0.001,37,267,13,0.004598950054577625,0.15402973255100572,0.002836483491100809,-0.23812547990396354
GSE73115,donor_and_chromosome,0.001,41,267,13,0.0016081078523024755,0.00018955815486937686,0.0008980952852185029,-0.23812547990396354
GSE73115,donor_and_chromosome,0.001,46,267,13,0.0010926101010729351,0.06738043604749093,0.0006709401218735617,-0.23812547990396354
GSE73115,donor_and_chromosome,0.001,50,267,13,0.00806534358353707,0.12394963439140629,0.0049185121663159045,-0.23812547990396354
GSE73115,donor_and_chromosome,0.001,55,267,13,0.005830126509704779,0.09994917543506397,0.003530264631873644,-0.23812547990396354
GSE73115,donor_and_chromosome,0.001,6,267,13,0.0008306249316420204,0.02123325524815311,0.00046094859059341535,-0.23812547990396354
GSE73115,donor_and_chromosome,0.001,64,267,13,0.008445215580058589,0.14722317530439255,0.005143658924060463,-0.23812547990396354
GSE73115,donor_and_chromosome,0.001,69,267,13,0.0079088841559052,0.15530797737977647,0.0047470792502247875,-0.23812547990396354
GSE73115,donor_and_chromosome,0.001,73,267,13,0.002686182743614297,0.052742196219347504,0.001519439699233851,-0.23812547990396354
GSE73115,donor_and_chromosome,0.001,78,267,13,0.006831125062776603,0.1640021304215512,0.004057908032738452,-0.23812547990396354
GSE73115,donor_and_chromosome,0.001,82,267,13,0.0007695477906294297,0.11254211789736414,0.0005104155886600614,-0.23812547990396354
GSE73115,donor_and_chromosome,0.001,9,267,13,0.00540995231195085,0.11517843835488249,0.003318067900067344,-0.23812547990396354
GSE73115,donor_and_chromosome,0.01,1,267,13,0.00571668123133166,0.052203730385068536,0.003255949683117204,-0.3113172662272973
GSE73115,donor_and_chromosome,0.01,14,267,13,0.014966086495367936,0.30567234237482893,0.00902595275801142,-0.3113172662272973
GSE73115,donor_and_chromosome,0.01,19,267,13,0.018130464780257975,0.27499641206014475,0.010618071621411559,-0.3113172662272973
GSE73115,donor_and_chromosome,0.01,23,267,13,0.0032882521283872502,-0.008900160206508394,0.0022459439259178734,-0.3113172662272973
GSE73115,donor_and_chromosome,0.01,28,267,13,-0.004601439791711304,-0.0663154132654981,-0.0020534981967001735,-0.3113172662272973
GSE73115,donor_and_chromosome,0.01,32,267,13,0.0022498334146949044,0.08109839308907563,0.0013254996386553232,-0.3113172662272973
GSE73115,donor_and_chromosome,0.01,37,267,13,0.009950787926255155,0.2633607962556047,0.0059652475263129705,-0.3113172662272973
GSE73115,donor_and_chromosome,0.01,41,267,13,0.007225817476397268,0.0546688830161292,0.003840853654579676,-0.3113172662272973
GSE73115,donor_and_chromosome,0.01,46,267,13,0.0052242644630501175,0.144843256240371,0.0031073111327253673,-0.3113172662272973
GSE73115,donor_and_chromosome,0.01,50,267,13,0.016595330777580696,0.22247273495793402,0.009726224559415821,-0.3113172662272973
GSE73115,donor_and_chromosome,0.01,55,267,13,0.010527945781582391,0.1881791053893333,0.00617581893504389,-0.3113172662272973
GSE73115,donor_and_chromosome,0.01,6,267,13,0.00568341165922984,0.07932760753298286,0.0031727710473890454,-0.3113172662272973
GSE73115,donor_and_chromosome,0.01,64,267,13,0.01571015076091769,0.25849985461274716,0.009287450288148699,-0.3113172662272973
GSE73115,donor_and_chromosome,0.01,69,267,13,0.014917174765592088,0.26874827871425694,0.008496464695933592,-0.3113172662272973
GSE73115,donor_and_chromosome,0.01,73,267,13,0.008506807245233259,0.12644202420481257,0.0044932723011651375,-0.3113172662272973
GSE73115,donor_and_chromosome,0.01,78,267,13,0.015222300139006707,0.28444484428389877,0.008593064939444665,-0.3113172662272973
GSE73115,donor_and_chromosome,0.01,82,267,13,0.004820603035702914,0.2059821553712045,0.0029381963108943464,-0.3113172662272973
GSE73115,donor_and_chromosome,0.01,9,267,13,0.010341355584891387,0.20856384930427474,0.006174353795736115,-0.3113172662272973
GSE73115,donor_and_chromosome,0.1,1,267,13,0.005311172164817953,0.06704391529872059,0.0029169297773339307,-0.15046422954369496
GSE73115,donor_and_chromosome,0.1,14,267,13,0.010129692794824313,0.19222150893649415,0.005860396290645459,-0.15046422954369496
GSE73115,donor_and_chromosome,0.1,19,267,13,0.011342734661270776,0.1770703475012821,0.006308309499942696,-0.15046422954369496
GSE73115,donor_and_chromosome,0.1,23,267,13,0.004624024737238855,0.03281722370367791,0.002862517442574813,-0.15046422954369496
GSE73115,donor_and_chromosome,0.1,28,267,13,-0.00016010088523053733,0.0061452688469118884,0.000664489285201641,-0.15046422954369496
GSE73115,donor_and_chromosome,0.1,32,267,13,0.0038425300005016758,0.08371922359169923,0.002237011275217892,-0.15046422954369496
GSE73115,donor_and_chromosome,0.1,37,267,13,0.00810451031078777,0.1724126162975589,0.0046066808972761225,-0.15046422954369496
GSE73115,donor_and_chromosome,0.1,41,267,13,0.006925678920248593,0.07064905565532356,0.0033388096267832727,-0.15046422954369496
GSE73115,donor_and_chromosome,0.1,46,267,13,0.005312643587894758,0.11160661459181753,0.0030255186305133265,-0.15046422954369496
GSE73115,donor_and_chromosome,0.1,50,267,13,0.011551090238882417,0.15119218203117896,0.006327604287720944,-0.15046422954369496
GSE73115,donor_and_chromosome,0.1,55,267,13,0.008001932793176509,0.1347764728637936,0.004434871043109149,-0.15046422954369496
GSE73115,donor_and_chromosome,0.1,6,267,13,0.005019132631589879,0.07785578886133813,0.002646026034120314,-0.15046422954369496
GSE73115,donor_and_chromosome,0.1,64,267,13,0.010607261265780703,0.1723847382935604,0.005984100648459552,-0.15046422954369496
GSE73115,donor_and_chromosome,0.1,69,267,13,0.01062768861435033,0.17583492330799394,0.005518645719069517,-0.15046422954369496
GSE73115,donor_and_chromosome,0.1,73,267,13,0.007916634234999416,0.10349040032262016,0.0037658788101055524,-0.15046422954369496
GSE73115,donor_and_chromosome,0.1,78,267,13,0.011111301814340337,0.18600442848866341,0.005763414489897072,-0.15046422954369496
GSE73115,donor_and_chromosome,0.1,82,267,13,0.005437313137139137,0.14329434790870338,0.0031049912002558255,-0.15046422954369496
GSE73115,donor_and_chromosome,0.1,9,267,13,0.007712910237051542,0.1452522430090763,0.00437050615386558,-0.15046422954369496
GSE73115,donor_and_chromosome,0.001,1,492,26,0.00191410957121401,0.014283918533867932,0.001203777245290427,-0.26204459066942554
GSE73115,donor_and_chromosome,0.001,14,492,26,0.001845266310226803,0.00776874033570257,0.0012154449730882818,-0.26204459066942554
GSE73115,donor_and_chromosome,0.001,19,492,26,-0.00027946369988292194,0.03279385434350183,-0.0002450837802537808,-0.26204459066942554
GSE73115,donor_and_chromosome,0.001,23,492,26,-0.0003043962072583805,0.006010900864915975,-0.000056394576661096284,-0.26204459066942554
GSE73115,donor_and_chromosome,0.001,28,492,26,-0.004679952917517792,0.026358104812089164,-0.002845118088164306,-0.26204459066942554
GSE73115,donor_and_chromosome,0.001,32,492,26,-0.008789599771635872,-0.13951343738360944,-0.005294358688507072,-0.26204459066942554
GSE73115,donor_and_chromosome,0.001,37,492,26,-0.002932116323283049,0.05400902297296324,-0.0016962595282964473,-0.26204459066942554
GSE73115,donor_and_chromosome,0.001,41,491,26,-0.004152246530717107,-0.018573806300588955,-0.002632192796028187,-0.26204459066942554
GSE73115,donor_and_chromosome,0.001,46,492,26,0.0013176304995918115,0.10276382287219683,0.0007998529710502582,-0.26204459066942554
GSE73115,donor_and_chromosome,0.001,50,492,26,0.009519177282450527,0.0930419464760388,0.005745772279561989,-0.26204459066942554
GSE73115,donor_and_chromosome,0.001,55,492,26,0.007561065843054364,0.1364251939643265,0.0046028884606914,-0.26204459066942554
GSE73115,donor_and_chromosome,0.001,6,492,26,0.0027016456017841975,0.11299675933897649,0.00159238566493777,-0.26204459066942554
GSE73115,donor_and_chromosome,0.001,64,492,26,-0.004325232526999997,0.024778916024332336,-0.0024685425959806123,-0.26204459066942554
GSE73115,donor_and_chromosome,0.001,69,492,26,-0.006202171368455565,-0.028236438614760065,-0.0037316000693001683,-0.26204459066942554
GSE73115,donor_and_chromosome,0.001,73,491,26,-0.001640152391900562,0.04791578714710841,-0.0011312705948299808,-0.26204459066942554
GSE73115,donor_and_chromosome,0.001,78,492,26,0.004138877533583867,-0.0174048881248384,0.002536467845433053,-0.26204459066942554
GSE73115,donor_and_chromosome,0.001,82,492,26,-0.00058377517295737,0.17384110446712098,-0.00031001398072338655,-0.26204459066942554
GSE73115,donor_and_chromosome,0.001,9,492,26,0.00569092929897591,0.15965590860863774,0.0033883285061904714,-0.26204459066942554
GSE73115,donor_and_chromosome,0.01,1,492,26,0.007079797626404799,0.06862532025445092,0.004267417988516936,-0.3365025385125715
GSE73115,donor_and_chromosome,0.01,14,492,26,0.004710766377099968,0.05880358272920498,0.003031358029109853,-0.3365025385125715
GSE73115,donor_and_chromosome,0.01,19,492,26,0.003153176550476262,0.09353112826311541,0.0016125210864938134,-0.3365025385125715
GSE73115,donor_and_chromosome,0.01,23,492,26,0.002588939963276916,0.05721201974420323,0.0019195586810822009,-0.3365025385125715
GSE73115,donor_and_chromosome,0.01,28,492,26,-0.0054910947964383885,0.0842292777119792,-0.0031340605750084394,-0.3365025385125715
GSE73115,donor_and_chromosome,0.01,32,492,26,-0.011110330642182822,-0.1430279442430677,-0.006242490486399945,-0.3365025385125715
GSE73115,donor_and_chromosome,0.01,37,492,26,-0.001401452609444026,0.12087128813344959,-0.0006326872242316884,-0.3365025385125715
GSE73115,donor_and_chromosome,0.01,41,491,26,-0.0031920394937021207,0.023887690835326422,-0.002318762015028518,-0.3365025385125715
GSE73115,donor_and_chromosome,0.01,46,492,26,0.005190070245061679,0.18742732850774396,0.0030030674372615172,-0.3365025385125715
GSE73115,donor_and_chromosome,0.01,50,492,26,0.015394682454617547,0.17618277245135253,0.009002900994076565,-0.3365025385125715
GSE73115,donor_and_chromosome,0.01,55,492,26,0.01180521520068062,0.23272120155038384,0.007105743191306271,-0.3365025385125715
GSE73115,donor_and_chromosome,0.01,6,492,26,0.006761750687989458,0.20251291256866094,0.0038751316727541727,-0.3365025385125715
GSE73115,donor_and_chromosome,0.01,64,492,26,-0.00270280814629342,0.08372566570563718,-0.0011192105772849794,-0.3365025385125715
GSE73115,donor_and_chromosome,0.01,69,492,26,-0.003042639010956645,0.0123962307451143,-0.001911467115981921,-0.3365025385125715
GSE73115,donor_and_chromosome,0.01,73,491,26,0.004134485311838885,0.11118871331301383,0.00176879518268054,-0.3365025385125715
GSE73115,donor_and_chromosome,0.01,78,492,26,0.009332058039508737,0.025420529205678496,0.0055561742204104534,-0.3365025385125715
GSE73115,donor_and_chromosome,0.01,82,492,26,0.001531307600021234,0.2849627856324071,0.0010803826568324992,-0.3365025385125715
GSE73115,donor_and_chromosome,0.01,9,492,26,0.011417069376979117,0.26368083858344143,0.0064986562472753116,-0.3365025385125715
GSE73115,donor_and_chromosome,0.1,1,492,26,0.006576695999796936,0.07700478504853657,0.0037531958464232587,-0.15993456805593403
GSE73115,donor_and_chromosome,0.1,14,492,26,0.004960964042807979,0.0703932073268138,0.002995893347585169,-0.15993456805593403
GSE73115,donor_and_chromosome,0.1,19,492,26,0.005003051804429965,0.09005988809645464,0.0025287212943618013,-0.15993456805593403
GSE73115,donor_and_chromosome,0.1,23,492,26,0.004045473549196528,0.07002993607334827,0.0026739270665331943,-0.15993456805593403
GSE73115,donor_and_chromosome,0.1,28,492,26,0.00026536662190755866,0.08405121834880645,0.00031552622536144543,-0.15993456805593403
GSE73115,donor_and_chromosome,0.1,32,492,26,-0.0029962195414197372,-0.028493423363059153,-0.0012758408097116958,-0.15993456805593403
GSE73115,donor_and_chromosome,0.1,37,492,26,0.002596076809066969,0.10095081510702225,0.0015601735412726317,-0.15993456805593403
GSE73115,donor_and_chromosome,0.1,41,491,26,0.0018361878861713357,0.054311026179879596,0.0004836683506000637,-0.15993456805593403
GSE73115,donor_and_chromosome,0.1,46,492,26,0.005884264935349583,0.13528826655715323,0.0031876639616862388,-0.15993456805593403
GSE73115,donor_and_chromosome,0.1,50,492,26,0.010129676196662538,0.12939088871615992,0.0056160273032638715,-0.15993456805593403
GSE73115,donor_and_chromosome,0.1,55,492,26,0.008511177464599208,0.15783428516905473,0.0049810980237534165,-0.15993456805593403
GSE73115,donor_and_chromosome,0.1,6,492,26,0.006378036603124726,0.14355578104215833,0.003485790712209211,-0.15993456805593403
GSE73115,donor_and_chromosome,0.1,64,492,26,0.00200856754440767,0.08520080840395675,0.0015644206894689888,-0.15993456805593403
GSE73115,donor_and_chromosome,0.1,69,492,26,0.00247398740275709,0.05026065257556264,0.0010459677870902797,-0.15993456805593403
GSE73115,donor_and_chromosome,0.1,73,491,26,0.0063493295005628446,0.09818566903061979,0.002677542394045228,-0.15993456805593403
GSE73115,donor_and_chromosome,0.1,78,492,26,0.007164439789475107,0.055456952242005135,0.004060195113478922,-0.15993456805593403
GSE73115,donor_and_chromosome,0.1,82,492,26,0.004145833508671646,0.18419686157274356,0.0024899687442615673,-0.15993456805593403
GSE73115,donor_and_chromosome,0.1,9,492,26,0.008974628834030707,0.1712181848528809,0.004776823882532193,-0.15993456805593403
GSE73115,donor_and_chromosome,0.001,1,444,20,0.00397364568516407,0.04053130243687926,0.0023707051430940118,-0.2255619010910666
GSE73115,donor_and_chromosome,0.001,14,445,20,-0.000783002774835095,0.02366575914271656,-0.0005076356510817672,-0.2255619010910666
GSE73115,donor_and_chromosome,0.001,19,445,20,0.0032273256829057,0.10743234962958725,0.0019147239433709154,-0.2255619010910666
GSE73115,donor_and_chromosome,0.001,23,444,20,-0.004929762270875969,-0.04237636595412473,-0.002999158494122847,-0.2255619010910666
GSE73115,donor_and_chromosome,0.001,28,445,20,0.004285158344373786,0.16000124980465005,0.002557062082388692,-0.2255619010910666
GSE73115,donor_and_chromosome,0.001,32,445,20,0.0010300599904017479,0.006911815801739979,0.0006989115851456293,-0.2255619010910666
GSE73115,donor_and_chromosome,0.001,37,445,20,0.004489594043586796,0.16826879576551398,0.002790257861298494,-0.2255619010910666
GSE73115,donor_and_chromosome,0.001,41,445,20,0.002988314363995672,0.059038379560543176,0.001776633466143032,-0.2255619010910666
GSE73115,donor_and_chromosome,0.001,46,445,20,0.006105654880474404,0.12457409225855512,0.003740881488685067,-0.2255619010910666
GSE73115,donor_and_chromosome,0.001,50,445,20,-0.0030469991983009276,-0.11789378216439797,-0.0018652003496250297,-0.2255619010910666
GSE73115,donor_and_chromosome,0.001,55,444,20,0.003514514855942802,0.06049493671465374,0.0021566249130857227,-0.2255619010910666
GSE73115,donor_and_chromosome,0.001,6,445,20,0.005121347025024928,0.14742374994063812,0.003074787395601856,-0.2255619010910666
GSE73115,donor_and_chromosome,0.001,64,445,20,-0.005663863495258035,-0.09828002913047022,-0.0034287265028791333,-0.2255619010910666
GSE73115,donor_and_chromosome,0.001,69,445,20,0.0007419202734122819,-0.023649673714574125,0.0005424252823403796,-0.2255619010910666
GSE73115,donor_and_chromosome,0.001,73,444,20,0.0010701902940215815,-0.0020091529485007863,0.0005807831325286731,-0.2255619010910666
GSE73115,donor_and_chromosome,0.001,78,445,20,0.0016787210311548146,-0.024495143169661233,0.0010431173359332065,-0.2255619010910666
GSE73115,donor_and_chromosome,0.001,82,445,20,0.002938003342797942,0.2458938394295625,0.0017485405649151748,-0.2255619010910666
GSE73115,donor_and_chromosome,0.001,9,445,20,0.0018309382598635543,0.014918286601404391,0.0011403672021283043,-0.2255619010910666
GSE73115,donor_and_chromosome,0.01,1,444,20,0.008349435471133761,0.11147035475769858,0.004772420883097941,-0.30620841346740846
GSE73115,donor_and_chromosome,0.01,14,445,20,0.0029499636329360993,0.08980119228652701,0.0015433067222541202,-0.30620841346740846
GSE73115,donor_and_chromosome,0.01,19,445,20,0.008180507799257889,0.21231721830802525,0.004602347865505395,-0.30620841346740846
GSE73115,donor_and_chromosome,0.01,23,444,20,-0.004985312541043931,-0.00660004677531858,-0.0029116084907900262,-0.30620841346740846
GSE73115,donor_and_chromosome,0.01,28,445,20,0.007611889760656673,0.2845992068934935,0.004331238104188068,-0.30620841346740846
GSE73115,donor_and_chromosome,0.01,32,445,20,0.0025530785164424087,0.06612494571374197,0.001854643337646957,-0.30620841346740846
GSE73115,donor_and_chromosome,0.01,37,445,20,0.009620591914118284,0.2968839184097718,0.005849876296715578,-0.30620841346740846
GSE73115,donor_and_chromosome,0.01,41,445,20,0.007195671017436494,0.14017003810740997,0.004014201560550649,-0.30620841346740846
GSE73115,donor_and_chromosome,0.01,46,445,20,0.011623311029838176,0.2323398162272945,0.006937711846203788,-0.30620841346740846
GSE73115,donor_and_chromosome,0.01,50,445,20,-0.0012618798741256846,-0.11706264137484561,-0.0008176304757658107,-0.30620841346740846
GSE73115,donor_and_chromosome,0.01,55,444,20,0.0069989887909620765,0.14026888342323793,0.004217591947767286,-0.30620841346740846
GSE73115,donor_and_chromosome,0.01,6,445,20,0.008840064623146552,0.26821402245581133,0.005130269991202457,-0.30620841346740846
GSE73115,donor_and_chromosome,0.01,64,445,20,-0.005518775295321522,-0.08877786984954758,-0.0031867595094714,-0.30620841346740846
GSE73115,donor_and_chromosome,0.01,69,445,20,0.0037742702214405032,0.019021654714874565,0.0024947601736990785,-0.30620841346740846
GSE73115,donor_and_chromosome,0.01,73,444,20,0.004143379792420116,0.050290813995511274,0.002136048614133101,-0.30620841346740846
GSE73115,donor_and_chromosome,0.01,78,445,20,0.005842039443388493,0.017167878192530135,0.0035295521475290676,-0.30620841346740846
GSE73115,donor_and_chromosome,0.01,82,445,20,0.007853186996763406,0.4100955396508371,0.004393989371759697,-0.30620841346740846
GSE73115,donor_and_chromosome,0.01,9,445,20,0.00451902881048478,0.07667572256031573,0.002777306941003822,-0.30620841346740846
GSE73115,donor_and_chromosome,0.1,1,444,20,0.006661434874025823,0.10019214668085101,0.0036170895294158067,-0.15279099004383492
GSE73115,donor_and_chromosome,0.1,14,445,20,0.004068313839372339,0.08733403088458605,0.002041937396967446,-0.15279099004383492
GSE73115,donor_and_chromosome,0.1,19,445,20,0.006843727355195018,0.15192626230259995,0.0035763503609062557,-0.15279099004383492
GSE73115,donor_and_chromosome,0.1,23,444,20,-0.0005983328325170151,0.03572372072400677,-0.00022304888746113406,-0.15279099004383492
GSE73115,donor_and_chromosome,0.1,28,445,20,0.0059611609304961845,0.18865890230245513,0.003208523647096127,-0.15279099004383492
GSE73115,donor_and_chromosome,0.1,32,445,20,0.0032968202499736553,0.07646582432271523,0.0022987430296868565,-0.15279099004383492
GSE73115,donor_and_chromosome,0.1,37,445,20,0.00745356071938724,0.19282088989172644,0.004348268510615949,-0.15279099004383492
GSE73115,donor_and_chromosome,0.1,41,445,20,0.0061200196856986385,0.11280537842074183,0.0031245642291905166,-0.15279099004383492
GSE73115,donor_and_chromosome,0.1,46,445,20,0.008220875167940374,0.1615733523489782,0.0046921991195902945,-0.15279099004383492
GSE73115,donor_and_chromosome,0.1,50,445,20,0.0014106608603554449,-0.018199559717337225,0.0007081688741179353,-0.15279099004383492
GSE73115,donor_and_chromosome,0.1,55,444,20,0.005559689209599734,0.11190495508116624,0.00324821597176426,-0.15279099004383492
GSE73115,donor_and_chromosome,0.1,6,445,20,0.006692255274086887,0.1804288657656931,0.003707959927983431,-0.15279099004383492
GSE73115,donor_and_chromosome,0.1,64,445,20,-0.0008003274312770181,-0.00561647793324415,-0.00030685702213005257,-0.15279099004383492
GSE73115,donor_and_chromosome,0.1,69,445,20,0.004306816981378161,0.05014002701886468,0.0026420537215979564,-0.15279099004383492
GSE73115,donor_and_chromosome,0.1,73,444,20,0.004580569766735605,0.0668102389558505,0.0022081577333531548,-0.15279099004383492
GSE73115,donor_and_chromosome,0.1,78,445,20,0.004790672196919484,0.04924309112762611,0.0028574975152817986,-0.15279099004383492
GSE73115,donor_and_chromosome,0.1,82,445,20,0.006626810010109783,0.2540951658594552,0.0033981935132824763,-0.15279099004383492
GSE73115,donor_and_chromosome,0.1,9,445,20,0.004267169448098858,0.08057525787893496,0.0025581780010949886,-0.15279099004383492
GSE73115,donor_and_chromosome,0.001,1,224,14,-0.0015019511414414983,0.0012976479882589617,-0.0010638647373653238,-0.25803527780396
GSE73115,donor_and_chromosome,0.001,14,224,14,-0.01168169213521561,-0.0815702562406445,-0.0070650263106126765,-0.25803527780396
GSE73115,donor_and_chromosome,0.001,19,224,14,0.004280930557908115,0.11765976848319691,0.002572702615400882,-0.25803527780396
GSE73115,donor_and_chromosome,0.001,23,224,14,-0.003281705437029218,-0.02078339752340347,-0.0018759546229581505,-0.25803527780396
GSE73115,donor_and_chromosome,0.001,28,224,14,-0.001132922138329757,0.05152834108270078,-0.000640114655195238,-0.25803527780396
GSE73115,donor_and_chromosome,0.001,32,224,14,0.0008507581259973627,0.027383356076350316,0.0006074821644333836,-0.25803527780396
GSE73115,donor_and_chromosome,0.001,37,224,14,-0.005896499588626125,0.014474459086788233,-0.003524902875770813,-0.25803527780396
GSE73115,donor_and_chromosome,0.001,41,224,14,-0.005651720262955471,-0.0805839763357327,-0.0034616010840948118,-0.25803527780396
GSE73115,donor_and_chromosome,0.001,46,224,14,0.003378566881987072,0.014321839188157196,0.001871006043458578,-0.25803527780396
GSE73115,donor_and_chromosome,0.001,50,224,14,-0.0008447041495942577,0.023216070442224564,-0.0005612415178130871,-0.25803527780396
GSE73115,donor_and_chromosome,0.001,55,224,14,0.005928504507474232,0.12361408817985517,0.0035624582465987346,-0.25803527780396
GSE73115,donor_and_chromosome,0.001,6,224,14,0.0013843442938452164,0.06921849793367814,0.0008744565775413596,-0.25803527780396
GSE73115,donor_and_chromosome,0.001,64,224,14,0.007974458533206608,0.1738857055928186,0.004814319200830089,-0.25803527780396
GSE73115,donor_and_chromosome,0.001,69,224,14,0.0009147942877304292,0.06818690215943102,0.000627853936112062,-0.25803527780396
GSE73115,donor_and_chromosome,0.001,73,224,14,0.007862188069250976,0.13905219374146216,0.004785592148550061,-0.25803527780396
GSE73115,donor_and_chromosome,0.001,78,224,14,0.00405977770332481,-0.060863737965414215,0.002419379605209979,-0.25803527780396
GSE73115,donor_and_chromosome,0.001,82,224,14,0.006296914037932834,0.25025752762568876,0.003868597541891022,-0.25803527780396
GSE73115,donor_and_chromosome,0.001,9,224,14,0.0017575762087308764,0.03997538505275896,0.001163059910811968,-0.25803527780396
GSE73115,donor_and_chromosome,0.01,1,224,14,0.0016722149292658836,0.059539843541600676,0.0004283747851855185,-0.33575672825177166
GSE73115,donor_and_chromosome,0.01,14,224,14,-0.012415387606196234,-0.05616330877602694,-0.007270165389110003,-0.33575672825177166
GSE73115,donor_and_chromosome,0.01,19,224,14,0.008440696790216539,0.21284983056469117,0.0049156796783428785,-0.33575672825177166
GSE73115,donor_and_chromosome,0.01,23,224,14,-0.0020415670759538645,0.029599644244990158,-0.0007603318384544774,-0.33575672825177166
GSE73115,donor_and_chromosome,0.01,28,224,14,0.00042254653682829817,0.12839431454250244,0.0004450346117481639,-0.33575672825177166
GSE73115,donor_and_chromosome,0.01,32,224,14,0.0023477281254727493,0.0968972212950997,0.0018295191330656713,-0.33575672825177166
GSE73115,donor_and_chromosome,0.01,37,224,14,-0.005805007484781009,0.07353137782702948,-0.003272160701109176,-0.33575672825177166
GSE73115,donor_and_chromosome,0.01,41,224,14,-0.006226337184796484,-0.05875976865043707,-0.0038189497427207494,-0.33575672825177166
GSE73115,donor_and_chromosome,0.01,46,224,14,0.004843028839490514,0.07424057993750144,0.0023779963232925623,-0.33575672825177166
GSE73115,donor_and_chromosome,0.01,50,224,14,0.001090549718429171,0.08820867561255404,0.000495399046403745,-0.33575672825177166
GSE73115,donor_and_chromosome,0.01,55,224,14,0.010516118406925635,0.22774384621688057,0.006094186544724022,-0.33575672825177166
GSE73115,donor_and_chromosome,0.01,6,224,14,0.004085994280325427,0.15069193769295838,0.002530478187712018,-0.33575672825177166
GSE73115,donor_and_chromosome,0.01,64,224,14,0.012810212437622747,0.30037915444466146,0.007553469046854959,-0.33575672825177166
GSE73115,donor_and_chromosome,0.01,69,224,14,0.004569481926165873,0.15097820392717673,0.002784883703761333,-0.33575672825177166
GSE73115,donor_and_chromosome,0.01,73,224,14,0.013109062523218801,0.24614091882377953,0.0076559360511161065,-0.33575672825177166
GSE73115,donor_and_chromosome,0.01,78,224,14,0.005683166913869524,-0.025794281730848974,0.0033787874571783705,-0.33575672825177166
GSE73115,donor_and_chromosome,0.01,82,224,14,0.012203445923483455,0.4002078575806357,0.007223057184755494,-0.33575672825177166
GSE73115,donor_and_chromosome,0.01,9,224,14,0.004290480560736553,0.10705328841620117,0.002964950883066691,-0.33575672825177166
GSE73115,donor_and_chromosome,0.1,1,224,14,0.004930550281253756,0.0759855637594529,0.0021292099096086882,-0.15675507530485494
GSE73115,donor_and_chromosome,0.1,14,224,14,-0.0014561114441226217,0.01966203937621389,-0.0008562937221296621,-0.15675507530485494
GSE73115,donor_and_chromosome,0.1,19,224,14,0.007926476191029564,0.14923169676484618,0.004367814554149449,-0.15675507530485494
GSE73115,donor_and_chromosome,0.1,23,224,14,0.0027461973712176106,0.060400837471340674,0.0019690453884826315,-0.15675507530485494
GSE73115,donor_and_chromosome,0.1,28,224,14,0.0036791749388509092,0.10966503002027271,0.0022814534908353174,-0.15675507530485494
GSE73115,donor_and_chromosome,0.1,32,224,14,0.004045432986979388,0.09431652272905974,0.0028174864118566427,-0.15675507530485494
GSE73115,donor_and_chromosome,0.1,37,224,14,0.0008441546509011295,0.08199425511497216,0.0005638309057145315,-0.15675507530485494
GSE73115,donor_and_chromosome,0.1,41,224,14,0.0007234894384608219,0.01766791041100261,0.0001886806453101234,-0.15675507530485494
GSE73115,donor_and_chromosome,0.1,46,224,14,0.005300778653700323,0.07979985617646401,0.0025481017636107164,-0.15675507530485494
GSE73115,donor_and_chromosome,0.1,50,224,14,0.004237545631815435,0.08791895739738509,0.0022161281682624165,-0.15675507530485494
GSE73115,donor_and_chromosome,0.1,55,224,14,0.008521074571405874,0.1566368326925799,0.004682447209895968,-0.15675507530485494
GSE73115,donor_and_chromosome,0.1,6,224,14,0.006083213923542357,0.11822376158565406,0.003483221587399117,-0.15675507530485494
GSE73115,donor_and_chromosome,0.1,64,224,14,0.0101568686594363,0.19353503068122674,0.005694555362361809,-0.15675507530485494
GSE73115,donor_and_chromosome,0.1,69,224,14,0.006932422847780018,0.11984040740738032,0.0037671016928704573,-0.15675507530485494
GSE73115,donor_and_chromosome,0.1,73,224,14,0.010356233307524611,0.16661669221993383,0.005584742778062332,-0.15675507530485494
GSE73115,donor_and_chromosome,0.1,78,224,14,0.005323278861468589,0.034862737974545,0.003122452181356784,-0.15675507530485494
GSE73115,donor_and_chromosome,0.1,82,224,14,0.010188781298355609,0.2408206242141096,0.005597940585060609,-0.15675507530485494
GSE73115,donor_and_chromosome,0.1,9,224,14,0.005224883565941176,0.09806891363898632,0.003444353133456403,-0.15675507530485494
GSE73115,donor_and_chromosome,0.001,1,253,15,0.0017502827149697823,0.015197949858044435,0.0008960322520746368,-0.2642128697371273
GSE73115,donor_and_chromosome,0.001,14,254,15,-0.004942056631061633,-0.061177745253074775,-0.002771003055347198,-0.2642128697371273
GSE73115,donor_and_chromosome,0.001,19,254,15,0.0014131783200194697,0.007956177773169098,0.000785805800579366,-0.2642128697371273
GSE73115,donor_and_chromosome,0.001,23,254,15,-0.005159443944059383,-0.18705879273466117,-0.0029153481252565923,-0.2642128697371273
GSE73115,donor_and_chromosome,0.001,28,254,15,-0.001991489435504523,-0.021130250380798025,-0.0012686982193674653,-0.2642128697371273
GSE73115,donor_and_chromosome,0.001,32,254,15,0.0015597593739711453,-0.003651131007620874,0.0009522312562539885,-0.2642128697371273
GSE73115,donor_and_chromosome,0.001,37,254,15,0.0009195768003212478,0.05879218013502638,0.0006824194643450026,-0.2642128697371273
GSE73115,donor_and_chromosome,0.001,41,254,15,-0.00793529195878917,-0.08780455164718055,-0.004909489519649026,-0.2642128697371273
GSE73115,donor_and_chromosome,0.001,46,254,15,-0.010119702279121285,-0.06544757520256275,-0.0060981340907704075,-0.2642128697371273
GSE73115,donor_and_chromosome,0.001,50,254,15,-0.0014461916023266654,-0.019123978097511443,-0.0008853713118510035,-0.2642128697371273
GSE73115,donor_and_chromosome,0.001,55,254,15,-0.0037458215346110957,-0.06979471752583837,-0.002131323551346323,-0.2642128697371273
GSE73115,donor_and_chromosome,0.001,6,254,15,-0.006680194494999819,-0.10025475531107049,-0.003940382127603351,-0.2642128697371273
GSE73115,donor_and_chromosome,0.001,64,253,15,0.00032610119674805863,0.004879991061437002,0.0002803892646531019,-0.2642128697371273
GSE73115,donor_and_chromosome,0.001,69,254,15,-0.0065749819721146715,-0.09063568744476055,-0.004055629759400654,-0.2642128697371273
GSE73115,donor_and_chromosome,0.001,73,254,15,-0.0015673125132601375,-0.06211433238873121,-0.001120310261977292,-0.2642128697371273
GSE73115,donor_and_chromosome,0.001,78,254,15,-0.00010501818409932335,-0.05387122227570645,-0.0000641035918402041,-0.2642128697371273
GSE73115,donor_and_chromosome,0.001,82,254,15,0.0034397472779934793,0.1233840253563784,0.0020929750320279822,-0.2642128697371273
GSE73115,donor_and_chromosome,0.001,9,254,15,0.0056959025655640245,0.09320869555612706,0.0035606654671131743,-0.2642128697371273
GSE73115,donor_and_chromosome,0.01,1,253,15,0.005251289171559827,0.06692343887608998,0.0026409643916096856,-0.3356595517395066
GSE73115,donor_and_chromosome,0.01,14,254,15,-0.0032680955825040827,-0.03735237945106925,-0.0013153148097835386,-0.3356595517395066
GSE73115,donor_and_chromosome,0.01,19,254,15,0.0051203166262127784,0.05938246643166353,0.0028475621285262297,-0.3356595517395066
GSE73115,donor_and_chromosome,0.01,23,254,15,-0.005120633526318107,-0.20689106383357014,-0.002342135848018255,-0.3356595517395066
GSE73115,donor_and_chromosome,0.01,28,254,15,-0.0009726624720455259,0.019668624868818603,-0.0006480890675716669,-0.3356595517395066
GSE73115,donor_and_chromosome,0.01,32,254,15,0.004268979045836166,0.04324441172546671,0.0026587249978258522,-0.3356595517395066
GSE73115,donor_and_chromosome,0.01,37,254,15,0.003781093727019919,0.12837684177543784,0.0025596351907085117,-0.3356595517395066
GSE73115,donor_and_chromosome,0.01,41,254,15,-0.006689260302437205,-0.07186245484262546,-0.0044205143777585314,-0.3356595517395066
GSE73115,donor_and_chromosome,0.01,46,254,15,-0.00870566454948083,-0.04288908134544764,-0.005138223340524914,-0.3356595517395066
GSE73115,donor_and_chromosome,0.01,50,254,15,0.001981860904801205,0.01908796697343681,0.0010847482810181542,-0.3356595517395066
GSE73115,donor_and_chromosome,0.01,55,254,15,-0.0034785149713370076,-0.04752039838817982,-0.0015133372894302476,-0.3356595517395066
GSE73115,donor_and_chromosome,0.01,6,254,15,-0.006473291467497249,-0.08683795491662415,-0.0034083521720874206,-0.3356595517395066
GSE73115,donor_and_chromosome,0.01,64,253,15,0.0032013482943187813,0.05425841874034605,0.002197334176166598,-0.3356595517395066
GSE73115,donor_and_chromosome,0.01,69,254,15,-0.005689260184488589,-0.07477066737364017,-0.003690642514767094,-0.3356595517395066
GSE73115,donor_and_chromosome,0.01,73,254,15,0.002926386392607566,-0.03481080832693654,0.0009782986192340359,-0.3356595517395066
GSE73115,donor_and_chromosome,0.01,78,254,15,0.0023956518243689723,-0.026011211440738216,0.0014695937346579932,-0.3356595517395066
GSE73115,donor_and_chromosome,0.01,82,254,15,0.007402804212606313,0.21010464852959254,0.004359324011213957,-0.3356595517395066
GSE73115,donor_and_chromosome,0.01,9,254,15,0.008684792980623895,0.17133017904399633,0.005514815288458817,-0.3356595517395066
GSE73115,donor_and_chromosome,0.1,1,253,15,0.0060449380686060355,0.07919489111208314,0.0029642893154804423,-0.15756022248267956
GSE73115,donor_and_chromosome,0.1,14,254,15,0.002135439836016556,0.027867045103376762,0.0017055949658730143,-0.15756022248267956
GSE73115,donor_and_chromosome,0.1,19,254,15,0.0053751480090902986,0.07604851222239105,0.0028905214654272172,-0.15756022248267956
GSE73115,donor_and_chromosome,0.1,23,254,15,0.0002718972075089796,-0.055016208047503005,0.0007986470470715655,-0.15756022248267956
GSE73115,donor_and_chromosome,0.1,28,254,15,0.0021480340835392455,0.056579542251829165,0.0012130851738622033,-0.15756022248267956
GSE73115,donor_and_chromosome,0.1,32,254,15,0.005187951403659391,0.06839452135079233,0.003105389099000117,-0.15756022248267956
GSE73115,donor_and_chromosome,0.1,37,254,15,0.0053068988124453514,0.11165426709565818,0.0032077503457894328,-0.15756022248267956
GSE73115,donor_and_chromosome,0.1,41,254,15,0.0010899168445686093,0.011092777989441756,-0.00006125291664327293,-0.15756022248267956
GSE73115,donor_and_chromosome,0.1,46,254,15,-0.000053965410671351264,0.024815571736343685,-0.00015703092523800633,-0.15756022248267956
GSE73115,donor_and_chromosome,0.1,50,254,15,0.0048111113916916295,0.05683962916113446,0.0025305937351689837,-0.15756022248267956
GSE73115,donor_and_chromosome,0.1,55,254,15,0.001349508525452072,0.02259972924415833,0.0013105031212237261,-0.15756022248267956
GSE73115,donor_and_chromosome,0.1,6,254,15,0.00006802551289062041,0.0029183970118032226,0.00045087845282666954,-0.15756022248267956
GSE73115,donor_and_chromosome,0.1,64,253,15,0.004908063405820603,0.07361510619572245,0.0031081729532558182,-0.15756022248267956
GSE73115,donor_and_chromosome,0.1,69,254,15,0.0011254252462993826,0.01083060428997112,0.00010664656401102888,-0.15756022248267956
GSE73115,donor_and_chromosome,0.1,73,254,15,0.005662056386530247,0.02965905623945387,0.0022165860187456383,-0.15756022248267956
GSE73115,donor_and_chromosome,0.1,78,254,15,0.0045177531575326235,0.03416633920305956,0.0025825723129456355,-0.15756022248267956
GSE73115,donor_and_chromosome,0.1,82,254,15,0.00708123154480774,0.1504341018813004,0.003922884655350548,-0.15756022248267956
GSE73115,donor_and_chromosome,0.1,9,254,15,0.00726413004021637,0.13147395360588024,0.00447743233720643,-0.15756022248267956
GSE73115,donor_and_chromosome,0.001,10,267,13,0.0017013434425818194,0.029852795041801446,0.0010655585208948048,-0.23267690614646278
GSE73115,donor_and_chromosome,0.001,15,267,13,0.000001927644386156299,0.016325521752415615,0.0000017168015969697465,-0.23267690614646278
GSE73115,donor_and_chromosome,0.001,2,267,13,0.003951936159776325,0.012473862283910129,0.002427547883907704,-0.23267690614646278
GSE73115,donor_and_chromosome,0.001,24,267,13,0.004619218900804196,0.12544302662898094,0.0027381106499117006,-0.23267690614646278
GSE73115,donor_and_chromosome,0.001,29,267,13,0.00142222777686941,0.018953838353732988,0.0008174990320778634,-0.23267690614646278
GSE73115,donor_and_chromosome,0.001,33,267,13,0.006599274238271645,0.10680286551782912,0.003998013553456198,-0.23267690614646278
GSE73115,donor_and_chromosome,0.001,38,267,13,0.004616522967568926,0.11234607796310117,0.0027222483460064787,-0.23267690614646278
GSE73115,donor_and_chromosome,0.001,42,267,13,-0.0030582283199102776,0.02684232580138346,-0.0018530215458042404,-0.23267690614646278
GSE73115,donor_and_chromosome,0.001,47,267,13,0.002267971036077355,0.09932263863351556,0.0013678191402416771,-0.23267690614646278
GSE73115,donor_and_chromosome,0.001,51,267,13,0.0013457703374843983,0.04451057308665796,0.0008174130639727676,-0.23267690614646278
GSE73115,donor_and_chromosome,0.001,56,267,13,0.0014086009667248042,0.07492196247590624,0.0009239608598697189,-0.23267690614646278
GSE73115,donor_and_chromosome,0.001,60,267,13,0.001298101603527175,-0.03569032536599853,0.000826852815479403,-0.23267690614646278
GSE73115,donor_and_chromosome,0.001,65,267,13,0.004088424697456076,0.07043509359640071,0.002160145369748622,-0.23267690614646278
GSE73115,donor_and_chromosome,0.001,7,267,13,0.002479064971847458,0.0747001513655701,0.0015479172708919213,-0.23267690614646278
GSE73115,donor_and_chromosome,0.001,74,267,13,0.00024397000540174826,0.019008293012294505,0.00024992610277565147,-0.23267690614646278
GSE73115,donor_and_chromosome,0.001,79,267,13,0.0025558413008134875,0.10849635205553024,0.0016093097234112642,-0.23267690614646278
GSE73115,donor_and_chromosome,0.001,83,266,13,-0.006007230614594131,-0.03406905624382241,-0.0036246540948040393,-0.23267690614646278
GSE73115,donor_and_chromosome,0.01,10,267,13,0.008396363071787484,0.09228520448343629,0.0049141975011976445,-0.30394338342591654
GSE73115,donor_and_chromosome,0.01,15,267,13,0.002714894759922155,0.07220785857749164,0.0016057193813066694,-0.30394338342591654
GSE73115,donor_and_chromosome,0.01,2,267,13,0.008161669469868666,0.0653344340474222,0.004832446096630901,-0.30394338342591654
GSE73115,donor_and_chromosome,0.01,24,267,13,0.008955375537918626,0.21955073903061495,0.005039339714536284,-0.30394338342591654
GSE73115,donor_and_chromosome,0.01,29,267,13,0.006822153069253071,0.07653261441589719,0.0037665002758091475,-0.30394338342591654
GSE73115,donor_and_chromosome,0.01,33,267,13,0.014680214021344106,0.19379868683585252,0.00851063401286973,-0.30394338342591654
GSE73115,donor_and_chromosome,0.01,38,267,13,0.011229024972406514,0.2023814080959865,0.006149143096729164,-0.30394338342591654
GSE73115,donor_and_chromosome,0.01,42,267,13,-0.0013524043191961307,0.0872224238045666,-0.0007602154235509432,-0.30394338342591654
GSE73115,donor_and_chromosome,0.01,47,267,13,0.007120853391881513,0.18508484195743963,0.004057101301319045,-0.30394338342591654
GSE73115,donor_and_chromosome,0.01,51,267,13,0.00479018785382169,0.10925712149378325,0.002826430337233347,-0.30394338342591654
GSE73115,donor_and_chromosome,0.01,56,267,13,0.004157583130609451,0.15283177567495923,0.0027300467094152,-0.30394338342591654
GSE73115,donor_and_chromosome,0.01,60,267,13,0.005262979490611501,-0.0029804405407993827,0.003163484474517494,-0.30394338342591654
GSE73115,donor_and_chromosome,0.01,65,267,13,0.013434337428936533,0.1452331846350039,0.006501178447336335,-0.30394338342591654
GSE73115,donor_and_chromosome,0.01,7,267,13,0.005587785795416333,0.15337085012830362,0.0034697704357843613,-0.30394338342591654
GSE73115,donor_and_chromosome,0.01,74,267,13,0.003344209500957056,0.07645404879010384,0.002303642156070399,-0.30394338342591654
GSE73115,donor_and_chromosome,0.01,79,267,13,0.006469755177416366,0.2023631194728894,0.004015650565331704,-0.30394338342591654
GSE73115,donor_and_chromosome,0.01,83,266,13,-0.00429525919241476,0.0030506747820762104,-0.002419859970563783,-0.30394338342591654
GSE73115,donor_and_chromosome,0.1,10,267,13,0.007881759678109026,0.08596267962108452,0.004248367660053675,-0.14699047000846938
GSE73115,donor_and_chromosome,0.1,15,267,13,0.003774131694978635,0.07500565427309927,0.0021364352161938167,-0.14699047000846938
GSE73115,donor_and_chromosome,0.1,2,267,13,0.007119409389176683,0.06990212557863099,0.003938668293469595,-0.14699047000846938
GSE73115,donor_and_chromosome,0.1,24,267,13,0.006768996672413391,0.1484696009796545,0.0035652253174424126,-0.14699047000846938
GSE73115,donor_and_chromosome,0.1,29,267,13,0.006906643153284146,0.07967810522066296,0.003511163373565813,-0.14699047000846938
GSE73115,donor_and_chromosome,0.1,33,267,13,0.01054911272756867,0.13490501081438694,0.005669988940444685,-0.14699047000846938
GSE73115,donor_and_chromosome,0.1,38,267,13,0.009473374584419342,0.13888157340646834,0.004630043605892366,-0.14699047000846938
GSE73115,donor_and_chromosome,0.1,42,267,13,0.002002860482926608,0.0825045704163677,0.0011622878737667093,-0.14699047000846938
GSE73115,donor_and_chromosome,0.1,47,267,13,0.0073385977264386745,0.13022038053240081,0.0038520466059511057,-0.14699047000846938
GSE73115,donor_and_chromosome,0.1,51,267,13,0.004649146891756526,0.09223614751537133,0.002612806040743379,-0.14699047000846938
GSE73115,donor_and_chromosome,0.1,56,267,13,0.00470575980092944,0.1135417435029363,0.002965544445088749,-0.14699047000846938
GSE73115,donor_and_chromosome,0.1,60,267,13,0.005307158155615765,0.03681323914538472,0.0029861603064747647,-0.14699047000846938
GSE73115,donor_and_chromosome,0.1,65,267,13,0.01095429194546507,0.10896446753967406,0.004394860811650625,-0.14699047000846938
GSE73115,donor_and_chromosome,0.1,7,267,13,0.005034697836328279,0.11402326282286236,0.0030425567855164484,-0.14699047000846938
GSE73115,donor_and_chromosome,0.1,74,267,13,0.0038969007981968663,0.07698053117448894,0.0025307572475345465,-0.14699047000846938
GSE73115,donor_and_chromosome,0.1,79,267,13,0.005706673947799089,0.14066836506789776,0.0034230999128330077,-0.14699047000846938
GSE73115,donor_and_chromosome,0.1,83,266,13,0.0013169962857602169,0.0409559382907481,0.0008348180687622548,-0.14699047000846938
GSE73115,donor_and_chromosome,0.001,10,492,26,0.0006557261044449471,0.040278120992185674,0.0003534746591734145,-0.26198702261208257
GSE73115,donor_and_chromosome,0.001,15,492,26,-0.0013148175554596794,0.07229697917002367,-0.0007772481855017165,-0.26198702261208257
GSE73115,donor_and_chromosome,0.001,2,492,26,0.008435172470638201,0.0662333938561026,0.005063618900676532,-0.26198702261208257
GSE73115,donor_and_chromosome,0.001,24,492,26,0.0020117190544155818,0.012187706432647485,0.0012209918012152622,-0.26198702261208257
GSE73115,donor_and_chromosome,0.001,29,492,26,-0.0018565140840533408,-0.023126529841239144,-0.001190963890936936,-0.26198702261208257
GSE73115,donor_and_chromosome,0.001,33,492,26,0.004131581649547479,0.03595027696250338,0.002395157479116935,-0.26198702261208257
GSE73115,donor_and_chromosome,0.001,38,492,26,0.005446657030716539,0.04491164271056927,0.0032648865625940836,-0.26198702261208257
GSE73115,donor_and_chromosome,0.001,42,490,26,-0.003532665683646701,0.021507593927140776,-0.002062350253797203,-0.26198702261208257
GSE73115,donor_and_chromosome,0.001,47,492,26,-0.002602997881528244,-0.012158145933005814,-0.0015426337707856188,-0.26198702261208257
GSE73115,donor_and_chromosome,0.001,51,492,26,-0.0015928136154731852,0.0877824866855089,-0.000877957459273663,-0.26198702261208257
GSE73115,donor_and_chromosome,0.001,56,492,26,-0.002967567132089663,0.006388164400265092,-0.0017649436840820743,-0.26198702261208257
GSE73115,donor_and_chromosome,0.001,60,492,26,-0.0011319016112450824,0.03951249268860573,-0.0007006244998206324,-0.26198702261208257
GSE73115,donor_and_chromosome,0.001,65,492,26,-0.004878004253799533,-0.016702089767331334,-0.0033156148344486583,-0.26198702261208257
GSE73115,donor_and_chromosome,0.001,7,492,26,0.004255050082209966,0.06538922627808623,0.002649412530701133,-0.26198702261208257
GSE73115,donor_and_chromosome,0.001,74,491,26,0.003156253420389289,0.08120835820806878,0.0018749884071258618,-0.26198702261208257
GSE73115,donor_and_chromosome,0.001,79,492,26,-0.007220333882187008,0.028250450893351518,-0.004401811174591752,-0.26198702261208257
GSE73115,donor_and_chromosome,0.001,83,492,26,0.0065993602269757,0.12371555869710454,0.003969079832892526,-0.26198702261208257
GSE73115,donor_and_chromosome,0.01,10,492,26,0.005792030797037961,0.10215641889915958,0.003119872570087832,-0.33346426952686287
GSE73115,donor_and_chromosome,0.01,15,492,26,0.0012612121235259215,0.14555406046547065,0.0007859578882131766,-0.33346426952686287
GSE73115,donor_and_chromosome,0.01,2,492,26,0.013872408789606978,0.13898628539152585,0.007945734776782969,-0.33346426952686287
GSE73115,donor_and_chromosome,0.01,24,492,26,0.00584632866467885,0.06623384881837453,0.0033696625214146405,-0.33346426952686287
GSE73115,donor_and_chromosome,0.01,29,492,26,0.002422243768562538,0.013390043743339096,0.0011262906307928108,-0.33346426952686287
GSE73115,donor_and_chromosome,0.01,33,492,26,0.009300781021253146,0.09688041687639509,0.004994290210775404,-0.33346426952686287
GSE73115,donor_and_chromosome,0.01,38,492,26,0.010060385476309646,0.10674555316148798,0.0057312946582449625,-0.33346426952686287
GSE73115,donor_and_chromosome,0.01,42,490,26,-0.0015512362891027618,0.0751859879483805,-0.0006857310413677674,-0.33346426952686287
GSE73115,donor_and_chromosome,0.01,47,492,26,0.002739570951796071,0.031991183010243944,0.001585887811327841,-0.33346426952686287
GSE73115,donor_and_chromosome,0.01,51,492,26,0.0010101730679439723,0.16849448565363248,0.0008672526198976813,-0.33346426952686287
GSE73115,donor_and_chromosome,0.01,56,492,26,-0.0017569876359300371,0.05797541800051746,-0.0009230387543486766,-0.33346426952686287
GSE73115,donor_and_chromosome,0.01,60,492,26,0.0024371415966148364,0.09998000406754427,0.0013465983770434918,-0.33346426952686287
GSE73115,donor_and_chromosome,0.01,65,492,26,-0.0019331361064551294,0.02643079604505401,-0.0024912918270568094,-0.33346426952686287
GSE73115,donor_and_chromosome,0.01,7,492,26,0.007454883053668452,0.1374216880820032,0.004640954647708956,-0.33346426952686287
GSE73115,donor_and_chromosome,0.01,74,491,26,0.005409219113153251,0.15611204545307172,0.003101090706571086,-0.33346426952686287
GSE73115,donor_and_chromosome,0.01,79,492,26,-0.006976931990604385,0.08728162296231545,-0.004107445715208335,-0.33346426952686287
GSE73115,donor_and_chromosome,0.01,83,492,26,0.012483274582807674,0.21251809168454575,0.007177451695854147,-0.33346426952686287
GSE73115,donor_and_chromosome,0.1,10,492,26,0.006474376511837107,0.09189611163240426,0.003172370461353918,-0.157965734738116
GSE73115,donor_and_chromosome,0.1,15,492,26,0.0037940547895019537,0.11441696622045029,0.0021422180817961623,-0.157965734738116
GSE73115,donor_and_chromosome,0.1,2,492,26,0.009299009016803254,0.10993370898056011,0.004953258133428448,-0.157965734738116
GSE73115,donor_and_chromosome,0.1,24,492,26,0.005915798295264997,0.07322347715485561,0.003157627607094736,-0.157965734738116
GSE73115,donor_and_chromosome,0.1,29,492,26,0.004418933193697187,0.047364000665280806,0.002073059236058497,-0.157965734738116
GSE73115,donor_and_chromosome,0.1,33,492,26,0.007584488969097912,0.09039300526775076,0.003658546424743192,-0.157965734738116
GSE73115,donor_and_chromosome,0.1,38,492,26,0.007461689348320858,0.09365970250035813,0.003934913569722148,-0.157965734738116
GSE73115,donor_and_chromosome,0.1,42,490,26,0.0021212999414540463,0.07791666673561583,0.001387275392180158,-0.157965734738116
GSE73115,donor_and_chromosome,0.1,47,492,26,0.00498112664473638,0.05814642756706942,0.002636811512590693,-0.157965734738116
GSE73115,donor_and_chromosome,0.1,51,492,26,0.003990578399998835,0.12540062334233115,0.0024723805841443173,-0.157965734738116
GSE73115,donor_and_chromosome,0.1,56,492,26,0.0022095630043705893,0.06991992197699705,0.001327654328011666,-0.157965734738116
GSE73115,donor_and_chromosome,0.1,60,492,26,0.004487337186576779,0.09167997794640105,0.0023833959712904296,-0.157965734738116
GSE73115,donor_and_chromosome,0.1,65,492,26,0.0030846069159933807,0.05471696827584667,0.00011722149708621073,-0.157965734738116
GSE73115,donor_and_chromosome,0.1,7,492,26,0.006252763583672451,0.1107505267636821,0.0037724954235480767,-0.157965734738116
GSE73115,donor_and_chromosome,0.1,74,491,26,0.004968103505158861,0.11735178836483215,0.002721655996060227,-0.157965734738116
GSE73115,donor_and_chromosome,0.1,79,492,26,-0.00019174424762189487,0.0854072339348754,-0.00010807474707564504,-0.157965734738116
GSE73115,donor_and_chromosome,0.1,83,492,26,0.008968472509704721,0.14602237655885197,0.004809109069976173,-0.157965734738116
GSE73115,donor_and_chromosome,0.001,10,444,20,0.005425921036664845,0.1803207764553389,0.0032094894254118046,-0.22944823544739756
GSE73115,donor_and_chromosome,0.001,15,444,20,0.0030770887716550384,0.08411847569954618,0.0019018007232563347,-0.22944823544739756
GSE73115,donor_and_chromosome,0.001,2,444,20,0.005275862188652789,0.06312188891860379,0.0031906513285415135,-0.22944823544739756
GSE73115,donor_and_chromosome,0.001,24,444,20,0.0037330130086875744,0.060082637275124154,0.0022667688024068117,-0.22944823544739756
GSE73115,donor_and_chromosome,0.001,29,445,20,0.004516191593442055,0.1539747454278678,0.0026594907995503656,-0.22944823544739756
GSE73115,donor_and_chromosome,0.001,33,445,20,0.008095349790633855,0.1266719613327441,0.004808292916326227,-0.22944823544739756
GSE73115,donor_and_chromosome,0.001,38,445,20,0.001015455063411543,-0.021230604878900043,0.0006332124309891126,-0.22944823544739756
GSE73115,donor_and_chromosome,0.001,42,445,20,0.002740432682773256,0.12208662512114121,0.0016768952673931637,-0.22944823544739756
GSE73115,donor_and_chromosome,0.001,47,445,20,-0.0045155506768828485,-0.08172988201625195,-0.0028233022736014472,-0.22944823544739756
GSE73115,donor_and_chromosome,0.001,51,444,20,-0.0024021179086624726,-0.05362096922903179,-0.0014735275210996449,-0.22944823544739756
GSE73115,donor_and_chromosome,0.001,56,444,20,-0.001154428013612242,0.0579082454927015,-0.000721343702942623,-0.22944823544739756
GSE73115,donor_and_chromosome,0.001,60,445,20,0.0010521583610525677,0.013460582051674583,0.0005944532820963342,-0.22944823544739756
GSE73115,donor_and_chromosome,0.001,65,445,20,0.0033383153324207547,0.09666906496090565,0.0017157804299093703,-0.22944823544739756
GSE73115,donor_and_chromosome,0.001,7,445,20,-0.0010765886324870522,-0.03020139979000731,-0.0007081939571000304,-0.22944823544739756
GSE73115,donor_and_chromosome,0.001,74,444,20,0.002621121779945473,0.03917906386716317,0.001622680334355036,-0.22944823544739756
GSE73115,donor_and_chromosome,0.001,79,445,20,0.004690437995054033,0.15019946380523874,0.0028555314164313552,-0.22944823544739756
GSE73115,donor_and_chromosome,0.001,83,445,20,-0.00001583764855388993,0.005921105366250906,-0.00002301311442983721,-0.22944823544739756
GSE73115,donor_and_chromosome,0.01,10,444,20,0.012647710674652925,0.3128319879718723,0.006992615720946363,-0.30655113521146304
GSE73115,donor_and_chromosome,0.01,15,444,20,0.007166061649243432,0.17380002556589094,0.004300812345718307,-0.30655113521146304
GSE73115,donor_and_chromosome,0.01,2,444,20,0.009329985542287447,0.13880445987518378,0.005446453240873067,-0.30655113521146304
GSE73115,donor_and_chromosome,0.01,24,444,20,0.007564199073426496,0.1414722091845539,0.004444611590300789,-0.30655113521146304
GSE73115,donor_and_chromosome,0.01,29,445,20,0.01081482552601784,0.2732379598681043,0.0059099532756608205,-0.30655113521146304
GSE73115,donor_and_chromosome,0.01,33,445,20,0.016630150465653165,0.23211637979573269,0.009225362954474237,-0.30655113521146304
GSE73115,donor_and_chromosome,0.01,38,445,20,0.005613115421187077,0.02349026287629884,0.003253313636062851,-0.30655113521146304
GSE73115,donor_and_chromosome,0.01,42,445,20,0.007302557041060049,0.2291136727920689,0.0042701347901307855,-0.30655113521146304
GSE73115,donor_and_chromosome,0.01,47,445,20,-0.00423541638556322,-0.0633228183204568,-0.0028061509372266026,-0.30655113521146304
GSE73115,donor_and_chromosome,0.01,51,444,20,-0.0008661490947687787,-0.02369593710548034,-0.0005552889544165477,-0.30655113521146304
GSE73115,donor_and_chromosome,0.01,56,444,20,0.0005106210495966772,0.13535123911758537,0.00020310415374853217,-0.30655113521146304
GSE73115,donor_and_chromosome,0.01,60,445,20,0.00316008964442047,0.07341548807625356,0.001714613170832218,-0.30655113521146304
GSE73115,donor_and_chromosome,0.01,65,445,20,0.008809215109014024,0.19106576306282871,0.0038326045818547943,-0.30655113521146304
GSE73115,donor_and_chromosome,0.01,7,445,20,-0.0006380546201907753,0.012138500081461678,-0.0005219679797006586,-0.30655113521146304
GSE73115,donor_and_chromosome,0.01,74,444,20,0.005754437909013169,0.1085037954402768,0.003484103991638289,-0.30655113521146304
GSE73115,donor_and_chromosome,0.01,79,445,20,0.007647721426743865,0.2720967814511498,0.004576854563763325,-0.30655113521146304
GSE73115,donor_and_chromosome,0.01,83,445,20,0.002449171258046275,0.0616206079351455,0.0013954993990214699,-0.30655113521146304
GSE73115,donor_and_chromosome,0.1,10,444,20,0.009654027446749395,0.20259582346777102,0.0047961289329623595,-0.15190352310296173
GSE73115,donor_and_chromosome,0.1,15,444,20,0.005853046431911767,0.12798074351932595,0.003349613611930941,-0.15190352310296173
GSE73115,donor_and_chromosome,0.1,2,444,20,0.006715653463677111,0.11178804904391568,0.003741435087859278,-0.15190352310296173
GSE73115,donor_and_chromosome,0.1,24,444,20,0.00594923418077972,0.1147707076101229,0.003343592875175137,-0.15190352310296173
GSE73115,donor_and_chromosome,0.1,29,445,20,0.008591235231189783,0.18026101046331006,0.004184408030106729,-0.15190352310296173
GSE73115,donor_and_chromosome,0.1,33,445,20,0.01146747754886847,0.16104712844959518,0.005670217394669418,-0.15190352310296173
GSE73115,donor_and_chromosome,0.1,38,445,20,0.005385395286600646,0.05308007608119612,0.002875917663922164,-0.15190352310296173
GSE73115,donor_and_chromosome,0.1,42,445,20,0.005804539189859342,0.15837317536330817,0.003193278070956556,-0.15190352310296173
GSE73115,donor_and_chromosome,0.1,47,445,20,-0.00004626367150947971,0.007774796596274269,-0.0003742776151875159,-0.15190352310296173
GSE73115,donor_and_chromosome,0.1,51,444,20,0.0017583217048163758,0.028509695580350974,0.000967310156854166,-0.15190352310296173
GSE73115,donor_and_chromosome,0.1,56,444,20,0.002678194463468792,0.11129408089266049,0.0013933471495377668,-0.15190352310296173
GSE73115,donor_and_chromosome,0.1,60,445,20,0.003738900662948565,0.07641396937127934,0.0019498940947160078,-0.15190352310296173
GSE73115,donor_and_chromosome,0.1,65,445,20,0.007917672836111004,0.13834412275953695,0.0027580317700809714,-0.15190352310296173
GSE73115,donor_and_chromosome,0.1,7,445,20,0.0012123669916382742,0.04587886832947924,0.0005875310243296835,-0.15190352310296173
GSE73115,donor_and_chromosome,0.1,74,444,20,0.004933706121102965,0.09704051861891579,0.0028679293442128344,-0.15190352310296173
GSE73115,donor_and_chromosome,0.1,79,445,20,0.0053662673674329114,0.18047823479950115,0.0031737013247880573,-0.15190352310296173
GSE73115,donor_and_chromosome,0.1,83,445,20,0.0038621019267560132,0.0718803887080256,0.002108101187300556,-0.15190352310296173
GSE73115,donor_and_chromosome,0.001,10,224,14,-0.0034241349936473884,0.03492234222750273,-0.0019253411772146012,-0.25945950128438106
GSE73115,donor_and_chromosome,0.001,15,224,14,-0.002457534436110054,0.05115456587336292,-0.0014028218261687123,-0.25945950128438106
GSE73115,donor_and_chromosome,0.001,2,224,14,0.0024718461849371387,0.054243244633588414,0.001440348132626715,-0.25945950128438106
GSE73115,donor_and_chromosome,0.001,24,224,14,0.008500277177932315,0.11891740502826474,0.005202210305278401,-0.25945950128438106
GSE73115,donor_and_chromosome,0.001,29,224,14,0.0027093132643010174,0.03721661708903908,0.0016302314370420254,-0.25945950128438106
GSE73115,donor_and_chromosome,0.001,33,224,14,-0.005143121352919054,-0.010098876624473003,-0.0031141304829783926,-0.25945950128438106
GSE73115,donor_and_chromosome,0.001,38,224,14,0.0010666319864436264,0.04256751481221128,0.0007549138103444824,-0.25945950128438106
GSE73115,donor_and_chromosome,0.001,42,224,14,0.006497463081654211,0.14863579338616892,0.00398283484497694,-0.25945950128438106
GSE73115,donor_and_chromosome,0.001,47,224,14,0.00436540376216101,0.08164296489866466,0.002673173979613613,-0.25945950128438106
GSE73115,donor_and_chromosome,0.001,51,224,14,0.0016052967166383593,0.02616796554425192,0.0009502346466853147,-0.25945950128438106
GSE73115,donor_and_chromosome,0.001,56,224,14,-0.0008857326790141761,0.005581648789515258,-0.00047271999660911313,-0.25945950128438106
GSE73115,donor_and_chromosome,0.001,60,224,14,0.006084254119145665,0.1556149737748907,0.003734911299346587,-0.25945950128438106
GSE73115,donor_and_chromosome,0.001,65,224,14,0.0035172662911126915,0.0889369199375705,0.0018572643874557033,-0.25945950128438106
GSE73115,donor_and_chromosome,0.001,7,224,14,0.0000036281096779529814,0.0022000748112017093,0.000021813759353092798,-0.25945950128438106
GSE73115,donor_and_chromosome,0.001,74,224,14,-0.003965695913598104,0.024835800803577408,-0.0023907657752115325,-0.25945950128438106
GSE73115,donor_and_chromosome,0.001,79,224,14,-0.0004153028766814121,0.08092042201906192,-0.00021219241585605737,-0.25945950128438106
GSE73115,donor_and_chromosome,0.001,83,224,14,0.00028891968183722796,0.06996377583880119,0.0003336456684403938,-0.25945950128438106
GSE73115,donor_and_chromosome,0.01,10,224,14,0.00013248085255290976,0.10143812144397721,0.0004921453023413438,-0.33425108365956635
GSE73115,donor_and_chromosome,0.01,15,224,14,-0.0014562633874450586,0.12324615706407503,-0.000502299483866909,-0.33425108365956635
GSE73115,donor_and_chromosome,0.01,2,224,14,0.006064028476590423,0.13028646214823486,0.0032829086425777538,-0.33425108365956635
GSE73115,donor_and_chromosome,0.01,24,224,14,0.01284797954480574,0.21809084036778542,0.00764899668563694,-0.33425108365956635
GSE73115,donor_and_chromosome,0.01,29,224,14,0.006149370725282617,0.10015524275356223,0.0034419445953996516,-0.33425108365956635
GSE73115,donor_and_chromosome,0.01,33,224,14,-0.0025402357188473467,0.04090612406066648,-0.0015231563972250323,-0.33425108365956635
GSE73115,donor_and_chromosome,0.01,38,224,14,0.0052422261208460875,0.11007693091312305,0.003272205224094773,-0.33425108365956635
GSE73115,donor_and_chromosome,0.01,42,224,14,0.01119980808729272,0.2535559969944168,0.0066057573247462675,-0.33425108365956635
GSE73115,donor_and_chromosome,0.01,47,224,14,0.008328465829822815,0.16185864590597426,0.004905621064903046,-0.33425108365956635
GSE73115,donor_and_chromosome,0.01,51,224,14,0.00467649851156379,0.0885945110070312,0.0027220460158771933,-0.33425108365956635
GSE73115,donor_and_chromosome,0.01,56,224,14,-0.00018406161541222765,0.06021579428792111,0.0001978114215736635,-0.33425108365956635
GSE73115,donor_and_chromosome,0.01,60,224,14,0.01349013854632232,0.26908290491584647,0.007893242703323906,-0.33425108365956635
GSE73115,donor_and_chromosome,0.01,65,224,14,0.009319677212293837,0.18003833330193558,0.0044110803941223775,-0.33425108365956635
GSE73115,donor_and_chromosome,0.01,7,224,14,0.0011318271687189867,0.057667922567058404,0.0008947938129350104,-0.33425108365956635
GSE73115,donor_and_chromosome,0.01,74,224,14,-0.003091289333111077,0.0849640267811752,-0.0017261806547380245,-0.33425108365956635
GSE73115,donor_and_chromosome,0.01,79,224,14,0.0014399243897317824,0.16293668844805448,0.0010469164648189352,-0.33425108365956635
GSE73115,donor_and_chromosome,0.01,83,224,14,0.0034110587074506725,0.14909472224955733,0.0025305548103697418,-0.33425108365956635
GSE73115,donor_and_chromosome,0.1,10,224,14,0.004512440396597259,0.09296719543327318,0.002776646419122464,-0.15540083786633102
GSE73115,donor_and_chromosome,0.1,15,224,14,0.002886839986527043,0.10375719086543501,0.0019935500291157976,-0.15540083786633102
GSE73115,donor_and_chromosome,0.1,2,224,14,0.007079470257154992,0.10690398775526987,0.0035618119926957444,-0.15540083786633102
GSE73115,donor_and_chromosome,0.1,24,224,14,0.009845628339558399,0.1504015038917359,0.00554172609475608,-0.15540083786633102
GSE73115,donor_and_chromosome,0.1,29,224,14,0.007032319559344703,0.09423250253485316,0.0036001687699335565,-0.15540083786633102
GSE73115,donor_and_chromosome,0.1,33,224,14,0.0031834036423022474,0.0639776533681146,0.0016548831404194825,-0.15540083786633102
GSE73115,donor_and_chromosome,0.1,38,224,14,0.00687753502389377,0.0972153882658353,0.0038539950288843127,-0.15540083786633102
GSE73115,donor_and_chromosome,0.1,42,224,14,0.009416913216462474,0.1701291618561435,0.005153643695053923,-0.15540083786633102
GSE73115,donor_and_chromosome,0.1,47,224,14,0.007539599336074585,0.12336478807233378,0.004139654467325018,-0.15540083786633102
GSE73115,donor_and_chromosome,0.1,51,224,14,0.0054367376332682075,0.08720187108789536,0.003045939149299968,-0.15540083786633102
GSE73115,donor_and_chromosome,0.1,56,224,14,0.003382771366543262,0.07322751354249789,0.0022142652393677973,-0.15540083786633102
GSE73115,donor_and_chromosome,0.1,60,224,14,0.010652548265446515,0.17422768523531876,0.0057667007895870915,-0.15540083786633102
GSE73115,donor_and_chromosome,0.1,65,224,14,0.009099848939007603,0.13195576038469423,0.0038730886164224905,-0.15540083786633102
GSE73115,donor_and_chromosome,0.1,7,224,14,0.00337904575810087,0.07327577155949662,0.0022387284130531053,-0.15540083786633102
GSE73115,donor_and_chromosome,0.1,74,224,14,0.0022203421664342983,0.08522457387685232,0.0013252177561425692,-0.15540083786633102
GSE73115,donor_and_chromosome,0.1,79,224,14,0.004134363931553326,0.1231455569100265,0.002539960655545187,-0.15540083786633102
GSE73115,donor_and_chromosome,0.1,83,224,14,0.005618192787296744,0.11892229944152721,0.003630162631611267,-0.15540083786633102
GSE73115,donor_and_chromosome,0.001,10,254,15,-0.0015742286692177444,-0.02031287178858891,-0.0009604183360015342,-0.26427887501085157
GSE73115,donor_and_chromosome,0.001,15,254,15,0.001738426443438951,0.05317949423547547,0.0011857242163161772,-0.26427887501085157
GSE73115,donor_and_chromosome,0.001,2,253,15,-0.00031989111665021265,-0.03428011279415714,-0.00022291651176703574,-0.26427887501085157
GSE73115,donor_and_chromosome,0.001,24,254,15,-0.011284487137517578,-0.1210136689084861,-0.006972733872633811,-0.26427887501085157
GSE73115,donor_and_chromosome,0.001,29,254,15,-0.001648780596534781,-0.006968959751920833,-0.0010814105617360644,-0.26427887501085157
GSE73115,donor_and_chromosome,0.001,33,254,15,0.010261369729720048,0.1436993389628119,0.006220682848311408,-0.26427887501085157
GSE73115,donor_and_chromosome,0.001,38,254,15,0.004094194143198233,0.06872423514338928,0.0024984883736577958,-0.26427887501085157
GSE73115,donor_and_chromosome,0.001,42,254,15,0.000424825867540136,0.012506884856266436,0.0003712002550618756,-0.26427887501085157
GSE73115,donor_and_chromosome,0.001,47,254,15,0.001639159125585323,0.05762193781125472,0.0009588480978485861,-0.26427887501085157
GSE73115,donor_and_chromosome,0.001,51,254,15,0.0016421286583577603,0.031239932460520908,0.0010134145271625524,-0.26427887501085157
GSE73115,donor_and_chromosome,0.001,56,254,15,-0.0017564661445934504,-0.015490753953107632,-0.000950526400842994,-0.26427887501085157
GSE73115,donor_and_chromosome,0.001,60,254,15,-0.006967661586566575,-0.06051237890493861,-0.004350635897080539,-0.26427887501085157
GSE73115,donor_and_chromosome,0.001,65,254,15,0.00092117131289195,-0.021479031499293744,-0.0000429606633293368,-0.26427887501085157
GSE73115,donor_and_chromosome,0.001,7,254,15,-0.003166673656061964,0.013929956438227984,-0.0019763712731444144,-0.26427887501085157
GSE73115,donor_and_chromosome,0.001,74,254,15,-0.0041726734619559735,-0.08955505390879566,-0.002523501462397038,-0.26427887501085157
GSE73115,donor_and_chromosome,0.001,79,254,15,-0.003835347212406413,0.06785841415701946,-0.0021372087403152555,-0.26427887501085157
GSE73115,donor_and_chromosome,0.001,83,254,15,-0.012467902905681923,-0.06678651200531878,-0.00754781481545552,-0.26427887501085157
GSE73115,donor_and_chromosome,0.01,10,254,15,0.0019593398680400795,0.023054187127031847,0.0010496434397355013,-0.33375904947983914
GSE73115,donor_and_chromosome,0.01,15,254,15,0.004837444161627353,0.11559499803145414,0.0032090894244347916,-0.33375904947983914
GSE73115,donor_and_chromosome,0.01,2,253,15,0.00186221141758486,-0.0029143710499069534,0.001024531122855573,-0.33375904947983914
GSE73115,donor_and_chromosome,0.01,24,254,15,-0.010204638790127323,-0.11663745828419679,-0.006313710701471152,-0.33375904947983914
GSE73115,donor_and_chromosome,0.01,29,254,15,0.002480186600197011,0.033366163760087095,0.0010675322892136757,-0.33375904947983914
GSE73115,donor_and_chromosome,0.01,33,254,15,0.018718647730655843,0.24239284654201396,0.010861509545323283,-0.33375904947983914
GSE73115,donor_and_chromosome,0.01,38,254,15,0.009054595541448199,0.1393333614506611,0.0051734052965013225,-0.33375904947983914
GSE73115,donor_and_chromosome,0.01,42,254,15,0.0029061745163018763,0.06029341627087393,0.0020429644708504853,-0.33375904947983914
GSE73115,donor_and_chromosome,0.01,47,254,15,0.0066287255168096275,0.12823907295632628,0.0037055682517819037,-0.33375904947983914
GSE73115,donor_and_chromosome,0.01,51,254,15,0.004751754855600668,0.08789434306531185,0.0028741866607828177,-0.33375904947983914
GSE73115,donor_and_chromosome,0.01,56,254,15,0.0010008141431354694,0.025723302939572302,0.0009312660942555514,-0.33375904947983914
GSE73115,donor_and_chromosome,0.01,60,254,15,-0.003720516647057037,-0.033177923851447876,-0.002652276589027146,-0.33375904947983914
GSE73115,donor_and_chromosome,0.01,65,254,15,0.006953824708397304,0.01651239481361289,0.0020140444923117825,-0.33375904947983914
GSE73115,donor_and_chromosome,0.01,7,254,15,-0.0005240734132300268,0.06387501095026295,-0.00042505597765448675,-0.33375904947983914
GSE73115,donor_and_chromosome,0.01,74,254,15,-0.006232087963552397,-0.07558741961422731,-0.0034500941580321983,-0.33375904947983914
GSE73115,donor_and_chromosome,0.01,79,254,15,-0.001483446287761925,0.1358113421176307,-0.0002643404151247804,-0.33375904947983914
GSE73115,donor_and_chromosome,0.01,83,254,15,-0.012590876784856292,-0.04624124072538243,-0.007309038486302468,-0.33375904947983914
GSE73115,donor_and_chromosome,0.1,10,254,15,0.004930932748194628,0.05774384655122298,0.002550263836984708,-0.1563397599711594
GSE73115,donor_and_chromosome,0.1,15,254,15,0.00588857240825542,0.10282049366206965,0.003594719191082887,-0.1563397599711594
GSE73115,donor_and_chromosome,0.1,2,253,15,0.004039861970189013,0.04230603486059444,0.0022074763810126675,-0.1563397599711594
GSE73115,donor_and_chromosome,0.1,24,254,15,-0.001383183955414157,-0.011864011530736207,-0.001020071521534956,-0.1563397599711594
GSE73115,donor_and_chromosome,0.1,29,254,15,0.005385694134092394,0.06174816662338931,0.0024848822601022985,-0.1563397599711594
GSE73115,donor_and_chromosome,0.1,33,254,15,0.012772383164916282,0.16576396133105784,0.006909633251355153,-0.1563397599711594
GSE73115,donor_and_chromosome,0.1,38,254,15,0.008451515457943076,0.11634689631520079,0.004402519425782647,-0.1563397599711594
GSE73115,donor_and_chromosome,0.1,42,254,15,0.004764268979066016,0.07547382228221493,0.002943611516346652,-0.1563397599711594
GSE73115,donor_and_chromosome,0.1,47,254,15,0.007231052095847237,0.11024880320842494,0.0037616844623103497,-0.1563397599711594
GSE73115,donor_and_chromosome,0.1,51,254,15,0.005723848252453594,0.08960465967117376,0.0032815981087578098,-0.1563397599711594
GSE73115,donor_and_chromosome,0.1,56,254,15,0.003645177268331506,0.06036994866801404,0.0023591524034026865,-0.1563397599711594
GSE73115,donor_and_chromosome,0.1,60,254,15,0.001978828615614389,0.030384313061286947,0.0005760535417857534,-0.1563397599711594
GSE73115,donor_and_chromosome,0.1,65,254,15,0.008162982760058668,0.05492678321489688,0.0023078936773482657,-0.1563397599711594
GSE73115,donor_and_chromosome,0.1,7,254,15,0.003257290716850798,0.0780896311630245,0.0017294735690623717,-0.1563397599711594
GSE73115,donor_and_chromosome,0.1,74,254,15,-0.0002935348436051816,0.008240211745172274,0.00017000707270810203,-0.1563397599711594
GSE73115,donor_and_chromosome,0.1,79,254,15,0.0029952053451484857,0.11274480161236594,0.0022874573386978416,-0.1563397599711594
GSE73115,donor_and_chromosome,0.1,83,254,15,-0.0024383047294051618,0.01966135271352004,-0.001244000204490503,-0.1563397599711594
GSE73115,donor_and_chromosome,0.001,11,267,13,0.005062202401757897,-0.024360270567733364,0.0030070706024484905,-0.22456980816081132
GSE73115,donor_and_chromosome,0.001,16,267,13,0.005163331397843683,0.037862581570119354,0.0030881507777269545,-0.22456980816081132
GSE73115,donor_and_chromosome,0.001,20,267,13,0.00573462744651977,0.14244332127919404,0.00350549272828257,-0.22456980816081132
GSE73115,donor_and_chromosome,0.001,25,267,13,0.0019087539497067332,0.017679498778007296,0.0011387459175100632,-0.22456980816081132
GSE73115,donor_and_chromosome,0.001,3,267,13,-0.0009353458398387767,-0.02788074562519057,-0.0004979069358835436,-0.22456980816081132
GSE73115,donor_and_chromosome,0.001,34,267,13,0.008409932727221127,0.18820544343698326,0.0051185003662236345,-0.22456980816081132
GSE73115,donor_and_chromosome,0.001,39,267,13,0.0013423361346088856,0.03216091519290497,0.0008700329946361831,-0.22456980816081132
GSE73115,donor_and_chromosome,0.001,43,267,13,-0.0016774518174519789,-0.06482288426195945,-0.0010084175918871833,-0.22456980816081132
GSE73115,donor_and_chromosome,0.001,48,266,13,0.008752761461789323,0.14491235595342544,0.005224656917455456,-0.22456980816081132
GSE73115,donor_and_chromosome,0.001,52,267,13,0.006924116922281798,0.0608854296918819,0.004090402121721998,-0.22456980816081132
GSE73115,donor_and_chromosome,0.001,57,267,13,-0.0029016150088432744,-0.013340903112022927,-0.0016567312439870958,-0.22456980816081132
GSE73115,donor_and_chromosome,0.001,61,267,13,0.001388699861762886,0.041690568509128174,0.0006257062334216065,-0.22456980816081132
GSE73115,donor_and_chromosome,0.001,66,267,13,-0.002775955447726232,-0.07574824410662925,-0.0016785312651091556,-0.22456980816081132
GSE73115,donor_and_chromosome,0.001,70,267,13,0.006614377229301704,0.03669621795289193,0.00390945380573362,-0.22456980816081132
GSE73115,donor_and_chromosome,0.001,75,267,13,-0.0016684460036907815,-0.08262333628700302,-0.001006774722493375,-0.22456980816081132
GSE73115,donor_and_chromosome,0.001,8,267,13,0.005322962579421581,0.15209809521125123,0.003273977972054281,-0.22456980816081132
GSE73115,donor_and_chromosome,0.001,84,266,13,-0.005133426377126093,-0.10118252946030701,-0.003054701124830792,-0.22456980816081132
GSE73115,donor_and_chromosome,0.01,11,267,13,0.012621440590587198,0.008993913032959988,0.006970103417179693,-0.2966166459319037
GSE73115,donor_and_chromosome,0.01,16,267,13,0.012691281418478017,0.09917439015661113,0.0071583671819275005,-0.2966166459319037
GSE73115,donor_and_chromosome,0.01,20,267,13,0.011126161843584705,0.2451289330351802,0.006621309197402145,-0.2966166459319037
GSE73115,donor_and_chromosome,0.01,25,267,13,0.007577958396671687,0.06995544618248765,0.004265239179212989,-0.2966166459319037
GSE73115,donor_and_chromosome,0.01,3,267,13,0.0007575129136177151,0.005498540120442279,0.000759709993897064,-0.2966166459319037
GSE73115,donor_and_chromosome,0.01,34,267,13,0.01243699115831261,0.3093680373844735,0.007419024839850675,-0.2966166459319037
GSE73115,donor_and_chromosome,0.01,39,267,13,0.0030684566850832907,0.08862010428555028,0.0020984638790839424,-0.2966166459319037
GSE73115,donor_and_chromosome,0.01,43,267,13,-0.00013412762837721024,-0.045037823382589465,0.000048638560419079576,-0.2966166459319037
GSE73115,donor_and_chromosome,0.01,48,266,13,0.016849458275406744,0.24889815397608014,0.009527649348052976,-0.2966166459319037
GSE73115,donor_and_chromosome,0.01,52,267,13,0.013533661422607873,0.12775977674432856,0.007413344043860696,-0.2966166459319037
GSE73115,donor_and_chromosome,0.01,57,267,13,-0.0009131437213959611,0.02682809322109634,-0.00014171998902367963,-0.2966166459319037
GSE73115,donor_and_chromosome,0.01,61,267,13,0.0066339128720364115,0.10239884606940473,0.0030449558253481473,-0.2966166459319037
GSE73115,donor_and_chromosome,0.01,66,267,13,-0.0009800445619876233,-0.062493146743843514,-0.0005044873323412649,-0.2966166459319037
GSE73115,donor_and_chromosome,0.01,70,267,13,0.015179585175197415,0.09684121928131956,0.008404783032763766,-0.2966166459319037
GSE73115,donor_and_chromosome,0.01,75,267,13,0.0013203670070875964,-0.07275686892164442,0.000769214057881807,-0.2966166459319037
GSE73115,donor_and_chromosome,0.01,8,267,13,0.011096461496724977,0.25924714179934966,0.006677836918147355,-0.2966166459319037
GSE73115,donor_and_chromosome,0.01,84,266,13,-0.005756604673044992,-0.0962254478541721,-0.0030485956689744907,-0.2966166459319037
GSE73115,donor_and_chromosome,0.1,11,267,13,0.00987049608248339,0.04183025006267824,0.004833240243924215,-0.1446763735596829
GSE73115,donor_and_chromosome,0.1,16,267,13,0.009592373393809278,0.08581530847456818,0.004895877885956592,-0.1446763735596829
GSE73115,donor_and_chromosome,0.1,20,267,13,0.008177572413347402,0.16017110256079164,0.004636603513530503,-0.1446763735596829
GSE73115,donor_and_chromosome,0.1,25,267,13,0.007185570454492777,0.07124589483478488,0.0036976627831952235,-0.1446763735596829
GSE73115,donor_and_chromosome,0.1,3,267,13,0.0028196355103066364,0.03841326277590837,0.001982359021446837,-0.1446763735596829
GSE73115,donor_and_chromosome,0.1,34,267,13,0.008771434999950816,0.19463470737700114,0.005004669078434977,-0.1446763735596829
GSE73115,donor_and_chromosome,0.1,39,267,13,0.0036808881342606436,0.08025186692270207,0.0024588480744701675,-0.1446763735596829
GSE73115,donor_and_chromosome,0.1,43,267,13,0.0017549250330283546,0.013862781735186975,0.0012061882410428916,-0.1446763735596829
GSE73115,donor_and_chromosome,0.1,48,266,13,0.011435495251909724,0.1656460412013665,0.005924969081754674,-0.1446763735596829
GSE73115,donor_and_chromosome,0.1,52,267,13,0.009804007956546953,0.10243050134093856,0.0047559588879081995,-0.1446763735596829
GSE73115,donor_and_chromosome,0.1,57,267,13,0.0026553846121258095,0.05183069091534491,0.0018886648781369782,-0.1446763735596829
GSE73115,donor_and_chromosome,0.1,61,267,13,0.007212111017738041,0.08847937173022541,0.0029845601597805033,-0.1446763735596829
GSE73115,donor_and_chromosome,0.1,66,267,13,0.0016579464799359042,0.0036491163803806887,0.0010570153626113794,-0.1446763735596829
GSE73115,donor_and_chromosome,0.1,70,267,13,0.01083133814605901,0.08634349869391938,0.005348499711782574,-0.1446763735596829
GSE73115,donor_and_chromosome,0.1,75,267,13,0.0034292641017069653,-0.0010284630559156543,0.0018742702476902372,-0.1446763735596829
GSE73115,donor_and_chromosome,0.1,8,267,13,0.00813850144964805,0.16916082273501676,0.004719010598084449,-0.1446763735596829
GSE73115,donor_and_chromosome,0.1,84,266,13,-0.0006283994631772972,-0.01251248569970039,0.00009216054903152686,-0.1446763735596829
GSE73115,donor_and_chromosome,0.001,11,492,26,0.0056318194377939865,-0.03698070488286669,0.0032397865766921746,-0.2576088648570845
GSE73115,donor_and_chromosome,0.001,16,492,26,0.003481799762999131,-0.007319273611922452,0.00210767715811833,-0.2576088648570845
GSE73115,donor_and_chromosome,0.001,20,492,26,-0.0005882850139986151,0.05786277862556973,-0.0003237151606394662,-0.2576088648570845
GSE73115,donor_and_chromosome,0.001,25,492,26,0.0033273213229230076,0.04897370621664795,0.001916922942891054,-0.2576088648570845
GSE73115,donor_and_chromosome,0.001,3,492,26,0.01457327075046532,0.20901789510394136,0.008789274632116706,-0.2576088648570845
GSE73115,donor_and_chromosome,0.001,34,492,26,-0.0015260702818211474,0.042927544284536726,-0.0008168710810126694,-0.2576088648570845
GSE73115,donor_and_chromosome,0.001,39,491,26,0.003534686119174209,0.06971377078897514,0.002277732283287605,-0.2576088648570845
GSE73115,donor_and_chromosome,0.001,43,492,26,-0.000845515975847262,0.016130870378787875,-0.00044557964492255724,-0.2576088648570845
GSE73115,donor_and_chromosome,0.001,48,492,26,-0.005270199089576779,-0.08297888565254888,-0.0033079652738645157,-0.2576088648570845
GSE73115,donor_and_chromosome,0.001,52,492,26,0.001098961123407671,0.05969791442927967,0.000504181409809819,-0.2576088648570845
GSE73115,donor_and_chromosome,0.001,57,492,26,0.006343226828875492,0.0818994440690343,0.003926189333353796,-0.2576088648570845
GSE73115,donor_and_chromosome,0.001,61,492,26,0.002942842332728693,0.0330040323049774,0.0016709282995476925,-0.2576088648570845
GSE73115,donor_and_chromosome,0.001,66,491,26,-0.005456396824826514,-0.06299869528526475,-0.0032507420047938828,-0.2576088648570845
GSE73115,donor_and_chromosome,0.001,70,492,26,0.006914452561631532,0.044156362818938415,0.004043942638664283,-0.2576088648570845
GSE73115,donor_and_chromosome,0.001,75,492,26,0.0028978280134221916,0.03964419556777314,0.0017795694691023086,-0.2576088648570845
GSE73115,donor_and_chromosome,0.001,8,492,26,-0.00022840518500271645,-0.003798720196002024,-0.00009704850196001893,-0.2576088648570845
GSE73115,donor_and_chromosome,0.001,84,492,26,0.0014676525568714423,0.039809222191660824,0.0008852941832183164,-0.2576088648570845
GSE73115,donor_and_chromosome,0.01,11,492,26,0.012760213489078326,-0.0021874614552414443,0.006811407614783683,-0.32956810231371264
GSE73115,donor_and_chromosome,0.01,16,492,26,0.010165886673606251,0.03646637274730494,0.005813714347498166,-0.32956810231371264
GSE73115,donor_and_chromosome,0.01,20,492,26,0.002990405883955905,0.12685877682180655,0.001840660283038183,-0.32956810231371264
GSE73115,donor_and_chromosome,0.01,25,492,26,0.009326328189359365,0.11547021864061936,0.00504207183472748,-0.32956810231371264
GSE73115,donor_and_chromosome,0.01,3,492,26,0.02040158725258069,0.32593304536908185,0.011960616368033623,-0.32956810231371264
GSE73115,donor_and_chromosome,0.01,34,492,26,0.0005063082072583884,0.10506468715875034,0.0006224874683425138,-0.32956810231371264
GSE73115,donor_and_chromosome,0.01,39,491,26,0.006440883955979259,0.14337918362609367,0.004261382816910152,-0.32956810231371264
GSE73115,donor_and_chromosome,0.01,43,492,26,0.0010363732390117019,0.06826068919109479,0.0008663546478918935,-0.32956810231371264
GSE73115,donor_and_chromosome,0.01,48,492,26,-0.004000026495508197,-0.0653359385862775,-0.002754432996462445,-0.32956810231371264
GSE73115,donor_and_chromosome,0.01,52,492,26,0.007187784602809318,0.1282454494586343,0.0035423746557820984,-0.32956810231371264
GSE73115,donor_and_chromosome,0.01,57,492,26,0.01095692936306789,0.15724365772850155,0.006652357915993662,-0.32956810231371264
GSE73115,donor_and_chromosome,0.01,61,492,26,0.008825477770226412,0.09304922318235473,0.004669925416689786,-0.32956810231371264
GSE73115,donor_and_chromosome,0.01,66,491,26,-0.004701023542879213,-0.039526829573542414,-0.0025047248852491217,-0.32956810231371264
GSE73115,donor_and_chromosome,0.01,70,492,26,0.01424878108927503,0.10549091520154232,0.007763993535118007,-0.32956810231371264
GSE73115,donor_and_chromosome,0.01,75,492,26,0.0062670224432058086,0.09771005004679971,0.003696188051981727,-0.32956810231371264
GSE73115,donor_and_chromosome,0.01,8,492,26,0.002331988202928696,0.041717371249889765,0.0015526434611875578,-0.32956810231371264
GSE73115,donor_and_chromosome,0.01,84,492,26,0.0027895581962377024,0.10019504043270173,0.001751891152671142,-0.32956810231371264
GSE73115,donor_and_chromosome,0.1,11,492,26,0.009331410044920182,0.04175079599912333,0.004393600017986658,-0.15696464143811145
GSE73115,donor_and_chromosome,0.1,16,492,26,0.007824089237823078,0.05852936298342918,0.004110384964077594,-0.15696464143811145
GSE73115,donor_and_chromosome,0.1,20,492,26,0.00484250179982626,0.10639424880301895,0.00273192269448659,-0.15696464143811145
GSE73115,donor_and_chromosome,0.1,25,492,26,0.007953374989267582,0.09803408412851339,0.0038702426376981494,-0.15696464143811145
GSE73115,donor_and_chromosome,0.1,3,492,26,0.01158500353697357,0.2016896902101342,0.006577035387196476,-0.15696464143811145
GSE73115,donor_and_chromosome,0.1,34,492,26,0.0032112990481321275,0.09395538673513079,0.002100259796534376,-0.15696464143811145
GSE73115,donor_and_chromosome,0.1,39,491,26,0.005586913365846166,0.1125715221033161,0.0036574901222091675,-0.15696464143811145
GSE73115,donor_and_chromosome,0.1,43,492,26,0.0031703364844837705,0.07541797290005657,0.0020656879375409187,-0.15696464143811145
GSE73115,donor_and_chromosome,0.1,48,492,26,0.0012040659163993393,0.009963478876491209,0.00017316517169431434,-0.15696464143811145
GSE73115,donor_and_chromosome,0.1,52,492,26,0.007437071786976047,0.10427360019981452,0.003300790313322847,-0.15696464143811145
GSE73115,donor_and_chromosome,0.1,57,492,26,0.008222369662503452,0.12018434082924968,0.004764143294341287,-0.15696464143811145
GSE73115,donor_and_chromosome,0.1,61,492,26,0.00797273242778111,0.08741818604716002,0.003772422185104781,-0.15696464143811145
GSE73115,donor_and_chromosome,0.1,66,491,26,0.0005515898105958902,0.023556837811209076,0.0006166405043371298,-0.15696464143811145
GSE73115,donor_and_chromosome,0.1,70,492,26,0.009988835786787682,0.09386537855559587,0.004849902528201923,-0.15696464143811145
GSE73115,donor_and_chromosome,0.1,75,492,26,0.006121397893708506,0.08776654270967135,0.0033629103441737587,-0.15696464143811145
GSE73115,donor_and_chromosome,0.1,8,492,26,0.0036344519397915626,0.061892512651775713,0.0022707337146085052,-0.15696464143811145
GSE73115,donor_and_chromosome,0.1,84,492,26,0.003972232125001577,0.09005950827987728,0.0024306789360485823,-0.15696464143811145
GSE73115,donor_and_chromosome,0.001,11,445,20,0.008407304847732765,0.07545296390354234,0.004961364233986371,-0.22276265750635527
GSE73115,donor_and_chromosome,0.001,16,444,20,0.005959419147319203,0.09333533188364146,0.0035973496800615276,-0.22276265750635527
GSE73115,donor_and_chromosome,0.001,20,445,20,0.006251534362122619,0.14568569211582527,0.0037688655889674735,-0.22276265750635527
GSE73115,donor_and_chromosome,0.001,25,444,20,0.008027713343147105,0.15001256324140888,0.004850473581927159,-0.22276265750635527
GSE73115,donor_and_chromosome,0.001,3,445,20,0.0051031458478921436,0.07246656621918587,0.0031328568894893206,-0.22276265750635527
GSE73115,donor_and_chromosome,0.001,34,445,20,0.0026783031608268552,0.08199471324993572,0.0016860987427860718,-0.22276265750635527
GSE73115,donor_and_chromosome,0.001,39,445,20,0.0005636930323052898,0.02369052807717556,0.000323002659702045,-0.22276265750635527
GSE73115,donor_and_chromosome,0.001,43,444,20,0.006969656019772724,0.14488613180062365,0.004227725340099049,-0.22276265750635527
GSE73115,donor_and_chromosome,0.001,48,445,20,-0.004999242562610857,-0.023481805383334487,-0.0030823666633214663,-0.22276265750635527
GSE73115,donor_and_chromosome,0.001,52,444,20,-0.0010087731570545065,0.006962016244440425,-0.0007687882091163474,-0.22276265750635527
GSE73115,donor_and_chromosome,0.001,57,445,20,0.0034835853772204263,0.019220382504687484,0.002161535658917285,-0.22276265750635527
GSE73115,donor_and_chromosome,0.001,61,445,20,0.002584306098813374,-0.008467114954899959,0.00149409975775801,-0.22276265750635527
GSE73115,donor_and_chromosome,0.001,66,445,20,0.004574698679713001,0.0019027766863938978,0.0028789428030719997,-0.22276265750635527
GSE73115,donor_and_chromosome,0.001,70,445,20,0.009332904576845165,0.06318278376113115,0.0055953551285942964,-0.22276265750635527
GSE73115,donor_and_chromosome,0.001,75,445,20,-0.0024940196837507822,-0.06426225892069022,-0.001579404017527044,-0.22276265750635527
GSE73115,donor_and_chromosome,0.001,8,445,20,0.003367060790338843,0.03693254677014143,0.0020539635970899125,-0.22276265750635527
GSE73115,donor_and_chromosome,0.001,84,445,20,0.008123479197388308,0.18146108685744528,0.005017002316927241,-0.22276265750635527
GSE73115,donor_and_chromosome,0.01,11,445,20,0.016893974098285403,0.15841738589767862,0.009234695838167316,-0.3011108776332532
GSE73115,donor_and_chromosome,0.01,16,444,20,0.01277888248068154,0.18666144113466973,0.0072584788439025655,-0.3011108776332532
GSE73115,donor_and_chromosome,0.01,20,445,20,0.012766881278046135,0.259298016845395,0.007290627214370121,-0.3011108776332532
GSE73115,donor_and_chromosome,0.01,25,444,20,0.015829749183782237,0.2645231475219548,0.009040172563858986,-0.3011108776332532
GSE73115,donor_and_chromosome,0.01,3,445,20,0.00827675694692152,0.15695187198595947,0.005042438412824252,-0.3011108776332532
GSE73115,donor_and_chromosome,0.01,34,445,20,0.005979216383293235,0.16633378212989602,0.003720462917966949,-0.3011108776332532
GSE73115,donor_and_chromosome,0.01,39,445,20,0.003085577201285718,0.08534566050520329,0.0017680966854582347,-0.3011108776332532
GSE73115,donor_and_chromosome,0.01,43,444,20,0.010186295157105077,0.2556202332745761,0.005993697542801977,-0.3011108776332532
GSE73115,donor_and_chromosome,0.01,48,445,20,-0.002276791636707953,0.01734883438210058,-0.001565440464981494,-0.3011108776332532
GSE73115,donor_and_chromosome,0.01,52,444,20,0.002559147565396945,0.05815875069261067,0.0008188156660203515,-0.3011108776332532
GSE73115,donor_and_chromosome,0.01,57,445,20,0.007236053013354351,0.08021732878700613,0.004408595427289913,-0.3011108776332532
GSE73115,donor_and_chromosome,0.01,61,445,20,0.006966698579557637,0.0378579113977386,0.003693201739547164,-0.3011108776332532
GSE73115,donor_and_chromosome,0.01,66,445,20,0.006964237870533659,0.053599201112179154,0.004515784400243978,-0.3011108776332532
GSE73115,donor_and_chromosome,0.01,70,445,20,0.017758651416464363,0.14114377087938876,0.009983614654227268,-0.3011108776332532
GSE73115,donor_and_chromosome,0.01,75,445,20,-0.0004982052522892339,-0.0413777124773849,-0.0005518020764777725,-0.3011108776332532
GSE73115,donor_and_chromosome,0.01,8,445,20,0.006961114425987355,0.10612479593366726,0.004134086891805673,-0.3011108776332532
GSE73115,donor_and_chromosome,0.01,84,445,20,0.0138794131923092,0.3112317374468105,0.008418470331037401,-0.3011108776332532
GSE73115,donor_and_chromosome,0.1,11,445,20,0.011131217296894926,0.12006856980209832,0.005333015346262655,-0.1506153567529922
GSE73115,donor_and_chromosome,0.1,16,444,20,0.009369419131195936,0.1380951264848215,0.0048114954748876846,-0.1506153567529922
GSE73115,donor_and_chromosome,0.1,20,445,20,0.008810649659683895,0.1734896155339815,0.0046365193823545104,-0.1506153567529922
GSE73115,donor_and_chromosome,0.1,25,444,20,0.010991930113066083,0.17589336342232703,0.0057008697370027625,-0.1506153567529922
GSE73115,donor_and_chromosome,0.1,3,445,20,0.005949795992656688,0.120536115137258,0.003591789491432858,-0.1506153567529922
GSE73115,donor_and_chromosome,0.1,34,445,20,0.005082691965202809,0.1263973597819942,0.003062391858566455,-0.1506153567529922
GSE73115,donor_and_chromosome,0.1,39,445,20,0.003428435375910173,0.0850666402529319,0.0019214103334710127,-0.1506153567529922
GSE73115,donor_and_chromosome,0.1,43,444,20,0.006799390485218392,0.17113311496737388,0.003853198532781808,-0.1506153567529922
GSE73115,donor_and_chromosome,0.1,48,445,20,0.001586045078769036,0.04888877040172731,0.0005963070699160172,-0.1506153567529922
GSE73115,donor_and_chromosome,0.1,52,444,20,0.004554006220542259,0.06914862969016858,0.001670948558591574,-0.1506153567529922
GSE73115,donor_and_chromosome,0.1,57,445,20,0.005302391492543406,0.08095302024683823,0.0031721192476916312,-0.1506153567529922
GSE73115,donor_and_chromosome,0.1,61,445,20,0.0060259142040481935,0.05865873731386292,0.002823941314887616,-0.1506153567529922
GSE73115,donor_and_chromosome,0.1,66,445,20,0.004846315447331006,0.06439012202394698,0.003258907801696059,-0.1506153567529922
GSE73115,donor_and_chromosome,0.1,70,445,20,0.011349649097575024,0.113100365808067,0.005693471766894915,-0.1506153567529922
GSE73115,donor_and_chromosome,0.1,75,445,20,0.0020812423805895474,0.017579391578693655,0.0008751643811045827,-0.1506153567529922
GSE73115,donor_and_chromosome,0.1,8,445,20,0.005666158282816569,0.09330226882166771,0.003243007313736336,-0.1506153567529922
GSE73115,donor_and_chromosome,0.1,84,445,20,0.009012460661330561,0.20006989234347589,0.0053410387017487565,-0.1506153567529922
GSE73115,donor_and_chromosome,0.001,11,224,14,-0.0005971450575690964,-0.04005112149519644,-0.0004270571071102934,-0.24545322553773968
GSE73115,donor_and_chromosome,0.001,16,224,14,-0.0055144596739924515,-0.04336481226921992,-0.0034085480076229482,-0.24545322553773968
GSE73115,donor_and_chromosome,0.001,20,224,14,-0.0053672613269126436,0.06581558936995367,-0.003274394830512495,-0.24545322553773968
GSE73115,donor_and_chromosome,0.001,25,224,14,-0.004897407126816648,-0.05530059495086927,-0.002996741216578597,-0.24545322553773968
GSE73115,donor_and_chromosome,0.001,3,223,14,0.0017014324137958942,0.04716194281846907,0.0010111939573551286,-0.24545322553773968
GSE73115,donor_and_chromosome,0.001,34,224,14,-0.007139364066846216,-0.01635400976982162,-0.00426458826644301,-0.24545322553773968
GSE73115,donor_and_chromosome,0.001,39,224,14,0.0035773541222229193,0.05530039688397402,0.002133235085568102,-0.24545322553773968
GSE73115,donor_and_chromosome,0.001,43,224,14,-0.002981705538833435,0.0051679452121695295,-0.0017123331933030555,-0.24545322553773968
GSE73115,donor_and_chromosome,0.001,48,224,14,-0.0011537011823511511,0.06279967483993025,-0.0007051823355887345,-0.24545322553773968
GSE73115,donor_and_chromosome,0.001,52,224,14,-0.0008209723954614272,-0.03330436667383569,-0.000702144808957497,-0.24545322553773968
GSE73115,donor_and_chromosome,0.001,57,224,14,-0.00381941307315226,-0.003970668659309907,-0.0022200202386808534,-0.24545322553773968
GSE73115,donor_and_chromosome,0.001,61,224,14,0.007514870656345136,0.11687165446014043,0.004469278154950194,-0.24545322553773968
GSE73115,donor_and_chromosome,0.001,66,224,14,-0.0035015527700417047,0.011171713829771526,-0.0021537565340970575,-0.24545322553773968
GSE73115,donor_and_chromosome,0.001,70,224,14,-0.0009570650502236116,-0.044758920275554503,-0.0006189430684465815,-0.24545322553773968
GSE73115,donor_and_chromosome,0.001,75,224,14,0.0032990840983545037,0.03781876447775369,0.0019324402843048526,-0.24545322553773968
GSE73115,donor_and_chromosome,0.001,8,224,14,-0.0008373793886232271,0.02833348943080955,-0.0004864826334151253,-0.24545322553773968
GSE73115,donor_and_chromosome,0.001,84,224,14,0.008051262707844042,0.10904703203644235,0.004784388793962951,-0.24545322553773968
GSE73115,donor_and_chromosome,0.01,11,224,14,0.0016452669953596546,-0.006226620138587818,0.0006945209723254667,-0.32287908049466807
GSE73115,donor_and_chromosome,0.01,16,224,14,-0.005356848537489548,-0.009267174230085126,-0.00332370962322858,-0.32287908049466807
GSE73115,donor_and_chromosome,0.01,20,224,14,-0.002504966114887485,0.13960531876886384,-0.0015902458817633215,-0.32287908049466807
GSE73115,donor_and_chromosome,0.01,25,224,14,-0.0029152031084709903,-0.029188388211645686,-0.0018508937928258644,-0.32287908049466807
GSE73115,donor_and_chromosome,0.01,3,223,14,0.003429456200695677,0.11372053149660125,0.0020400464844119283,-0.32287908049466807
GSE73115,donor_and_chromosome,0.01,34,224,14,-0.008119606976522838,0.02815345967232851,-0.0044855722260399005,-0.32287908049466807
GSE73115,donor_and_chromosome,0.01,39,224,14,0.005115528221018917,0.1289397083529595,0.0029817975918162813,-0.32287908049466807
GSE73115,donor_and_chromosome,0.01,43,224,14,-0.0018307473795627946,0.05825456783670186,-0.0007338379564742892,-0.32287908049466807
GSE73115,donor_and_chromosome,0.01,48,224,14,0.0011636400534255045,0.1363750367424051,0.0006199817542071279,-0.32287908049466807
GSE73115,donor_and_chromosome,0.01,52,224,14,0.0032692917478405045,0.006706281501100768,0.0010627932388113362,-0.32287908049466807
GSE73115,donor_and_chromosome,0.01,57,224,14,-0.0021978588372410395,0.042704476739346395,-0.0009023667763352389,-0.32287908049466807
GSE73115,donor_and_chromosome,0.01,61,224,14,0.015423481987892798,0.21031900714381324,0.008501241917658943,-0.32287908049466807
GSE73115,donor_and_chromosome,0.01,66,224,14,-0.0014787671124256842,0.06685953918349212,-0.0009444955090445571,-0.32287908049466807
GSE73115,donor_and_chromosome,0.01,70,224,14,0.0018634409769748524,-0.011537540520482548,0.0008571892936816586,-0.32287908049466807
GSE73115,donor_and_chromosome,0.01,75,224,14,0.006905088710144023,0.10123887294794234,0.0037972488713620875,-0.32287908049466807
GSE73115,donor_and_chromosome,0.01,8,224,14,0.0006968514128532854,0.08681500943842242,0.0005047938533337325,-0.32287908049466807
GSE73115,donor_and_chromosome,0.01,84,224,14,0.012372369760094894,0.19948421786743448,0.0069708858238878265,-0.32287908049466807
GSE73115,donor_and_chromosome,0.1,11,224,14,0.004498402493089629,0.0389430119160835,0.0021454158462748834,-0.15182153479528113
GSE73115,donor_and_chromosome,0.1,16,224,14,0.0013490844785094358,0.0383802145571795,0.00054922587516413,-0.15182153479528113
GSE73115,donor_and_chromosome,0.1,20,224,14,0.003462721317310236,0.11297902374438387,0.0017079652341029188,-0.15182153479528113
GSE73115,donor_and_chromosome,0.1,25,224,14,0.0027224717045568675,0.0267239591534505,0.0012544284757254848,-0.15182153479528113
GSE73115,donor_and_chromosome,0.1,3,223,14,0.004822995982296351,0.09761080459578939,0.0027826447799703196,-0.15182153479528113
GSE73115,donor_and_chromosome,0.1,34,224,14,-0.0002659472230596303,0.05554762625501789,0.00014638873975353003,-0.15182153479528113
GSE73115,donor_and_chromosome,0.1,39,224,14,0.005448831788358858,0.10583419522318822,0.003094667349497065,-0.15182153479528113
GSE73115,donor_and_chromosome,0.1,43,224,14,0.002599649583316082,0.07154536898782907,0.0017724292304907182,-0.15182153479528113
GSE73115,donor_and_chromosome,0.1,48,224,14,0.004483123468423588,0.11010488417644577,0.002375996503985043,-0.15182153479528113
GSE73115,donor_and_chromosome,0.1,52,224,14,0.005790189957342147,0.04653301736231603,0.0022262845145882486,-0.15182153479528113
GSE73115,donor_and_chromosome,0.1,57,224,14,0.002814161887544409,0.06351235228019443,0.0019586754544565553,-0.15182153479528113
GSE73115,donor_and_chromosome,0.1,61,224,14,0.011576299446531406,0.14597700757554674,0.005701083857615959,-0.15182153479528113
GSE73115,donor_and_chromosome,0.1,66,224,14,0.002754721994277176,0.07516250308439251,0.0014977351041474591,-0.15182153479528113
GSE73115,donor_and_chromosome,0.1,70,224,14,0.004581200043881001,0.03794143808622931,0.0021905133622895493,-0.15182153479528113
GSE73115,donor_and_chromosome,0.1,75,224,14,0.0065761526030275,0.09153397140219932,0.0033794382991606735,-0.15182153479528113
GSE73115,donor_and_chromosome,0.1,8,224,14,0.004079615736124969,0.08467569101770679,0.002335693782863328,-0.15182153479528113
GSE73115,donor_and_chromosome,0.1,84,224,14,0.008800544418448747,0.14070402413481514,0.004696488760369588,-0.15182153479528113
GSE73115,donor_and_chromosome,0.001,11,254,15,-0.0014895824883690509,-0.062218463553299644,-0.0010177546724883608,-0.25511420028246845
GSE73115,donor_and_chromosome,0.001,16,254,15,-0.0006873095789633765,0.02444522320429709,-0.0004851754269425937,-0.25511420028246845
GSE73115,donor_and_chromosome,0.001,20,254,15,-0.007601863344408529,-0.09226265321970026,-0.00446910016310567,-0.25511420028246845
GSE73115,donor_and_chromosome,0.001,25,254,15,-0.0001791230754143832,-0.004870825762291048,-0.00022644211178757826,-0.25511420028246845
GSE73115,donor_and_chromosome,0.001,3,254,15,0.0022215069913824595,-0.034518328140349434,0.0013470102739937745,-0.25511420028246845
GSE73115,donor_and_chromosome,0.001,34,254,15,-0.005455674144934481,-0.03088816024417229,-0.003356655619018148,-0.25511420028246845
GSE73115,donor_and_chromosome,0.001,39,254,15,-0.0035578934945357855,-0.05920938085933981,-0.0021063834205274265,-0.25511420028246845
GSE73115,donor_and_chromosome,0.001,43,253,15,-0.005415195560405562,-0.05130029587880846,-0.0032664620609384938,-0.25511420028246845
GSE73115,donor_and_chromosome,0.001,48,254,15,-0.005149639387864345,-0.13071864853322485,-0.0030451338493077333,-0.25511420028246845
GSE73115,donor_and_chromosome,0.001,52,254,15,-0.0036223672175793426,-0.12609914327765995,-0.002295059114334911,-0.25511420028246845
GSE73115,donor_and_chromosome,0.001,57,254,15,0.000007092227471524875,0.020909809448471376,0.0000752958868342947,-0.25511420028246845
GSE73115,donor_and_chromosome,0.001,61,254,15,0.006328094851727468,0.06589552942169971,0.003610012579779522,-0.25511420028246845
GSE73115,donor_and_chromosome,0.001,66,254,15,0.0017209794750959297,0.04457615063039128,0.0009613645296904896,-0.25511420028246845
GSE73115,donor_and_chromosome,0.001,70,254,15,0.0022559973294508863,0.012477717697981361,0.0012853865405220942,-0.25511420028246845
GSE73115,donor_and_chromosome,0.001,75,254,15,-0.0010199199027329155,-0.024243088303895596,-0.0005646738339414262,-0.25511420028246845
GSE73115,donor_and_chromosome,0.001,8,254,15,-0.0034301387646182,-0.07256946155128907,-0.002006984441884659,-0.25511420028246845
GSE73115,donor_and_chromosome,0.001,84,254,15,0.0046877963190888996,0.055802757591584304,0.0029072958454374395,-0.25511420028246845
GSE73115,donor_and_chromosome,0.01,11,254,15,0.0022271154145628207,-0.041385644228308184,0.0008554895891913031,-0.3257417691274425
GSE73115,donor_and_chromosome,0.01,16,254,15,0.0038779147649894772,0.07288009987923323,0.0019413777148702999,-0.3257417691274425
GSE73115,donor_and_chromosome,0.01,20,254,15,-0.006096827182324505,-0.08521416331104638,-0.003191723055605758,-0.3257417691274425
GSE73115,donor_and_chromosome,0.01,25,254,15,0.0036527090011873207,0.0344198135725684,0.0017051480729402503,-0.3257417691274425
GSE73115,donor_and_chromosome,0.01,3,254,15,0.004293666254806559,-0.00211652629235121,0.0026435441379247973,-0.3257417691274425
GSE73115,donor_and_chromosome,0.01,34,254,15,-0.006486117053072985,0.0002524598292512013,-0.0038522488043772492,-0.3257417691274425
GSE73115,donor_and_chromosome,0.01,39,254,15,-0.002221793124253315,-0.03783888922565804,-0.00104494674320334,-0.3257417691274425
GSE73115,donor_and_chromosome,0.01,43,253,15,-0.0049289674068400844,-0.033052091106096464,-0.002801372631706183,-0.3257417691274425
GSE73115,donor_and_chromosome,0.01,48,254,15,-0.004102433486454273,-0.13899927669629245,-0.0021540877644669015,-0.3257417691274425
GSE73115,donor_and_chromosome,0.01,52,254,15,0.000015460743529852743,-0.13012846289304206,-0.0004367902572620093,-0.3257417691274425
GSE73115,donor_and_chromosome,0.01,57,254,15,0.003248803900061077,0.06933398560851566,0.002122837782308054,-0.3257417691274425
GSE73115,donor_and_chromosome,0.01,61,254,15,0.014472966043252258,0.13139459323583197,0.007585289048527682,-0.3257417691274425
GSE73115,donor_and_chromosome,0.01,66,254,15,0.005295745055163331,0.10255478224804264,0.0028634585865530606,-0.3257417691274425
GSE73115,donor_and_chromosome,0.01,70,254,15,0.007129003452348196,0.05791661750222425,0.0037984433742797225,-0.3257417691274425
GSE73115,donor_and_chromosome,0.01,75,254,15,0.0012387480217827872,0.007593729706692794,0.0009104310508331119,-0.3257417691274425
GSE73115,donor_and_chromosome,0.01,8,254,15,-0.0017673493071593946,-0.05490276372837466,-0.0007682959591001219,-0.3257417691274425
GSE73115,donor_and_chromosome,0.01,84,254,15,0.007509547196439067,0.11871116474646265,0.00472521999423537,-0.3257417691274425
GSE73115,donor_and_chromosome,0.1,11,254,15,0.005097977578089466,0.02453892958959103,0.002255636992416612,-0.15367415800289438
GSE73115,donor_and_chromosome,0.1,16,254,15,0.006239004421171235,0.0816922956764832,0.0030121002519612953,-0.15367415800289438
GSE73115,donor_and_chromosome,0.1,20,254,15,0.0006110310541799686,0.00015799443723849005,0.0006690915633378484,-0.15367415800289438
GSE73115,donor_and_chromosome,0.1,25,254,15,0.005256659179648261,0.06137014543976562,0.0024053318468906285,-0.15367415800289438
GSE73115,donor_and_chromosome,0.1,3,254,15,0.004656735621576471,0.0433722670114428,0.0027900411279591325,-0.15367415800289438
GSE73115,donor_and_chromosome,0.1,34,254,15,-0.00009402059512482455,0.04341394130271708,-0.000048867912188598614,-0.15367415800289438
GSE73115,donor_and_chromosome,0.1,39,254,15,0.0016411957679200544,0.02586826244935543,0.0012504117934867495,-0.15367415800289438
GSE73115,donor_and_chromosome,0.1,43,253,15,0.0006260433914278281,0.024528446198552867,0.0004693742871284708,-0.15367415800289438
GSE73115,donor_and_chromosome,0.1,48,254,15,0.0011609878821697182,-0.026889468194267227,0.0008722482833648388,-0.15367415800289438
GSE73115,donor_and_chromosome,0.1,52,254,15,0.0034111380657934017,-0.020197605215993772,0.0013540149435518837,-0.15367415800289438
GSE73115,donor_and_chromosome,0.1,57,254,15,0.005376497357997846,0.07852190378061628,0.0031732647031479542,-0.15367415800289438
GSE73115,donor_and_chromosome,0.1,61,254,15,0.011166611939936209,0.10997633856929388,0.005148116192738851,-0.15367415800289438
GSE73115,donor_and_chromosome,0.1,66,254,15,0.005607381782507541,0.09507949588103694,0.0028926156915573455,-0.15367415800289438
GSE73115,donor_and_chromosome,0.1,70,254,15,0.007359790256534514,0.07324615561388485,0.0036030548831713404,-0.15367415800289438
GSE73115,donor_and_chromosome,0.1,75,254,15,0.0036104761110119887,0.04558351028589581,0.0021872443603219603,-0.15367415800289438
GSE73115,donor_and_chromosome,0.1,8,254,15,0.0016491565368593319,0.016210257739642256,0.0012402196147354545,-0.15367415800289438
GSE73115,donor_and_chromosome,0.1,84,254,15,0.006286850174592514,0.10205964869034292,0.00391455409901232,-0.15367415800289438
GSE73115,donor_and_chromosome,0.001,12,267,13,0.002063817339735121,-0.03912423625704909,0.0010141769529517805,-0.223860062042705
GSE73115,donor_and_chromosome,0.001,17,267,13,-0.003374130878689243,-0.024016162883677535,-0.002135356149006767,-0.223860062042705
GSE73115,donor_and_chromosome,0.001,21,267,13,0.007079729145624117,0.1370626202777556,0.004250039885827062,-0.223860062042705
GSE73115,donor_and_chromosome,0.001,26,267,13,-0.004041767210292175,-0.05433727421835269,-0.0024406333706440027,-0.223860062042705
GSE73115,donor_and_chromosome,0.001,30,267,13,0.003663188596188731,0.08330433892345221,0.002254717503134658,-0.223860062042705
GSE73115,donor_and_chromosome,0.001,35,267,13,0.01153594057209071,0.19493784225579894,0.006967202201086651,-0.223860062042705
GSE73115,donor_and_chromosome,0.001,4,267,13,0.008816012955331763,0.13060794903601383,0.0053462263233110124,-0.223860062042705
GSE73115,donor_and_chromosome,0.001,44,267,13,0.007242208090136193,0.15773831417740627,0.004316812285272358,-0.223860062042705
GSE73115,donor_and_chromosome,0.001,49,267,13,0.002378228429496927,0.08443397079767408,0.0014798857160109719,-0.223860062042705
GSE73115,donor_and_chromosome,0.001,53,267,13,-0.000027290350940320977,-0.006449558424160431,-0.00008898540831974382,-0.223860062042705
GSE73115,donor_and_chromosome,0.001,58,267,13,-0.0006054487953393773,0.03419715958564526,-0.0003391991281318104,-0.223860062042705
GSE73115,donor_and_chromosome,0.001,62,267,13,0.009561200026615082,0.1539259232191002,0.005762536451270301,-0.223860062042705
GSE73115,donor_and_chromosome,0.001,67,267,13,0.0069888006897951644,0.09328159736972372,0.004243804569802154,-0.223860062042705
GSE73115,donor_and_chromosome,0.001,71,267,13,0.012832255877007252,0.14020971089978415,0.007693795891628837,-0.223860062042705
GSE73115,donor_and_chromosome,0.001,76,267,13,0.00748591341846405,0.07989283191994861,0.00455385635558151,-0.223860062042705
GSE73115,donor_and_chromosome,0.001,80,267,13,0.003290673588515635,0.16729573551863908,0.0020097372062073014,-0.223860062042705
GSE73115,donor_and_chromosome,0.001,85,267,13,-0.002930729814384438,-0.07992234852966594,-0.0018594164190361088,-0.223860062042705
GSE73115,donor_and_chromosome,0.01,12,267,13,0.010037398253771604,-0.009065557634170596,0.004766207172320887,-0.29848894997081504
GSE73115,donor_and_chromosome,0.01,17,267,13,0.000509057813314775,0.015022799308555716,-0.00022925466397910038,-0.29848894997081504
GSE73115,donor_and_chromosome,0.01,21,267,13,0.012507450573108808,0.24260607889717425,0.0072339648454521205,-0.29848894997081504
GSE73115,donor_and_chromosome,0.01,26,267,13,-0.0010795287565863515,-0.029839204641422604,-0.0006888690218225666,-0.29848894997081504
GSE73115,donor_and_chromosome,0.01,30,267,13,0.006495448069763933,0.1655741797934682,0.004064642267487124,-0.29848894997081504
GSE73115,donor_and_chromosome,0.01,35,267,13,0.01791602810620314,0.3232662964056981,0.010537411469048602,-0.29848894997081504
GSE73115,donor_and_chromosome,0.01,4,267,13,0.013565645780662793,0.23054196182713022,0.007992241244158083,-0.29848894997081504
GSE73115,donor_and_chromosome,0.01,44,267,13,0.013776334163881061,0.27055858620297446,0.007831536994898098,-0.29848894997081504
GSE73115,donor_and_chromosome,0.01,49,267,13,0.0042117992818476195,0.1675843496585357,0.0027130379089119958,-0.29848894997081504
GSE73115,donor_and_chromosome,0.01,53,267,13,0.003250946425057046,0.038500594063939284,0.0016942446966050511,-0.29848894997081504
GSE73115,donor_and_chromosome,0.01,58,267,13,0.0012859078805184676,0.09449642297576213,0.0009054640846954899,-0.29848894997081504
GSE73115,donor_and_chromosome,0.01,62,267,13,0.014649339666636325,0.2671917868512011,0.008595849508857336,-0.29848894997081504
GSE73115,donor_and_chromosome,0.01,67,267,13,0.01087438862969296,0.1765021531628107,0.006550950724662722,-0.29848894997081504
GSE73115,donor_and_chromosome,0.01,71,267,13,0.02239733870102334,0.24638156723967936,0.01283031291313136,-0.29848894997081504
GSE73115,donor_and_chromosome,0.01,76,267,13,0.011711841177154755,0.1534278044402593,0.0070416899780051025,-0.29848894997081504
GSE73115,donor_and_chromosome,0.01,80,267,13,0.008025305820396393,0.2872573190524494,0.004817893294896492,-0.29848894997081504
GSE73115,donor_and_chromosome,0.01,85,267,13,0.00007559658601403181,-0.06588308249745561,-0.00038788213787791675,-0.29848894997081504
GSE73115,donor_and_chromosome,0.1,12,267,13,0.009158797686223998,0.033744477230358866,0.00365008290797394,-0.14585126516038874
GSE73115,donor_and_chromosome,0.1,17,267,13,0.003933345030454066,0.04685403671284302,0.001443386141741269,-0.14585126516038874
GSE73115,donor_and_chromosome,0.1,21,267,13,0.008676336230588671,0.1612016905588838,0.004732288894981257,-0.14585126516038874
GSE73115,donor_and_chromosome,0.1,26,267,13,0.002721545170346235,0.023568698471889155,0.0013984822891639833,-0.14585126516038874
GSE73115,donor_and_chromosome,0.1,30,267,13,0.005517121639980474,0.12146819823968652,0.003418031197985681,-0.14585126516038874
GSE73115,donor_and_chromosome,0.1,35,267,13,0.01113068326403979,0.20306122348123584,0.006285609517485882,-0.14585126516038874
GSE73115,donor_and_chromosome,0.1,4,267,13,0.008776969962951053,0.15290191488648108,0.004949807904766028,-0.14585126516038874
GSE73115,donor_and_chromosome,0.1,44,267,13,0.009562222516792578,0.1771347183232561,0.005044981763008302,-0.14585126516038874
GSE73115,donor_and_chromosome,0.1,49,267,13,0.004162091860481578,0.12217268776353858,0.002665382135923172,-0.14585126516038874
GSE73115,donor_and_chromosome,0.1,53,267,13,0.0037472778352345597,0.05660077136539053,0.0019203791226153268,-0.14585126516038874
GSE73115,donor_and_chromosome,0.1,58,267,13,0.0028047627062515305,0.08436970794512362,0.0017694423409518338,-0.14585126516038874
GSE73115,donor_and_chromosome,0.1,62,267,13,0.009620886579548252,0.17315334218576142,0.005412229617470145,-0.14585126516038874
GSE73115,donor_and_chromosome,0.1,67,267,13,0.006983015289320853,0.1271598459908925,0.004191266638605027,-0.14585126516038874
GSE73115,donor_and_chromosome,0.1,71,267,13,0.013612878864639102,0.16246500778743472,0.007256577466725735,-0.14585126516038874
GSE73115,donor_and_chromosome,0.1,76,267,13,0.0075968568476345675,0.11153064173884421,0.004496713399534787,-0.14585126516038874
GSE73115,donor_and_chromosome,0.1,80,267,13,0.00679341603704551,0.18511287611473667,0.0039324901769416925,-0.14585126516038874
GSE73115,donor_and_chromosome,0.1,85,267,13,0.003476726997322284,0.005572727506673451,0.001337898036560041,-0.14585126516038874
GSE73115,donor_and_chromosome,0.001,12,492,26,0.00452791613623908,0.01566971402956796,0.0025145375040731394,-0.25037178999071524
GSE73115,donor_and_chromosome,0.001,17,492,26,-0.002436326371698648,-0.004377405887939134,-0.001507777391741315,-0.25037178999071524
GSE73115,donor_and_chromosome,0.001,21,492,26,0.000555063098957831,0.029577333371317953,0.00037311040713275016,-0.25037178999071524
GSE73115,donor_and_chromosome,0.001,26,492,26,0.0006873215855177506,0.012951812673007887,0.00040374716704278535,-0.25037178999071524
GSE73115,donor_and_chromosome,0.001,30,492,26,0.006751532089004505,0.10453480319089045,0.004118140937663196,-0.25037178999071524
GSE73115,donor_and_chromosome,0.001,35,492,26,0.003556402895650931,0.043916601901007477,0.0022860172018560453,-0.25037178999071524
GSE73115,donor_and_chromosome,0.001,4,491,26,0.006290041350573371,0.09975394057229127,0.0037518975868162333,-0.25037178999071524
GSE73115,donor_and_chromosome,0.001,44,492,26,-0.0025333050872902354,0.023789848041421372,-0.0015774039388355599,-0.25037178999071524
GSE73115,donor_and_chromosome,0.001,49,492,26,0.0018659417030516192,0.03948624102353542,0.0012162834643815415,-0.25037178999071524
GSE73115,donor_and_chromosome,0.001,53,492,26,-0.002376551186618974,-0.030803593634576267,-0.0014672513405890985,-0.25037178999071524
GSE73115,donor_and_chromosome,0.001,58,492,26,-0.0025154071365133326,0.011966127566255015,-0.0013583678345227429,-0.25037178999071524
GSE73115,donor_and_chromosome,0.001,62,492,26,-0.0011459529394280495,-0.04355002717379808,-0.000723981276343876,-0.25037178999071524
GSE73115,donor_and_chromosome,0.001,67,492,26,0.004974815234007401,0.10885561390452854,0.003000957123704996,-0.25037178999071524
GSE73115,donor_and_chromosome,0.001,71,492,26,-0.0023513614198615337,-0.06219363914819961,-0.0014493464785472858,-0.25037178999071524
GSE73115,donor_and_chromosome,0.001,76,492,26,0.007767347632410672,0.10276504915503461,0.004676405547974143,-0.25037178999071524
GSE73115,donor_and_chromosome,0.001,80,492,26,-0.006014565138733653,0.034193116318324154,-0.0036004735955363844,-0.25037178999071524
GSE73115,donor_and_chromosome,0.001,85,492,26,0.011369542972025285,0.15991113013302877,0.006876500832578924,-0.25037178999071524
GSE73115,donor_and_chromosome,0.01,12,492,26,0.012523206077965318,0.06706635383575832,0.00632783436344705,-0.32621547356383357
GSE73115,donor_and_chromosome,0.01,17,492,26,0.0015464920926232788,0.04067028888757058,0.000635512418539535,-0.32621547356383357
GSE73115,donor_and_chromosome,0.01,21,492,26,0.0025111546058918955,0.08734023908811307,0.0016742954122735177,-0.32621547356383357
GSE73115,donor_and_chromosome,0.01,26,492,26,0.00357467438714116,0.06375181239524721,0.002048917708279568,-0.32621547356383357
GSE73115,donor_and_chromosome,0.01,30,492,26,0.011235232756649663,0.18725484258721167,0.006752717485080629,-0.32621547356383357
GSE73115,donor_and_chromosome,0.01,35,492,26,0.008056390586476584,0.10546540535227868,0.005103903732763846,-0.32621547356383357
GSE73115,donor_and_chromosome,0.01,4,491,26,0.010920999672561781,0.18260657123275761,0.006235787716397101,-0.32621547356383357
GSE73115,donor_and_chromosome,0.01,44,492,26,-0.0018660744076671935,0.08054179700553038,-0.0011757934151348255,-0.32621547356383357
GSE73115,donor_and_chromosome,0.01,49,492,26,0.004488470857080461,0.10039226555104304,0.0029764920790991928,-0.32621547356383357
GSE73115,donor_and_chromosome,0.01,53,492,26,-0.0006879020749169995,0.0025168600274743025,-0.0004885861997568574,-0.32621547356383357
GSE73115,donor_and_chromosome,0.01,58,492,26,-0.0010308733333750251,0.05968000912161434,-0.000015564801435772288,-0.32621547356383357
GSE73115,donor_and_chromosome,0.01,62,492,26,-0.0006521090555005882,-0.013310776982641877,-0.00028473937263699374,-0.32621547356383357
GSE73115,donor_and_chromosome,0.01,67,492,26,0.007617963728216089,0.19532804463557968,0.004555564966897112,-0.32621547356383357
GSE73115,donor_and_chromosome,0.01,71,492,26,0.000256642214230075,-0.039140083841616394,0.00009611366392360532,-0.32621547356383357
GSE73115,donor_and_chromosome,0.01,76,492,26,0.012550184828679097,0.18675285052857538,0.007333661239268747,-0.32621547356383357
GSE73115,donor_and_chromosome,0.01,80,492,26,-0.0058252170361916674,0.09351903830228518,-0.003244180345544709,-0.32621547356383357
GSE73115,donor_and_chromosome,0.01,85,492,26,0.0199248317489508,0.26805938287452896,0.011567704548786983,-0.32621547356383357
GSE73115,donor_and_chromosome,0.1,12,492,26,0.010175450039507528,0.0741898854214308,0.004367316470315987,-0.15647597337048738
GSE73115,donor_and_chromosome,0.1,17,492,26,0.004465356603197761,0.06119446652836989,0.0020511286475936963,-0.15647597337048738
GSE73115,donor_and_chromosome,0.1,21,492,26,0.004027604062462283,0.08587278365847183,0.00249623419007435,-0.15647597337048738
GSE73115,donor_and_chromosome,0.1,26,492,26,0.004889628711793593,0.07142190281095058,0.0026423091390302593,-0.15647597337048738
GSE73115,donor_and_chromosome,0.1,30,492,26,0.007988391636643702,0.1346595776586961,0.0046719491426815895,-0.15647597337048738
GSE73115,donor_and_chromosome,0.1,35,492,26,0.007098357214342064,0.09224697544118751,0.0042753359941579165,-0.15647597337048738
GSE73115,donor_and_chromosome,0.1,4,491,26,0.008151044974851751,0.1322641428621967,0.004369772479741283,-0.15647597337048738
GSE73115,donor_and_chromosome,0.1,44,492,26,0.002237856134388532,0.08235316107507654,0.0011779120898650732,-0.15647597337048738
GSE73115,donor_and_chromosome,0.1,49,492,26,0.004646338058810579,0.09138164085240154,0.002984997569520224,-0.15647597337048738
GSE73115,donor_and_chromosome,0.1,53,492,26,0.002350821678376029,0.04216980872604514,0.0012091494826144094,-0.15647597337048738
GSE73115,donor_and_chromosome,0.1,58,492,26,0.002715042638629406,0.0711028444699908,0.0021368425193994027,-0.15647597337048738
GSE73115,donor_and_chromosome,0.1,62,492,26,0.0017992762381269388,0.03447422969804205,0.0012573974610882183,-0.15647597337048738
GSE73115,donor_and_chromosome,0.1,67,492,26,0.006314024492298915,0.13822439277105272,0.0036809635347040655,-0.15647597337048738
GSE73115,donor_and_chromosome,0.1,71,492,26,0.0032771537698789268,0.0222448181768075,0.001777907611618991,-0.15647597337048738
GSE73115,donor_and_chromosome,0.1,76,492,26,0.008513059984514983,0.13394728287991356,0.004769082596406496,-0.15647597337048738
GSE73115,donor_and_chromosome,0.1,80,492,26,0.00006763003569989711,0.08755817592558456,0.00022861997938010764,-0.15647597337048738
GSE73115,donor_and_chromosome,0.1,85,492,26,0.012977175544726303,0.1754996237028095,0.007021244646413992,-0.15647597337048738
GSE73115,donor_and_chromosome,0.001,12,445,20,0.007136686935056808,0.04281809885657708,0.004213965653152398,-0.21215111832778694
GSE73115,donor_and_chromosome,0.001,17,445,20,0.0032038579013517047,0.10090332907390294,0.0018662833903517403,-0.21215111832778694
GSE73115,donor_and_chromosome,0.001,21,445,20,0.004994118843243088,0.10080103345905626,0.0030585817351024354,-0.21215111832778694
GSE73115,donor_and_chromosome,0.001,26,444,20,0.006882775847612951,0.0753584859555221,0.004188584108853481,-0.21215111832778694
GSE73115,donor_and_chromosome,0.001,30,445,20,-0.000506332800661086,-0.042523677857440934,-0.00030006066065419053,-0.21215111832778694
GSE73115,donor_and_chromosome,0.001,35,445,20,0.0016870221825863896,0.07046222651875657,0.0010389874945227575,-0.21215111832778694
GSE73115,donor_and_chromosome,0.001,4,445,20,0.004660905735277637,0.05473509353299413,0.0028628000910285198,-0.21215111832778694
GSE73115,donor_and_chromosome,0.001,44,445,20,-0.004536103189050922,-0.026022819893081046,-0.0027034477272631086,-0.21215111832778694
GSE73115,donor_and_chromosome,0.001,49,445,20,-0.004497299994984261,-0.020951133002794255,-0.0027348697755764594,-0.21215111832778694
GSE73115,donor_and_chromosome,0.001,53,445,20,0.0018271089200033012,-0.010436852633638288,0.001121694441629124,-0.21215111832778694
GSE73115,donor_and_chromosome,0.001,58,445,20,-0.00009195297767575591,0.005872810840209737,-0.000029836592624740978,-0.21215111832778694
GSE73115,donor_and_chromosome,0.001,62,445,20,0.001339098306723522,0.01185346382233626,0.0008756181365295712,-0.21215111832778694
GSE73115,donor_and_chromosome,0.001,67,445,20,0.0016387964734747966,0.04593365919749202,0.001041070925154763,-0.21215111832778694
GSE73115,donor_and_chromosome,0.001,71,444,20,0.003996668730913798,0.07108137110112715,0.002413933225663091,-0.21215111832778694
GSE73115,donor_and_chromosome,0.001,76,445,20,0.00883261438083389,0.10712278958097277,0.0053462491319361104,-0.21215111832778694
GSE73115,donor_and_chromosome,0.001,80,445,20,0.0020218623198099733,0.15018245118027262,0.001267206976525483,-0.21215111832778694
GSE73115,donor_and_chromosome,0.001,85,444,20,0.0011404310224012364,0.01021405939250004,0.0007243795615729488,-0.21215111832778694
GSE73115,donor_and_chromosome,0.01,12,445,20,0.01506867802421387,0.11646328854537036,0.008146770044745743,-0.2956194736559796
GSE73115,donor_and_chromosome,0.01,17,445,20,0.010303354632058457,0.20383013885476076,0.005513879821513069,-0.2956194736559796
GSE73115,donor_and_chromosome,0.01,21,445,20,0.008400559368908241,0.20079300160226307,0.005092771735298477,-0.2956194736559796
GSE73115,donor_and_chromosome,0.01,26,444,20,0.012924011238451742,0.16451888817405164,0.007569929490706332,-0.2956194736559796
GSE73115,donor_and_chromosome,0.01,30,445,20,0.0010104345167399069,-0.010647304746511632,0.000697600550341891,-0.2956194736559796
GSE73115,donor_and_chromosome,0.01,35,445,20,0.0048602302507195876,0.1605195569447215,0.002887839681550836,-0.2956194736559796
GSE73115,donor_and_chromosome,0.01,4,445,20,0.009807478167281149,0.13547273496987983,0.0058308577118249315,-0.2956194736559796
GSE73115,donor_and_chromosome,0.01,44,445,20,-0.004304579149047003,0.013549250353192377,-0.0022682090937952816,-0.2956194736559796
GSE73115,donor_and_chromosome,0.01,49,445,20,-0.0049930384939307175,0.017491475853370818,-0.002920164756046644,-0.2956194736559796
GSE73115,donor_and_chromosome,0.01,53,445,20,0.005304649050039869,0.03692421043183193,0.0031700091110354344,-0.2956194736559796
GSE73115,donor_and_chromosome,0.01,58,445,20,0.0019033193853874985,0.062003921762610235,0.0012599674811858241,-0.2956194736559796
GSE73115,donor_and_chromosome,0.01,62,445,20,0.0028612463799056707,0.06525203832993724,0.0020209218117807613,-0.2956194736559796
GSE73115,donor_and_chromosome,0.01,67,445,20,0.00539710807413086,0.12173045462399368,0.0033611598431660264,-0.2956194736559796
GSE73115,donor_and_chromosome,0.01,71,444,20,0.008629086368762437,0.15802534603056906,0.0050165080820133885,-0.2956194736559796
GSE73115,donor_and_chromosome,0.01,76,445,20,0.013949864376854769,0.21269846171798967,0.008158314205376401,-0.2956194736559796
GSE73115,donor_and_chromosome,0.01,80,445,20,0.00555762682121075,0.2750041730998906,0.0034135564201666626,-0.2956194736559796
GSE73115,donor_and_chromosome,0.01,85,444,20,0.005296066177485657,0.06785037957927038,0.0031666076573839894,-0.2956194736559796
GSE73115,donor_and_chromosome,0.1,12,445,20,0.010787652378128041,0.10092166541096051,0.0050031314883080165,-0.1491338727540713
GSE73115,donor_and_chromosome,0.1,17,445,20,0.009204049814232762,0.14740705899958823,0.004298672567991283,-0.1491338727540713
GSE73115,donor_and_chromosome,0.1,21,445,20,0.006016992354327499,0.14586305416876288,0.003611023725861541,-0.1491338727540713
GSE73115,donor_and_chromosome,0.1,26,444,20,0.009028597099443342,0.12480879128504403,0.004979824378009074,-0.1491338727540713
GSE73115,donor_and_chromosome,0.1,30,445,20,0.0017752576984858036,0.03315277176575976,0.0012396303782617247,-0.1491338727540713
GSE73115,donor_and_chromosome,0.1,35,445,20,0.004770325757634143,0.12362970812871374,0.0026718680033968947,-0.1491338727540713
GSE73115,donor_and_chromosome,0.1,4,445,20,0.007383278518003509,0.10941833140761678,0.004155071374517425,-0.1491338727540713
GSE73115,donor_and_chromosome,0.1,44,445,20,-0.000011750607231821725,0.04556580928688249,0.0003452781925282341,-0.1491338727540713
GSE73115,donor_and_chromosome,0.1,49,445,20,-0.0006661724399953114,0.04675910531211251,-0.00030339102669144275,-0.1491338727540713
GSE73115,donor_and_chromosome,0.1,53,445,20,0.004678412916223653,0.05995317490897025,0.0026693874186864285,-0.1491338727540713
GSE73115,donor_and_chromosome,0.1,58,445,20,0.0028386253941391545,0.07398915826548756,0.0018090502665005605,-0.1491338727540713
GSE73115,donor_and_chromosome,0.1,62,445,20,0.0032369729720475447,0.07415073550006406,0.0022788772083720318,-0.1491338727540713
GSE73115,donor_and_chromosome,0.1,67,445,20,0.004525983749612132,0.10371395233977324,0.002790620669236507,-0.1491338727540713
GSE73115,donor_and_chromosome,0.1,71,444,20,0.006875115399391692,0.12321045174668781,0.0037650928822730253,-0.1491338727540713
GSE73115,donor_and_chromosome,0.1,76,445,20,0.008314020618336986,0.15195555167724534,0.004666656545379299,-0.1491338727540713
GSE73115,donor_and_chromosome,0.1,80,445,20,0.004851198251475807,0.18396402481634597,0.002877280626052674,-0.1491338727540713
GSE73115,donor_and_chromosome,0.1,85,444,20,0.005221787266393373,0.07574185901568736,0.002915534689554101,-0.1491338727540713
GSE73115,donor_and_chromosome,0.001,12,224,14,-0.0009559226517364425,-0.06263135600810117,-0.0007464393766564317,-0.24264190787367895
GSE73115,donor_and_chromosome,0.001,17,224,14,0.0038105393115560613,0.12315367272532561,0.002161932963247797,-0.24264190787367895
GSE73115,donor_and_chromosome,0.001,21,224,14,-0.004613700753921098,-0.05791005483297821,-0.0027326321983980268,-0.24264190787367895
GSE73115,donor_and_chromosome,0.001,26,223,14,0.001097351770100121,0.08190929440079772,0.0006064221143214657,-0.24264190787367895
GSE73115,donor_and_chromosome,0.001,30,224,14,0.00006415782266807035,-0.012650578450463575,0.00015955345558144686,-0.24264190787367895
GSE73115,donor_and_chromosome,0.001,35,224,14,0.0016084855533276888,0.07542056332482712,0.0010385313512596402,-0.24264190787367895
GSE73115,donor_and_chromosome,0.001,4,224,14,0.004942595885104532,0.0637116466534566,0.002892484785048929,-0.24264190787367895
GSE73115,donor_and_chromosome,0.001,44,224,14,-0.0029148946590703555,0.034215713250454645,-0.0017282046797683236,-0.24264190787367895
GSE73115,donor_and_chromosome,0.001,49,224,14,-0.000673068320283133,0.04338042882075706,-0.0003781140930531226,-0.24264190787367895
GSE73115,donor_and_chromosome,0.001,53,224,14,-0.0018603662627139292,-0.04688766912706053,-0.0011466498876994437,-0.24264190787367895
GSE73115,donor_and_chromosome,0.001,58,224,14,-0.00039204584113890006,0.06497177131526671,-0.0001255001839117307,-0.24264190787367895
GSE73115,donor_and_chromosome,0.001,62,224,14,-0.0019776286359384984,-0.0336058718228771,-0.001194443644896084,-0.24264190787367895
GSE73115,donor_and_chromosome,0.001,67,224,14,-0.003298537807014649,-0.0503944632003182,-0.0018937711392943458,-0.24264190787367895
GSE73115,donor_and_chromosome,0.001,71,224,14,-0.0010214978216211903,-0.019076694989795345,-0.0006709519395735801,-0.24264190787367895
GSE73115,donor_and_chromosome,0.001,76,224,14,0.012640723137188644,0.2662738631719694,0.007501590308447736,-0.24264190787367895
GSE73115,donor_and_chromosome,0.001,80,224,14,-0.0017793485143565559,0.08588086493373263,-0.0011088994233423315,-0.24264190787367895
GSE73115,donor_and_chromosome,0.001,85,224,14,0.0026071000342838464,0.031132483149601813,0.0015540185227907231,-0.24264190787367895
GSE73115,donor_and_chromosome,0.01,12,224,14,0.003807353629174681,-0.03709861674878783,0.0013225492620655456,-0.3238706494377232
GSE73115,donor_and_chromosome,0.01,17,224,14,0.00762802526451526,0.2278466742070129,0.0038123562186458855,-0.3238706494377232
GSE73115,donor_and_chromosome,0.01,21,224,14,-0.004497648997254621,-0.027984132935573742,-0.00235735413528402,-0.3238706494377232
GSE73115,donor_and_chromosome,0.01,26,223,14,0.0070216189438935175,0.1713891776859265,0.0037242879433219533,-0.3238706494377232
GSE73115,donor_and_chromosome,0.01,30,224,14,0.0004408637203496887,0.03303964030521119,0.0008626445276642206,-0.3238706494377232
GSE73115,donor_and_chromosome,0.01,35,224,14,0.005429199106000886,0.15932337255669468,0.0033341272542749103,-0.3238706494377232
GSE73115,donor_and_chromosome,0.01,4,224,14,0.0094542388066068,0.14610594300710653,0.0051369912331744256,-0.3238706494377232
GSE73115,donor_and_chromosome,0.01,44,224,14,-0.0014542012131690068,0.0992481026679068,-0.000697209529454937,-0.3238706494377232
GSE73115,donor_and_chromosome,0.01,49,224,14,0.0011687406735748766,0.11124740544560538,0.0008062784424042165,-0.3238706494377232
GSE73115,donor_and_chromosome,0.01,53,224,14,0.0002102300914813142,-0.012846181161229419,-0.0000034956662470928982,-0.3238706494377232
GSE73115,donor_and_chromosome,0.01,58,224,14,0.0034223270837653317,0.1443651744481764,0.002406397735792696,-0.3238706494377232
GSE73115,donor_and_chromosome,0.01,62,224,14,-0.0006946137878753825,0.002540940796730332,-0.00030603648831868815,-0.3238706494377232
GSE73115,donor_and_chromosome,0.01,67,224,14,-0.0022660795245128423,-0.017327467696702598,-0.0008589985838451401,-0.3238706494377232
GSE73115,donor_and_chromosome,0.01,71,224,14,0.0017394824843520904,0.027182744394432128,0.0008034901547026738,-0.3238706494377232
GSE73115,donor_and_chromosome,0.01,76,224,14,0.018949131786597743,0.43213297291733027,0.010613625765194012,-0.3238706494377232
GSE73115,donor_and_chromosome,0.01,80,224,14,0.0003060291379400818,0.17674436682523628,0.00007811556616126482,-0.3238706494377232
GSE73115,donor_and_chromosome,0.01,85,224,14,0.005940864989996954,0.09557971711107587,0.003371356644140985,-0.3238706494377232
GSE73115,donor_and_chromosome,0.1,12,224,14,0.006526852161328701,0.02551380991167281,0.0023986835136268025,-0.15272607555073298
GSE73115,donor_and_chromosome,0.1,17,224,14,0.007999091213445173,0.15523470063689043,0.0036176367814004452,-0.15272607555073298
GSE73115,donor_and_chromosome,0.1,21,224,14,0.0008998256469093238,0.02963217787008296,0.0008158788337942782,-0.15272607555073298
GSE73115,donor_and_chromosome,0.1,26,223,14,0.007707856754361411,0.12769970586682164,0.0037269234781113214,-0.15272607555073298
GSE73115,donor_and_chromosome,0.1,30,224,14,0.003148201279418655,0.060276484591775606,0.002462190996156968,-0.15272607555073298
GSE73115,donor_and_chromosome,0.1,35,224,14,0.006568990908729306,0.1208667564818715,0.0037059685973708143,-0.15272607555073298
GSE73115,donor_and_chromosome,0.1,4,224,14,0.008315868496237501,0.11631740277448824,0.004145572229549853,-0.15272607555073298
GSE73115,donor_and_chromosome,0.1,44,224,14,0.0032793179921896667,0.09259661001806994,0.00194839302855155,-0.15272607555073298
GSE73115,donor_and_chromosome,0.1,49,224,14,0.003991885396812993,0.09832575647721899,0.0023303602032124426,-0.15272607555073298
GSE73115,donor_and_chromosome,0.1,53,224,14,0.003443507343888989,0.03948237051809444,0.0017158005588217185,-0.15272607555073298
GSE73115,donor_and_chromosome,0.1,58,224,14,0.0052517464328522,0.11469004589239516,0.0033238513134398666,-0.15272607555073298
GSE73115,donor_and_chromosome,0.1,62,224,14,0.002634581060174643,0.04302538044856652,0.0016305554500646714,-0.15272607555073298
GSE73115,donor_and_chromosome,0.1,67,224,14,0.0017910063416057833,0.03622176560480687,0.0015304010643678212,-0.15272607555073298
GSE73115,donor_and_chromosome,0.1,71,224,14,0.004316806118536086,0.05577409879682931,0.002155853818351473,-0.15272607555073298
GSE73115,donor_and_chromosome,0.1,76,224,14,0.012255707232096385,0.25681795651285727,0.00639030975308375,-0.15272607555073298
GSE73115,donor_and_chromosome,0.1,80,224,14,0.0037834857230758245,0.13232334299757983,0.0020055691310547617,-0.15272607555073298
GSE73115,donor_and_chromosome,0.1,85,224,14,0.006828588425909904,0.09205445120907053,0.003582137534195454,-0.15272607555073298
GSE73115,donor_and_chromosome,0.001,12,254,15,-0.0008304880941348849,-0.018566062474424973,-0.0006777703164825882,-0.25441734427015106
GSE73115,donor_and_chromosome,0.001,17,254,15,-0.0058998078830301654,-0.03807477933949494,-0.0037487703244527015,-0.25441734427015106
GSE73115,donor_and_chromosome,0.001,21,254,15,0.001729725371548359,0.016934948977900766,0.001150233111087984,-0.25441734427015106
GSE73115,donor_and_chromosome,0.001,26,254,15,-0.00314721344493475,-0.04029217260196986,-0.0018775908960419723,-0.25441734427015106
GSE73115,donor_and_chromosome,0.001,30,253,15,-0.00137035966674748,-0.10970776412286275,-0.0007144417607368659,-0.25441734427015106
GSE73115,donor_and_chromosome,0.001,35,254,15,0.004295529710602723,0.07354180707293427,0.0025755443958204822,-0.25441734427015106
GSE73115,donor_and_chromosome,0.001,4,254,15,0.008644446335612063,0.11152931131216463,0.0052392392148506665,-0.25441734427015106
GSE73115,donor_and_chromosome,0.001,44,253,15,0.004273304586750738,0.09348724850835687,0.0025812114369414803,-0.25441734427015106
GSE73115,donor_and_chromosome,0.001,49,254,15,-0.0008536637148423444,0.02679289377313019,-0.0005329805105916504,-0.25441734427015106
GSE73115,donor_and_chromosome,0.001,53,253,15,-0.003459079483535502,0.018573615676223478,-0.0020590512457434942,-0.25441734427015106
GSE73115,donor_and_chromosome,0.001,58,254,15,-0.00215019843480566,-0.015264261690735042,-0.0012130388008903615,-0.25441734427015106
GSE73115,donor_and_chromosome,0.001,62,254,15,0.0035649113501559394,0.044244500857907425,0.002269479307248137,-0.25441734427015106
GSE73115,donor_and_chromosome,0.001,67,254,15,-0.004181224019888691,-0.059760461566902845,-0.0025264072179629177,-0.25441734427015106
GSE73115,donor_and_chromosome,0.001,71,254,15,0.007088126923897627,0.004030472393589346,0.004331587150897263,-0.25441734427015106
GSE73115,donor_and_chromosome,0.001,76,254,15,0.004272861295036841,0.0376588323088882,0.0026327236687655143,-0.25441734427015106
GSE73115,donor_and_chromosome,0.001,80,254,15,0.001613610829044332,0.0967770818775929,0.0011150421498294764,-0.25441734427015106
GSE73115,donor_and_chromosome,0.001,85,253,15,0.0005504290543892613,0.014994876997482809,0.0003753724596300798,-0.25441734427015106
GSE73115,donor_and_chromosome,0.01,12,254,15,0.003644908140956949,0.0186930154698276,0.0013827793072097208,-0.3281331334120261
GSE73115,donor_and_chromosome,0.01,17,254,15,-0.0030316270538232487,-0.005581020582538769,-0.0024541453434274722,-0.3281331334120261
GSE73115,donor_and_chromosome,0.01,21,254,15,0.004231725024521665,0.07147900555298813,0.0028851701782842084,-0.3281331334120261
GSE73115,donor_and_chromosome,0.01,26,254,15,-0.0005792100775963623,-0.011479850068518815,-0.00026971609161808094,-0.3281331334120261
GSE73115,donor_and_chromosome,0.01,30,253,15,-0.0006606194265388504,-0.10561032654401062,0.0001328987520435391,-0.3281331334120261
GSE73115,donor_and_chromosome,0.01,35,254,15,0.009774992991522949,0.14914631733676115,0.005613435916463274,-0.3281331334120261
GSE73115,donor_and_chromosome,0.01,4,254,15,0.0141265027473638,0.1997062892624885,0.008341169342281487,-0.3281331334120261
GSE73115,donor_and_chromosome,0.01,44,253,15,0.008320521987312673,0.1742923585322153,0.004874186772714309,-0.3281331334120261
GSE73115,donor_and_chromosome,0.01,49,254,15,0.0013058048994734207,0.08217681211276483,0.00071105280416172,-0.3281331334120261
GSE73115,donor_and_chromosome,0.01,53,253,15,-0.002090250943522048,0.07192172115671522,-0.001125480580817146,-0.3281331334120261
GSE73115,donor_and_chromosome,0.01,58,254,15,0.00010143547838138415,0.026197084359223573,0.0003944236440526168,-0.3281331334120261
GSE73115,donor_and_chromosome,0.01,62,254,15,0.007110705581780396,0.10713852437264312,0.004610883375559105,-0.3281331334120261
GSE73115,donor_and_chromosome,0.01,67,254,15,-0.003790176894640841,-0.03684896476110969,-0.002074084923959432,-0.3281331334120261
GSE73115,donor_and_chromosome,0.01,71,254,15,0.012097300243580444,0.048334164959575224,0.007211545338052051,-0.3281331334120261
GSE73115,donor_and_chromosome,0.01,76,254,15,0.008269087298354396,0.09840233920426934,0.005023132237419784,-0.3281331334120261
GSE73115,donor_and_chromosome,0.01,80,254,15,0.005924687803411001,0.17939015819019216,0.003862513031423187,-0.3281331334120261
GSE73115,donor_and_chromosome,0.01,85,253,15,0.006183176883797892,0.06694439593396387,0.0036206239123454708,-0.3281331334120261
GSE73115,donor_and_chromosome,0.1,12,254,15,0.006368876126834864,0.0553122083389331,0.0025931144182038774,-0.15535129060845843
GSE73115,donor_and_chromosome,0.1,17,254,15,0.0031361004240980954,0.04401769923369417,0.0008880240053279231,-0.15535129060845843
GSE73115,donor_and_chromosome,0.1,21,254,15,0.005075398640383058,0.08069689324098003,0.0032801539843166413,-0.15535129060845843
GSE73115,donor_and_chromosome,0.1,26,254,15,0.003063794800396538,0.04054713330211593,0.0017551439526481915,-0.15535129060845843
GSE73115,donor_and_chromosome,0.1,30,253,15,0.0021293223322444215,-0.006879704700869362,0.001800922898574971,-0.15535129060845843
GSE73115,donor_and_chromosome,0.1,35,254,15,0.008100384320677377,0.12208800515450993,0.004346912223413216,-0.15535129060845843
GSE73115,donor_and_chromosome,0.1,4,254,15,0.01022433616723457,0.1449529250664523,0.005755710697260127,-0.15535129060845843
GSE73115,donor_and_chromosome,0.1,44,253,15,0.0073552351304098556,0.13406882058722067,0.004091593043003929,-0.15535129060845843
GSE73115,donor_and_chromosome,0.1,49,254,15,0.0037099015890784915,0.08736078338014909,0.0019755900057711793,-0.15535129060845843
GSE73115,donor_and_chromosome,0.1,53,253,15,0.0025742990727697875,0.08128944117367205,0.0014784743019849176,-0.15535129060845843
GSE73115,donor_and_chromosome,0.1,58,254,15,0.003269679979945858,0.059452473977158506,0.0021739715115603477,-0.15535129060845843
GSE73115,donor_and_chromosome,0.1,62,254,15,0.006404487349136553,0.10092990561507557,0.004066724608413584,-0.15535129060845843
GSE73115,donor_and_chromosome,0.1,67,254,15,0.0007555726345098336,0.02831320249894966,0.0006698618406871432,-0.15535129060845843
GSE73115,donor_and_chromosome,0.1,71,254,15,0.0091868681200094,0.07073444800936511,0.005183317267502449,-0.15535129060845843
GSE73115,donor_and_chromosome,0.1,76,254,15,0.007215473363666042,0.09702096664987789,0.004222210453949893,-0.15535129060845843
GSE73115,donor_and_chromosome,0.1,80,254,15,0.006473897446050853,0.13604026024089605,0.003921485463203233,-0.15535129060845843
GSE73115,donor_and_chromosome,0.1,85,253,15,0.007579388780873517,0.08172725747294575,0.004057990625936814,-0.15535129060845843
GSE73115,donor_and_chromosome,0.001,13,266,13,0.0073810295421178895,0.08960731459129863,0.004450463977673781,-0.22941832430590164
GSE73115,donor_and_chromosome,0.001,18,267,13,0.0015284401933072064,0.03171357728925553,0.0009282104962083081,-0.22941832430590164
GSE73115,donor_and_chromosome,0.001,22,267,13,0.007531463143773055,0.08355957872006158,0.0045532189037628635,-0.22941832430590164
GSE73115,donor_and_chromosome,0.001,27,267,13,0.0028684870327562503,0.12094325693914265,0.0017931604625451676,-0.22941832430590164
GSE73115,donor_and_chromosome,0.001,31,267,13,0.005250605599619281,0.027469441502758037,0.003128364522687624,-0.22941832430590164
GSE73115,donor_and_chromosome,0.001,36,267,13,0.0025059926007654043,0.043977578339629536,0.0014810346605854071,-0.22941832430590164
GSE73115,donor_and_chromosome,0.001,40,267,13,0.0037837300533892794,0.09865881337431388,0.0023207870643122516,-0.22941832430590164
GSE73115,donor_and_chromosome,0.001,45,267,13,-0.00003357698643640862,0.09362385310525585,0.00013817629348324712,-0.22941832430590164
GSE73115,donor_and_chromosome,0.001,5,267,13,-0.0031734388461370925,-0.04024017536565695,-0.0019321964592763589,-0.22941832430590164
GSE73115,donor_and_chromosome,0.001,54,267,13,-0.0020954365596614665,-0.04203264342958787,-0.001314833060705105,-0.22941832430590164
GSE73115,donor_and_chromosome,0.001,59,267,13,0.004714794170307919,0.09784357678177949,0.0029089377544324418,-0.22941832430590164
GSE73115,donor_and_chromosome,0.001,63,267,13,-0.0022949660005865194,0.009791348457318048,-0.0013131754932143196,-0.22941832430590164
GSE73115,donor_and_chromosome,0.001,68,267,13,0.004049601658780292,0.028469741956709427,0.0024316186345938536,-0.22941832430590164
GSE73115,donor_and_chromosome,0.001,72,267,13,-0.004314082784246069,-0.10224039950304234,-0.002502202994798036,-0.22941832430590164
GSE73115,donor_and_chromosome,0.001,77,267,13,0.004686936211065755,0.07773065176305995,0.002735216042399629,-0.22941832430590164
GSE73115,donor_and_chromosome,0.001,81,267,13,0.0014917278029532755,0.0633123888145595,0.0009486242387041872,-0.22941832430590164
GSE73115,donor_and_chromosome,0.001,86,267,13,0.001447698211483445,0.06664574713322062,0.0009597669614612093,-0.22941832430590164
GSE73115,donor_and_chromosome,0.01,13,266,13,0.013203325336929111,0.17898845951546344,0.007732088113282475,-0.30721166641966213
GSE73115,donor_and_chromosome,0.01,18,267,13,0.006307232256360075,0.09676163014093536,0.003671712745409749,-0.30721166641966213
GSE73115,donor_and_chromosome,0.01,22,267,13,0.01312331202482334,0.17108476585150018,0.0076782997308725105,-0.30721166641966213
GSE73115,donor_and_chromosome,0.01,27,267,13,0.007282374143461505,0.22281267403958077,0.004508390090287249,-0.30721166641966213
GSE73115,donor_and_chromosome,0.01,31,267,13,0.00963587985650452,0.0909188136844952,0.005469318057416994,-0.30721166641966213
GSE73115,donor_and_chromosome,0.01,36,267,13,0.003944277459303116,0.1101821523060764,0.00231183241903913,-0.30721166641966213
GSE73115,donor_and_chromosome,0.01,40,267,13,0.010095820370419006,0.19082494150777626,0.005928750164981543,-0.30721166641966213
GSE73115,donor_and_chromosome,0.01,45,267,13,0.00335837288939186,0.18446717922409503,0.0025534867767802007,-0.30721166641966213
GSE73115,donor_and_chromosome,0.01,5,267,13,-0.0018266193022638537,-0.007296609012389121,-0.0011041607921402263,-0.30721166641966213
GSE73115,donor_and_chromosome,0.01,54,267,13,-0.0001176649293530637,-0.009971704498992326,-0.0002718744906760787,-0.30721166641966213
GSE73115,donor_and_chromosome,0.01,59,267,13,0.008737203204284878,0.1918834871375324,0.005372634046442271,-0.30721166641966213
GSE73115,donor_and_chromosome,0.01,63,267,13,0.0006125805415701827,0.06469568564378925,0.0005706744483320788,-0.30721166641966213
GSE73115,donor_and_chromosome,0.01,68,267,13,0.010573212789028681,0.09027540034678153,0.006058825031797157,-0.30721166641966213
GSE73115,donor_and_chromosome,0.01,72,267,13,-0.0026404695210156376,-0.0966185838757055,-0.0012387029524159425,-0.30721166641966213
GSE73115,donor_and_chromosome,0.01,77,267,13,0.011277369984855842,0.16061810146864322,0.006220014420445551,-0.30721166641966213
GSE73115,donor_and_chromosome,0.01,81,267,13,0.0037457633349956615,0.14245153615575432,0.002442769038069203,-0.30721166641966213
GSE73115,donor_and_chromosome,0.01,86,267,13,0.004082836714669405,0.14266917954088207,0.0027289742679461023,-0.30721166641966213
GSE73115,donor_and_chromosome,0.1,13,266,13,0.008651131475234887,0.12937858142887132,0.004890261259154035,-0.15003710140284676
GSE73115,donor_and_chromosome,0.1,18,267,13,0.005729454532162769,0.08808039860664128,0.0031421526764809707,-0.15003710140284676
GSE73115,donor_and_chromosome,0.1,22,267,13,0.009199936254564415,0.1266373861093528,0.0051054436755555545,-0.15003710140284676
GSE73115,donor_and_chromosome,0.1,27,267,13,0.006046694125716042,0.15285120242784517,0.003665933683039135,-0.15003710140284676
GSE73115,donor_and_chromosome,0.1,31,267,13,0.007127757965128002,0.0875700823326381,0.0037663950659837424,-0.15003710140284676
GSE73115,donor_and_chromosome,0.1,36,267,13,0.003536950351364264,0.09566293384643873,0.0020819586792591325,-0.15003710140284676
GSE73115,donor_and_chromosome,0.1,40,267,13,0.008412783847551317,0.13425447472363902,0.004600745032874473,-0.15003710140284676
GSE73115,donor_and_chromosome,0.1,45,267,13,0.0047792694224227895,0.13202761490364603,0.0032889254643798517,-0.15003710140284676
GSE73115,donor_and_chromosome,0.1,5,267,13,0.0016557257017967978,0.034409390846576855,0.0008867478157061803,-0.15003710140284676
GSE73115,donor_and_chromosome,0.1,54,267,13,0.0031032753983344145,0.031875352666518135,0.0014641757078143666,-0.15003710140284676
GSE73115,donor_and_chromosome,0.1,59,267,13,0.0066094911363544,0.1367152032226448,0.003979347020521632,-0.15003710140284676
GSE73115,donor_and_chromosome,0.1,63,267,13,0.003107457228955044,0.07135082358185432,0.001922005095751434,-0.15003710140284676
GSE73115,donor_and_chromosome,0.1,68,267,13,0.008327493755500879,0.08524234326940744,0.0044175583848121485,-0.15003710140284676
GSE73115,donor_and_chromosome,0.1,72,267,13,0.0016528555118319134,-0.00986327687813885,0.0011586736625803712,-0.15003710140284676
GSE73115,donor_and_chromosome,0.1,77,267,13,0.00799645189754877,0.12058700945871613,0.004061825509177582,-0.15003710140284676
GSE73115,donor_and_chromosome,0.1,81,267,13,0.004146109934247807,0.1132224013551939,0.0026350303836781153,-0.15003710140284676
GSE73115,donor_and_chromosome,0.1,86,267,13,0.004179834950915017,0.11016471733388994,0.0027388433181133307,-0.15003710140284676
GSE73115,donor_and_chromosome,0.001,13,492,26,0.0028990797262090657,0.03889843852291482,0.0017744465933577987,-0.2499588551845967
GSE73115,donor_and_chromosome,0.001,18,492,26,-0.004686866588723787,-0.052488324530587355,-0.0028530445895220183,-0.2499588551845967
GSE73115,donor_and_chromosome,0.001,22,492,26,0.0006492912672892089,0.0007115352077822106,0.00035432285616418085,-0.2499588551845967
GSE73115,donor_and_chromosome,0.001,27,492,26,-0.005377833888348478,-0.013370228258108154,-0.003156440959737029,-0.2499588551845967
GSE73115,donor_and_chromosome,0.001,31,492,26,0.0019890652901813164,-0.028338882479393347,0.0012449289075678886,-0.2499588551845967
GSE73115,donor_and_chromosome,0.001,36,492,26,-0.006056949383535276,-0.0312597184703934,-0.00361871224698841,-0.2499588551845967
GSE73115,donor_and_chromosome,0.001,40,492,26,0.0035903477444927914,0.05135211563303907,0.0021922579825021334,-0.2499588551845967
GSE73115,donor_and_chromosome,0.001,45,492,26,0.001605473060161453,0.08778145640609264,0.000996294384305462,-0.2499588551845967
GSE73115,donor_and_chromosome,0.001,5,492,26,-0.0022913032741193593,-0.004023286774671482,-0.001301546021356137,-0.2499588551845967
GSE73115,donor_and_chromosome,0.001,54,492,26,-0.0031462097578833885,-0.04679028392736942,-0.0019304730161536223,-0.2499588551845967
GSE73115,donor_and_chromosome,0.001,59,492,26,-0.0021758451457602234,-0.03021634572826335,-0.0012796086830359334,-0.2499588551845967
GSE73115,donor_and_chromosome,0.001,63,492,26,-0.0004101155368923127,0.0785739522114271,-0.00021285444670880106,-0.2499588551845967
GSE73115,donor_and_chromosome,0.001,68,492,26,-0.002463730620267646,0.020606880791598454,-0.0014883581713990995,-0.2499588551845967
GSE73115,donor_and_chromosome,0.001,72,492,26,-0.0002735129936124608,0.07005104394221552,-0.0001231387903952044,-0.2499588551845967
GSE73115,donor_and_chromosome,0.001,77,492,26,0.004776265055693901,0.11783439772057175,0.0029684478396523935,-0.2499588551845967
GSE73115,donor_and_chromosome,0.001,81,492,26,-0.0023671008412506295,0.13161258203989343,-0.0014178830589387805,-0.2499588551845967
GSE73115,donor_and_chromosome,0.001,86,492,26,-0.006514749985076334,-0.008764987647732371,-0.0038661988978169397,-0.2499588551845967
GSE73115,donor_and_chromosome,0.01,13,492,26,0.005346855156111049,0.10376670181241154,0.003344363865495585,-0.33021855670532185
GSE73115,donor_and_chromosome,0.01,18,492,26,-0.002647943512250401,-0.02567484575739137,-0.001757185129396326,-0.33021855670532185
GSE73115,donor_and_chromosome,0.01,22,492,26,0.0046338132478133095,0.04729783365747293,0.0025011524415256463,-0.33021855670532185
GSE73115,donor_and_chromosome,0.01,27,492,26,-0.006798273749316709,0.030387817325872243,-0.00356453235246877,-0.33021855670532185
GSE73115,donor_and_chromosome,0.01,31,492,26,0.004272609042926834,0.007146490496156455,0.002751810780793387,-0.33021855670532185
GSE73115,donor_and_chromosome,0.01,36,492,26,-0.007719077324644764,0.0025024547044887346,-0.0042534909628017354,-0.33021855670532185
GSE73115,donor_and_chromosome,0.01,40,492,26,0.009244098964372362,0.12037028621556335,0.005397733508287708,-0.33021855670532185
GSE73115,donor_and_chromosome,0.01,45,492,26,0.004312366889584962,0.16939083793648468,0.0026509351614076326,-0.33021855670532185
GSE73115,donor_and_chromosome,0.01,5,492,26,-0.00010079927416620254,0.043410422452853016,0.00022700486659628767,-0.33021855670532185
GSE73115,donor_and_chromosome,0.01,54,492,26,-0.0015617922636645392,-0.013857695182245163,-0.0009957621896375672,-0.33021855670532185
GSE73115,donor_and_chromosome,0.01,59,492,26,-0.0017106254690560728,0.004062448908210842,-0.0007953446369144679,-0.33021855670532185
GSE73115,donor_and_chromosome,0.01,63,492,26,0.002067588223702844,0.15676344818124763,0.0013193605382545524,-0.33021855670532185
GSE73115,donor_and_chromosome,0.01,68,492,26,-0.0001193428927098611,0.07447950817217346,-0.00010536848971002862,-0.33021855670532185
GSE73115,donor_and_chromosome,0.01,72,492,26,0.001088127281711851,0.14709886849596202,0.000784805883059727,-0.33021855670532185
GSE73115,donor_and_chromosome,0.01,77,492,26,0.009648519672841206,0.21072092456369504,0.00588032512187777,-0.33021855670532185
GSE73115,donor_and_chromosome,0.01,81,492,26,-0.0009301213488407173,0.2299484921596832,-0.00043427858371875515,-0.33021855670532185
GSE73115,donor_and_chromosome,0.01,86,492,26,-0.007311834307037171,0.03792722361942029,-0.004008823177147993,-0.33021855670532185
GSE73115,donor_and_chromosome,0.1,13,492,26,0.005085628749192308,0.09305067228359584,0.0031498905508538953,-0.15917527645648608
GSE73115,donor_and_chromosome,0.1,18,492,26,0.0020392417343445403,0.028977230009593926,0.0007742376495538598,-0.15917527645648608
GSE73115,donor_and_chromosome,0.1,22,492,26,0.005033598905864525,0.0642861384508636,0.002518241409752813,-0.15917527645648608
GSE73115,donor_and_chromosome,0.1,27,492,26,-0.0007242084415785364,0.057563448547359806,0.00010067971351244637,-0.15917527645648608
GSE73115,donor_and_chromosome,0.1,31,492,26,0.004621475954414965,0.04593246597203655,0.002885023171481553,-0.15917527645648608
GSE73115,donor_and_chromosome,0.1,36,492,26,-0.001308352760598813,0.043457514497382235,-0.0003516935150929248,-0.15917527645648608
GSE73115,donor_and_chromosome,0.1,40,492,26,0.007754134926204747,0.10323330594788066,0.004221469403874743,-0.15917527645648608
GSE73115,donor_and_chromosome,0.1,45,492,26,0.004893467881288756,0.1271173909463281,0.00286525173751496,-0.15917527645648608
GSE73115,donor_and_chromosome,0.1,5,492,26,0.00320213712154166,0.06644711677576753,0.002059566985355108,-0.15917527645648608
GSE73115,donor_and_chromosome,0.1,54,492,26,0.002575161706722218,0.038292339284796355,0.0013124875703300139,-0.15917527645648608
GSE73115,donor_and_chromosome,0.1,59,492,26,0.0017914112426399265,0.04370996735289476,0.001243340135682719,-0.15917527645648608
GSE73115,donor_and_chromosome,0.1,63,492,26,0.0041494674613539615,0.12160353501012953,0.002410542944188874,-0.15917527645648608
GSE73115,donor_and_chromosome,0.1,68,492,26,0.003232534795252193,0.07895860429824537,0.0016921870248951558,-0.15917527645648608
GSE73115,donor_and_chromosome,0.1,72,492,26,0.0035845172861114173,0.11852059759811708,0.0021260307635200823,-0.15917527645648608
GSE73115,donor_and_chromosome,0.1,77,492,26,0.00807607509172744,0.14959898084949402,0.0046710888123226236,-0.15917527645648608
GSE73115,donor_and_chromosome,0.1,81,492,26,0.0029064831512989613,0.1572207359621292,0.0017420741561575894,-0.15917527645648608
GSE73115,donor_and_chromosome,0.1,86,492,26,-0.0004768776894245699,0.06239973382097161,-0.00000038806316110686943,-0.15917527645648608
GSE73115,donor_and_chromosome,0.001,13,445,20,0.000015208658916521608,-0.025503123626725348,0.000050452408052153696,-0.2261639758673987
GSE73115,donor_and_chromosome,0.001,18,445,20,-0.0025555630984516937,0.0046228908785490245,-0.001522954101044448,-0.2261639758673987
GSE73115,donor_and_chromosome,0.001,22,444,20,0.0024132611256159125,0.01791553053829865,0.0014593085840634555,-0.2261639758673987
GSE73115,donor_and_chromosome,0.001,27,444,20,0.0007435571871430231,0.06866654442969648,0.0004671200337641632,-0.2261639758673987
GSE73115,donor_and_chromosome,0.001,31,445,20,0.0033489210371879146,0.11224795477029362,0.0020216073194917077,-0.2261639758673987
GSE73115,donor_and_chromosome,0.001,36,445,20,-0.0015717771375658009,0.014068269976655329,-0.000955197236811007,-0.2261639758673987
GSE73115,donor_and_chromosome,0.001,40,444,20,-0.003582603903475241,-0.03931602008311881,-0.002186406220827654,-0.2261639758673987
GSE73115,donor_and_chromosome,0.001,45,445,20,0.0016533631550045517,0.08442828581298252,0.0010063785342795725,-0.2261639758673987
GSE73115,donor_and_chromosome,0.001,5,445,20,0.006296733044463308,0.08750947961233466,0.003813621540512587,-0.2261639758673987
GSE73115,donor_and_chromosome,0.001,54,445,20,0.0039022297350536543,-0.012919782797056223,0.0023104478092837756,-0.2261639758673987
GSE73115,donor_and_chromosome,0.001,59,445,20,0.004705345712739878,0.1979255241204932,0.002813334211771322,-0.2261639758673987
GSE73115,donor_and_chromosome,0.001,63,445,20,0.00000021561813967462873,0.0683798178044896,0.00003208412439640056,-0.2261639758673987
GSE73115,donor_and_chromosome,0.001,68,445,20,0.00395415863102838,0.11277709809577467,0.0024345080674040395,-0.2261639758673987
GSE73115,donor_and_chromosome,0.001,72,445,20,0.002310386461031046,0.05279008139014811,0.0014154846854254268,-0.2261639758673987
GSE73115,donor_and_chromosome,0.001,77,445,20,0.010690480540056072,0.15948715145813333,0.006467984758739703,-0.2261639758673987
GSE73115,donor_and_chromosome,0.001,81,445,20,0.00021615444228182583,0.06844815591147428,0.00007708553932277204,-0.2261639758673987
GSE73115,donor_and_chromosome,0.001,86,443,20,0.005913919531338036,0.0929372880075178,0.0036313262269288596,-0.2261639758673987
GSE73115,donor_and_chromosome,0.01,13,445,20,0.0013527119922015817,0.017885683804136583,0.0009648197384748463,-0.3093466520192624
GSE73115,donor_and_chromosome,0.01,18,445,20,-0.000886220605938282,0.06262987438804227,-0.00047972357420846077,-0.3093466520192624
GSE73115,donor_and_chromosome,0.01,22,444,20,0.00653071189646708,0.08307183905846352,0.0038220398033731377,-0.3093466520192624
GSE73115,donor_and_chromosome,0.01,27,444,20,0.0035615070051188366,0.15834545037185266,0.002149537706448283,-0.3093466520192624
GSE73115,donor_and_chromosome,0.01,31,445,20,0.007674180217996183,0.22169281841385757,0.004459192650636854,-0.3093466520192624
GSE73115,donor_and_chromosome,0.01,36,445,20,-0.0011336181970795418,0.07527227634527615,-0.0006097925425317071,-0.3093466520192624
GSE73115,donor_and_chromosome,0.01,40,444,20,-0.0016734228408696616,-0.001218214090650764,-0.0011174582781496353,-0.3093466520192624
GSE73115,donor_and_chromosome,0.01,45,445,20,0.0038115811088219836,0.17918757837271637,0.0023126726565160954,-0.3093466520192624
GSE73115,donor_and_chromosome,0.01,5,445,20,0.010365400269385826,0.18190868772336588,0.006155368424988096,-0.3093466520192624
GSE73115,donor_and_chromosome,0.01,54,445,20,0.0063299198091288575,0.0382079710891626,0.0035742419429078474,-0.3093466520192624
GSE73115,donor_and_chromosome,0.01,59,445,20,0.00960737802308576,0.34486234463844057,0.005470169066757087,-0.3093466520192624
GSE73115,donor_and_chromosome,0.01,63,445,20,0.002088504698002284,0.15618346600490657,0.0013782599035992616,-0.3093466520192624
GSE73115,donor_and_chromosome,0.01,68,445,20,0.009112258786397407,0.22254108729239208,0.005451335978661832,-0.3093466520192624
GSE73115,donor_and_chromosome,0.01,72,445,20,0.0052375077233218275,0.13183462937376003,0.0031121233173776277,-0.3093466520192624
GSE73115,donor_and_chromosome,0.01,77,445,20,0.01765327988422116,0.2881327651821432,0.010301562468521238,-0.3093466520192624
GSE73115,donor_and_chromosome,0.01,81,445,20,0.0005135171545317983,0.15603019746890306,0.00020651325226097832,-0.3093466520192624
GSE73115,donor_and_chromosome,0.01,86,443,20,0.009312000885314923,0.1917973284475169,0.005740345239796522,-0.3093466520192624
GSE73115,donor_and_chromosome,0.1,13,445,20,0.0026650636290501727,0.05253495662480938,0.0016943984600558968,-0.15513984114757304
GSE73115,donor_and_chromosome,0.1,18,445,20,0.0020696915280498445,0.07624515117875211,0.0011404584533042102,-0.15513984114757304
GSE73115,donor_and_chromosome,0.1,22,444,20,0.005799560996016748,0.08643206687704301,0.0032159910025347095,-0.15513984114757304
GSE73115,donor_and_chromosome,0.1,27,444,20,0.003912296907941937,0.12558887720015247,0.0022709341890606214,-0.15513984114757304
GSE73115,donor_and_chromosome,0.1,31,445,20,0.006524716789769488,0.15752586902433768,0.003587638247567066,-0.15513984114757304
GSE73115,donor_and_chromosome,0.1,36,445,20,0.001232721019478645,0.08073994328008127,0.0008420728563643035,-0.15513984114757304
GSE73115,donor_and_chromosome,0.1,40,444,20,0.001840321589655207,0.04101719610114176,0.0008045341584318304,-0.15513984114757304
GSE73115,donor_and_chromosome,0.1,45,445,20,0.0036284114143777775,0.13616591109680673,0.002190597206441262,-0.15513984114757304
GSE73115,donor_and_chromosome,0.1,5,445,20,0.00707814240678308,0.13432027029286614,0.00411699677579794,-0.15513984114757304
GSE73115,donor_and_chromosome,0.1,54,445,20,0.005303913659947352,0.06420078037409409,0.0028417416647247354,-0.15513984114757304
GSE73115,donor_and_chromosome,0.1,59,445,20,0.006969405027428727,0.2198261663795285,0.003730080103665541,-0.15513984114757304
GSE73115,donor_and_chromosome,0.1,63,445,20,0.0034210019597802387,0.12443003618718922,0.002111683305147845,-0.15513984114757304
GSE73115,donor_and_chromosome,0.1,68,445,20,0.007355509414062018,0.15927703624493492,0.004181669170438558,-0.15513984114757304
GSE73115,donor_and_chromosome,0.1,72,445,20,0.004813380002309689,0.11099169697875824,0.0027192074642531632,-0.15513984114757304
GSE73115,donor_and_chromosome,0.1,77,445,20,0.011202408853285453,0.1924431795604232,0.006165655789651667,-0.15513984114757304
GSE73115,donor_and_chromosome,0.1,81,445,20,0.001617363892583435,0.12448857667045674,0.0009412422343085938,-0.15513984114757304
GSE73115,donor_and_chromosome,0.1,86,443,20,0.0066696857902720135,0.14314951141420032,0.004098038380954842,-0.15513984114757304
GSE73115,donor_and_chromosome,0.001,13,224,14,-0.007396355501523156,-0.1255052660570152,-0.004433043644813919,-0.2566192936844796
GSE73115,donor_and_chromosome,0.001,18,224,14,0.008713596994247503,0.20502043588326505,0.005313693784524876,-0.2566192936844796
GSE73115,donor_and_chromosome,0.001,22,224,14,-0.003828192239280987,-0.05150262533049015,-0.002323642316771158,-0.2566192936844796
GSE73115,donor_and_chromosome,0.001,27,224,14,0.006067562182814949,0.18631297576410985,0.003595467511860273,-0.2566192936844796
GSE73115,donor_and_chromosome,0.001,31,224,14,0.003468571489301288,0.06404785694058036,0.0021654503242723028,-0.2566192936844796
GSE73115,donor_and_chromosome,0.001,36,224,14,0.009199500501979265,0.1386525762608288,0.005673578500832747,-0.2566192936844796
GSE73115,donor_and_chromosome,0.001,40,224,14,0.011376519414724106,0.12745299542244964,0.006852265007209724,-0.2566192936844796
GSE73115,donor_and_chromosome,0.001,45,224,14,-0.002067294226249245,-0.012640734751026355,-0.001147321934766004,-0.2566192936844796
GSE73115,donor_and_chromosome,0.001,5,224,14,0.004472892525972853,0.026350094724272598,0.0027019407256951536,-0.2566192936844796
GSE73115,donor_and_chromosome,0.001,54,224,14,0.011983067935401309,0.1422275161792153,0.007034613266329307,-0.2566192936844796
GSE73115,donor_and_chromosome,0.001,59,224,14,-0.0074415170114945075,-0.09261280938685187,-0.004433444316405047,-0.2566192936844796
GSE73115,donor_and_chromosome,0.001,63,224,14,0.002782312212655866,0.07689246270747893,0.001570301029197543,-0.2566192936844796
GSE73115,donor_and_chromosome,0.001,68,224,14,0.008477217189914983,0.1810749631258579,0.005137035451005556,-0.2566192936844796
GSE73115,donor_and_chromosome,0.001,72,224,14,-0.010154387206221874,-0.08711316174636478,-0.006040639665809989,-0.2566192936844796
GSE73115,donor_and_chromosome,0.001,77,224,14,-0.008508737909287826,-0.031084289406959228,-0.005172240592501757,-0.2566192936844796
GSE73115,donor_and_chromosome,0.001,81,224,14,-0.004003799875121059,0.03159205227372722,-0.002409132391819647,-0.2566192936844796
GSE73115,donor_and_chromosome,0.001,86,224,14,0.00006144783519775123,0.019289390714502395,0.00003447605584368637,-0.2566192936844796
GSE73115,donor_and_chromosome,0.01,13,224,14,-0.009283065050424236,-0.12278833557679013,-0.005229990635074495,-0.33808740306010937
GSE73115,donor_and_chromosome,0.01,18,224,14,0.015304993636946417,0.33843780632914594,0.009067799683076477,-0.33808740306010937
GSE73115,donor_and_chromosome,0.01,22,224,14,-0.0022619599288559414,-0.013286923961462931,-0.0013352902295001936,-0.33808740306010937
GSE73115,donor_and_chromosome,0.01,27,224,14,0.009586954317304571,0.3144055354687323,0.005466892593130384,-0.33808740306010937
GSE73115,donor_and_chromosome,0.01,31,224,14,0.006252423523125753,0.14632306232437103,0.003937026006829044,-0.33808740306010937
GSE73115,donor_and_chromosome,0.01,36,224,14,0.012906756921997168,0.24639986112917073,0.008073718579616302,-0.33808740306010937
GSE73115,donor_and_chromosome,0.01,40,224,14,0.017856880783014346,0.23235513558732962,0.010359070615990406,-0.33808740306010937
GSE73115,donor_and_chromosome,0.01,45,224,14,-0.0008266006746973677,0.03728610906537149,-0.00008746041013321907,-0.33808740306010937
GSE73115,donor_and_chromosome,0.01,5,224,14,0.00733783236985235,0.09785238983068834,0.004357226008894492,-0.33808740306010937
GSE73115,donor_and_chromosome,0.01,54,224,14,0.0181567925948203,0.25871015345650494,0.009900713204817417,-0.33808740306010937
GSE73115,donor_and_chromosome,0.01,59,224,14,-0.009527410740740344,-0.07277354349561656,-0.005234285119209521,-0.33808740306010937
GSE73115,donor_and_chromosome,0.01,63,224,14,0.005910214285871567,0.15781480497089864,0.003103893804182638,-0.33808740306010937
GSE73115,donor_and_chromosome,0.01,68,224,14,0.014229897078136215,0.3170508246491729,0.008376846769929596,-0.33808740306010937
GSE73115,donor_and_chromosome,0.01,72,224,14,-0.011969364936618864,-0.06609710716149315,-0.006651037589915115,-0.33808740306010937
GSE73115,donor_and_chromosome,0.01,77,224,14,-0.005617926427573373,0.009705656325129625,-0.0034628560527516722,-0.33808740306010937
GSE73115,donor_and_chromosome,0.01,81,224,14,-0.002585765277329912,0.10191172542106477,-0.0014288675214078918,-0.33808740306010937
GSE73115,donor_and_chromosome,0.01,86,224,14,0.001335151362448671,0.08518143753412918,0.0008504897267304946,-0.33808740306010937
GSE73115,donor_and_chromosome,0.1,13,224,14,-0.0017158589903486826,-0.015050335789132343,-0.0006830126158417121,-0.1584156795772471
GSE73115,donor_and_chromosome,0.1,18,224,14,0.011440237353082194,0.21044285252583972,0.006373632209890427,-0.1584156795772471
GSE73115,donor_and_chromosome,0.1,22,224,14,0.0022516701257409575,0.04078058613750272,0.0012389873704702996,-0.1584156795772471
GSE73115,donor_and_chromosome,0.1,27,224,14,0.008227975617534187,0.2008122379934764,0.004500828200600275,-0.1584156795772471
GSE73115,donor_and_chromosome,0.1,31,224,14,0.006870095983937646,0.11794537056459485,0.004058730288161605,-0.1584156795772471
GSE73115,donor_and_chromosome,0.1,36,224,14,0.009154308805635888,0.16632858379556711,0.005705849621635497,-0.1584156795772471
GSE73115,donor_and_chromosome,0.1,40,224,14,0.011942434216876343,0.1590915713483997,0.006502672874910217,-0.1584156795772471
GSE73115,donor_and_chromosome,0.1,45,224,14,0.002852677615767782,0.06210439384797937,0.002005687068918754,-0.1584156795772471
GSE73115,donor_and_chromosome,0.1,5,224,14,0.0067476668065929325,0.09696024144814443,0.003842723038551265,-0.1584156795772471
GSE73115,donor_and_chromosome,0.1,54,224,14,0.011859612223367464,0.1744434412185705,0.005880936913903141,-0.1584156795772471
GSE73115,donor_and_chromosome,0.1,59,224,14,-0.001076124219398679,0.011882123656966115,-0.000207490382094505,-0.1584156795772471
GSE73115,donor_and_chromosome,0.1,63,224,14,0.006106279559345076,0.1221244531980087,0.0030794930098325085,-0.1584156795772471
GSE73115,donor_and_chromosome,0.1,68,224,14,0.010686085598044582,0.2027333428272815,0.005971557418255023,-0.1584156795772471
GSE73115,donor_and_chromosome,0.1,72,224,14,-0.0020220884436603125,0.013503654259162149,-0.0008082146926677947,-0.1584156795772471
GSE73115,donor_and_chromosome,0.1,77,224,14,0.0009913826638781368,0.05145390018108133,0.0003772032251559782,-0.1584156795772471
GSE73115,donor_and_chromosome,0.1,81,224,14,0.0019234772749047793,0.09701972496891827,0.0011967969982767713,-0.1584156795772471
GSE73115,donor_and_chromosome,0.1,86,224,14,0.0038450282523842987,0.08692923252157182,0.002223786881741221,-0.1584156795772471
GSE73115,donor_and_chromosome,0.001,13,254,15,-0.006004401037888648,-0.047758335049744846,-0.0036409444002902178,-0.26812705471047704
GSE73115,donor_and_chromosome,0.001,18,254,15,0.0027102301201043432,0.03161304291752191,0.001576056642624456,-0.26812705471047704
GSE73115,donor_and_chromosome,0.001,22,254,15,0.0033232287141433826,0.025516026735554937,0.001889989801634877,-0.26812705471047704
GSE73115,donor_and_chromosome,0.001,27,254,15,0.011992787859595589,0.20835885102366686,0.007274274300959779,-0.26812705471047704
GSE73115,donor_and_chromosome,0.001,31,254,15,0.008072427731046264,0.01654755124796,0.004841244539156229,-0.26812705471047704
GSE73115,donor_and_chromosome,0.001,36,254,15,0.005647800992194038,0.10454761482283441,0.0033363214765970185,-0.26812705471047704
GSE73115,donor_and_chromosome,0.001,40,254,15,-0.011266602297228635,-0.10043712982424531,-0.006694961845632312,-0.26812705471047704
GSE73115,donor_and_chromosome,0.001,45,254,15,-0.002154025141668469,0.03498551697086025,-0.0011261180510364762,-0.26812705471047704
GSE73115,donor_and_chromosome,0.001,5,254,15,0.008435098555037159,0.11646402714133768,0.005141681694658791,-0.26812705471047704
GSE73115,donor_and_chromosome,0.001,54,254,15,-0.006902012149271868,-0.10629250199554438,-0.0042735897094028944,-0.26812705471047704
GSE73115,donor_and_chromosome,0.001,59,254,15,0.00021179641352852055,-0.019753416338099277,-0.000040004829789354774,-0.26812705471047704
GSE73115,donor_and_chromosome,0.001,63,253,15,-0.003220130323733355,-0.06498203688289524,-0.001898360411604029,-0.26812705471047704
GSE73115,donor_and_chromosome,0.001,68,254,15,0.004258190210139206,0.04899111826431136,0.0026872015444878578,-0.26812705471047704
GSE73115,donor_and_chromosome,0.001,72,254,15,0.0007809895685956437,0.005598665826324534,0.0005579704216598741,-0.26812705471047704
GSE73115,donor_and_chromosome,0.001,77,254,15,0.008883525174036205,0.14462720854519034,0.005466486370385558,-0.26812705471047704
GSE73115,donor_and_chromosome,0.001,81,254,15,-0.0031419612296894254,0.12568310928807855,-0.0020713420178126297,-0.26812705471047704
GSE73115,donor_and_chromosome,0.001,86,254,15,0.0013300775020257509,0.025148502062561272,0.0008664184748382912,-0.26812705471047704
GSE73115,donor_and_chromosome,0.01,13,254,15,-0.004514423085604416,-0.01644752089143207,-0.002586084277185055,-0.34317489970334997
GSE73115,donor_and_chromosome,0.01,18,254,15,0.00841387308938184,0.09096717920112028,0.00463784167562009,-0.34317489970334997
GSE73115,donor_and_chromosome,0.01,22,254,15,0.007082704844472109,0.0851537994524445,0.003792811222480849,-0.34317489970334997
GSE73115,donor_and_chromosome,0.01,27,254,15,0.018467364656748413,0.32860791313450655,0.01091285004131457,-0.34317489970334997
GSE73115,donor_and_chromosome,0.01,31,254,15,0.014556785218056683,0.0715308831248535,0.008434692025321221,-0.34317489970334997
GSE73115,donor_and_chromosome,0.01,36,254,15,0.008763117852686233,0.1926133428655561,0.005032422739878239,-0.34317489970334997
GSE73115,donor_and_chromosome,0.01,40,254,15,-0.010738850349355079,-0.08784292774057664,-0.0060968063431167015,-0.34317489970334997
GSE73115,donor_and_chromosome,0.01,45,254,15,-0.0003833185202619536,0.09563569419927316,0.0003970844793790927,-0.34317489970334997
GSE73115,donor_and_chromosome,0.01,5,254,15,0.015034092537416378,0.20850751822789285,0.008989770325875139,-0.34317489970334997
GSE73115,donor_and_chromosome,0.01,54,254,15,-0.006042230212401468,-0.09953426873144273,-0.003974393294907313,-0.34317489970334997
GSE73115,donor_and_chromosome,0.01,59,254,15,0.00133152330571894,0.0252112406183321,0.0003251350408771866,-0.34317489970334997
GSE73115,donor_and_chromosome,0.01,63,253,15,-0.0016188607153554003,-0.03682261872809916,-0.0007563080764954715,-0.34317489970334997
GSE73115,donor_and_chromosome,0.01,68,254,15,0.009987175803263417,0.11640292194255605,0.006107099597698437,-0.34317489970334997
GSE73115,donor_and_chromosome,0.01,72,254,15,0.004133611749347285,0.05993124679404014,0.002699054408254306,-0.34317489970334997
GSE73115,donor_and_chromosome,0.01,77,254,15,0.015931340468923038,0.24714542863436811,0.009629096128944437,-0.34317489970334997
GSE73115,donor_and_chromosome,0.01,81,254,15,-0.001249932849010711,0.2223348112563991,-0.00121259257924603,-0.34317489970334997
GSE73115,donor_and_chromosome,0.01,86,254,15,0.004599422622986687,0.08260710737723732,0.0030131060701217662,-0.34317489970334997
GSE73115,donor_and_chromosome,0.1,13,254,15,0.0012486917329427888,0.03934557443704994,0.0008086086102059368,-0.1616671421593982
GSE73115,donor_and_chromosome,0.1,18,254,15,0.008093709980087288,0.09434999492365834,0.004126634931794077,-0.1616671421593982
GSE73115,donor_and_chromosome,0.1,22,254,15,0.006835341223905026,0.09227056164961882,0.003420832376099354,-0.1616671421593982
GSE73115,donor_and_chromosome,0.1,27,254,15,0.011942766731861546,0.21274185854138214,0.006767128026537671,-0.1616671421593982
GSE73115,donor_and_chromosome,0.1,31,254,15,0.01006905443218278,0.08590932521854605,0.005548832006467009,-0.1616671421593982
GSE73115,donor_and_chromosome,0.1,36,254,15,0.00730136551634998,0.14533607734087708,0.00403447330588025,-0.1616671421593982
GSE73115,donor_and_chromosome,0.1,40,254,15,-0.0009001873219342118,0.004159147822569668,-0.0004605061400639605,-0.1616671421593982
GSE73115,donor_and_chromosome,0.1,45,254,15,0.003422018718038072,0.09673804536867976,0.0025307845076473043,-0.1616671421593982
GSE73115,donor_and_chromosome,0.1,5,254,15,0.0107818299630962,0.15173249394723995,0.006215733798115345,-0.1616671421593982
GSE73115,donor_and_chromosome,0.1,54,254,15,0.001526440106688798,-0.00027277587791673107,0.00020313602975203908,-0.1616671421593982
GSE73115,donor_and_chromosome,0.1,59,254,15,0.0039335164833350774,0.06484554310187582,0.001754729130188287,-0.1616671421593982
GSE73115,donor_and_chromosome,0.1,63,253,15,0.002643521481466684,0.03190369536975964,0.0016759433727482338,-0.1616671421593982
GSE73115,donor_and_chromosome,0.1,68,254,15,0.008685802211435256,0.10632178686666437,0.00500578133189155,-0.1616671421593982
GSE73115,donor_and_chromosome,0.1,72,254,15,0.005623800976660476,0.07999442322405967,0.003391570851882285,-0.1616671421593982
GSE73115,donor_and_chromosome,0.1,77,254,15,0.011702636759666308,0.17344819744125958,0.006746825734043629,-0.1616671421593982
GSE73115,donor_and_chromosome,0.1,81,254,15,0.0030848016894595865,0.15936843634035086,0.0012315170548186202,-0.1616671421593982
GSE73115,donor_and_chromosome,0.1,86,254,15,0.005379757137581085,0.09055352751354825,0.0033955756037651083,-0.1616671421593982
