dataset,cpg,held_out_donor,n,model,mean_log_predictive_density,rmse,status
GSE179847,cg00328711,HC1,40,constant_young,2.905117617267345,0.00838889050857756,exploratory_unadjusted_arrays
GSE179847,cg00328711,HC1,40,M1,2.9057166698105723,0.008360277622801804,exploratory_unadjusted_arrays
GSE179847,cg00328711,HC2,39,constant_young,2.891523256636152,0.009013821191362549,exploratory_unadjusted_arrays
GSE179847,cg00328711,HC2,39,M1,2.902490730294384,0.008513224626618977,exploratory_unadjusted_arrays
GSE179847,cg00328711,HC3,10,constant_young,2.8557738326729174,0.010480864069362062,exploratory_unadjusted_arrays
GSE179847,cg00328711,HC3,10,M1,2.8544794848225807,0.0105301467188598,exploratory_unadjusted_arrays
GSE179847,cg00328711,HC4,16,constant_young,2.933319062632848,0.006914645881930642,exploratory_unadjusted_arrays
GSE179847,cg00328711,HC4,16,M1,2.927120023322777,0.0072644035626165965,exploratory_unadjusted_arrays
GSE179847,cg00328711,HC5,7,constant_young,2.888000197757402,0.00916882869143366,exploratory_unadjusted_arrays
GSE179847,cg00328711,HC5,7,M1,2.8872815443771316,0.00920012729678635,exploratory_unadjusted_arrays
GSE179847,cg00328711,HC6,6,constant_young,2.8729673627363064,0.009802738780041693,exploratory_unadjusted_arrays
GSE179847,cg00328711,HC6,6,M1,2.8712509882061172,0.00987252689101856,exploratory_unadjusted_arrays
GSE179847,cg00328711,SURF1_1,7,constant_young,2.924545054672616,0.0074048318036729135,exploratory_unadjusted_arrays
GSE179847,cg00328711,SURF1_1,7,M1,2.924108918155039,0.0074283540070965385,exploratory_unadjusted_arrays
GSE179847,cg00328711,SURF1_2,8,constant_young,2.9328007193388337,0.006944566387306803,exploratory_unadjusted_arrays
GSE179847,cg00328711,SURF1_2,8,M1,2.934149061624027,0.006866464044874709,exploratory_unadjusted_arrays
GSE179847,cg00328711,SURF1_3,7,constant_young,2.8580491798649184,0.010393663160158868,exploratory_unadjusted_arrays
GSE179847,cg00328711,SURF1_3,7,M1,2.855828127406337,0.010478791717259643,exploratory_unadjusted_arrays
GSE179847,cg01809497,HC1,40,constant_young,2.7945848492239596,0.012601575234851035,exploratory_unadjusted_arrays
GSE179847,cg01809497,HC1,40,M1,2.8047382502475835,0.012275055094813673,exploratory_unadjusted_arrays
GSE179847,cg01809497,HC2,39,constant_young,2.785040097487596,0.012900988326043169,exploratory_unadjusted_arrays
GSE179847,cg01809497,HC2,39,M1,2.88087397721526,0.009474618515094494,exploratory_unadjusted_arrays
GSE179847,cg01809497,HC3,10,constant_young,2.7552886992409715,0.013792629132475113,exploratory_unadjusted_arrays
GSE179847,cg01809497,HC3,10,M1,2.836930675254848,0.0111768974932626,exploratory_unadjusted_arrays
GSE179847,cg01809497,HC4,16,constant_young,2.8581268751116276,0.010390672629309271,exploratory_unadjusted_arrays
GSE179847,cg01809497,HC4,16,M1,2.8761560180523684,0.009671750789639085,exploratory_unadjusted_arrays
GSE179847,cg01809497,HC5,7,constant_young,2.4769420848264647,0.020320283214502872,exploratory_unadjusted_arrays
GSE179847,cg01809497,HC5,7,M1,2.64487989804743,0.0166902264616402,exploratory_unadjusted_arrays
GSE179847,cg01809497,HC6,6,constant_young,2.8394631109411943,0.011085895950523048,exploratory_unadjusted_arrays
GSE179847,cg01809497,HC6,6,M1,2.884170339126977,0.009334415165247207,exploratory_unadjusted_arrays
GSE179847,cg01809497,SURF1_1,7,constant_young,2.695160145931012,0.01543824669559237,exploratory_unadjusted_arrays
GSE179847,cg01809497,SURF1_1,7,M1,2.9137558730102557,0.007966359229320165,exploratory_unadjusted_arrays
GSE179847,cg01809497,SURF1_2,8,constant_young,2.749093372847033,0.013971144530823248,exploratory_unadjusted_arrays
GSE179847,cg01809497,SURF1_2,8,M1,2.9356430392291397,0.006778875009576961,exploratory_unadjusted_arrays
GSE179847,cg01809497,SURF1_3,7,constant_young,2.551801336122543,0.018788999677490672,exploratory_unadjusted_arrays
GSE179847,cg01809497,SURF1_3,7,M1,2.8132522272759344,0.011994406861451356,exploratory_unadjusted_arrays
GSE179847,cg02838178,HC1,40,constant_young,1.0392225945542424,0.03701658532713848,exploratory_unadjusted_arrays
GSE179847,cg02838178,HC1,40,M1,1.0216302169954885,0.04495399386322742,exploratory_unadjusted_arrays
GSE179847,cg02838178,HC2,39,constant_young,0.9121637442151849,0.08886226270825649,exploratory_unadjusted_arrays
GSE179847,cg02838178,HC2,39,M1,0.884704170149464,0.09348539796541845,exploratory_unadjusted_arrays
GSE179847,cg02838178,HC3,10,constant_young,-10.863888940160672,0.26262894016097643,exploratory_unadjusted_arrays
GSE179847,cg02838178,HC3,10,M1,-9.832944770006476,0.25192234050213735,exploratory_unadjusted_arrays
GSE179847,cg02838178,HC4,16,constant_young,1.064599241908155,0.057758316278019285,exploratory_unadjusted_arrays
GSE179847,cg02838178,HC4,16,M1,1.0712320748339226,0.05598578802621268,exploratory_unadjusted_arrays
GSE179847,cg02838178,HC5,7,constant_young,1.0540691270119862,0.063540047778881,exploratory_unadjusted_arrays
GSE179847,cg02838178,HC5,7,M1,0.973698089226682,0.07998614298166745,exploratory_unadjusted_arrays
GSE179847,cg02838178,HC6,6,constant_young,1.1401807557615933,0.03870504038974254,exploratory_unadjusted_arrays
GSE179847,cg02838178,HC6,6,M1,1.126414434702274,0.04361996552323753,exploratory_unadjusted_arrays
GSE179847,cg02838178,SURF1_1,7,constant_young,1.0619021672119842,0.06407379647864643,exploratory_unadjusted_arrays
GSE179847,cg02838178,SURF1_1,7,M1,0.9711625812604472,0.08182875988181887,exploratory_unadjusted_arrays
GSE179847,cg02838178,SURF1_2,8,constant_young,0.9723969682017498,0.08037336886861614,exploratory_unadjusted_arrays
GSE179847,cg02838178,SURF1_2,8,M1,1.0125061903561123,0.07270017844760372,exploratory_unadjusted_arrays
GSE179847,cg02838178,SURF1_3,7,constant_young,1.1727958087721326,0.023881972582884842,exploratory_unadjusted_arrays
GSE179847,cg02838178,SURF1_3,7,M1,1.1751117501634243,0.022414881777384252,exploratory_unadjusted_arrays
GSE179847,cg09314524,HC1,40,constant_young,2.532800514496267,0.011898137235823749,exploratory_unadjusted_arrays
GSE179847,cg09314524,HC1,40,M1,2.550100628625135,0.010589934560376496,exploratory_unadjusted_arrays
GSE179847,cg09314524,HC2,39,constant_young,2.4641698712818747,0.016687490330143426,exploratory_unadjusted_arrays
GSE179847,cg09314524,HC2,39,M1,2.501142247772049,0.014758113520377448,exploratory_unadjusted_arrays
GSE179847,cg09314524,HC3,10,constant_young,2.5996853254032177,0.012467102666706458,exploratory_unadjusted_arrays
GSE179847,cg09314524,HC3,10,M1,2.604961623989028,0.012165233061160095,exploratory_unadjusted_arrays
GSE179847,cg09314524,HC4,16,constant_young,2.6198315414583813,0.009451625648346396,exploratory_unadjusted_arrays
GSE179847,cg09314524,HC4,16,M1,2.6205860668113514,0.00939164511239358,exploratory_unadjusted_arrays
GSE179847,cg09314524,HC5,7,constant_young,2.65657793690618,0.008506762337861453,exploratory_unadjusted_arrays
GSE179847,cg09314524,HC5,7,M1,2.6381475643922907,0.009922563688130834,exploratory_unadjusted_arrays
GSE179847,cg09314524,HC6,6,constant_young,2.672465729098216,0.00711517383784678,exploratory_unadjusted_arrays
GSE179847,cg09314524,HC6,6,M1,2.6478294470331,0.00924466553153032,exploratory_unadjusted_arrays
GSE179847,cg09314524,SURF1_1,7,constant_young,2.6773777710436657,0.006545753466219217,exploratory_unadjusted_arrays
GSE179847,cg09314524,SURF1_1,7,M1,2.6691952100042093,0.007377828587075025,exploratory_unadjusted_arrays
GSE179847,cg09314524,SURF1_2,8,constant_young,2.6484784203071716,0.010592494023318808,exploratory_unadjusted_arrays
GSE179847,cg09314524,SURF1_2,8,M1,2.6256964875728337,0.011956042935276212,exploratory_unadjusted_arrays
GSE179847,cg09314524,SURF1_3,7,constant_young,-1.9459199642588219,0.06285859964385013,exploratory_unadjusted_arrays
GSE179847,cg09314524,SURF1_3,7,M1,-1.6310561143187687,0.060821973572334806,exploratory_unadjusted_arrays
GSE179847,cg09333836,HC1,40,constant_young,2.8650231583255215,0.010121711866989767,exploratory_unadjusted_arrays
GSE179847,cg09333836,HC1,40,M1,2.8758993743150736,0.009682359130228503,exploratory_unadjusted_arrays
GSE179847,cg09333836,HC2,39,constant_young,2.803416662304349,0.012318045621578922,exploratory_unadjusted_arrays
GSE179847,cg09333836,HC2,39,M1,2.8113467282736337,0.012057785665696317,exploratory_unadjusted_arrays
GSE179847,cg09333836,HC3,10,constant_young,2.58127932993017,0.01815059541267565,exploratory_unadjusted_arrays
GSE179847,cg09333836,HC3,10,M1,2.6670504623692617,0.016150145754245355,exploratory_unadjusted_arrays
GSE179847,cg09333836,HC4,16,constant_young,0.3753418423375236,0.045762365584711195,exploratory_unadjusted_arrays
GSE179847,cg09333836,HC4,16,M1,0.45902427953705344,0.04502497256133685,exploratory_unadjusted_arrays
GSE179847,cg09333836,HC5,7,constant_young,2.786594982533015,0.012852688113868103,exploratory_unadjusted_arrays
GSE179847,cg09333836,HC5,7,M1,2.702365497487404,0.015250415725115672,exploratory_unadjusted_arrays
GSE179847,cg09333836,HC6,6,constant_young,2.8593243033025555,0.010344473651990923,exploratory_unadjusted_arrays
GSE179847,cg09333836,HC6,6,M1,2.7508307880482525,0.013921312701759713,exploratory_unadjusted_arrays
GSE179847,cg09333836,SURF1_1,7,constant_young,2.8929636525487754,0.00894967349905896,exploratory_unadjusted_arrays
GSE179847,cg09333836,SURF1_1,7,M1,2.79702133059141,0.012523997497031468,exploratory_unadjusted_arrays
GSE179847,cg09333836,SURF1_2,8,constant_young,2.9604980482888763,0.005105794663681405,exploratory_unadjusted_arrays
GSE179847,cg09333836,SURF1_2,8,M1,2.9414691561039215,0.006425904830888908,exploratory_unadjusted_arrays
GSE179847,cg09333836,SURF1_3,7,constant_young,2.8876680192211874,0.009183308902668393,exploratory_unadjusted_arrays
GSE179847,cg09333836,SURF1_3,7,M1,2.800055358727015,0.012426716814877777,exploratory_unadjusted_arrays
GSE179847,cg09959790,HC1,40,constant_young,0.13581674328401977,0.1780863525957305,exploratory_unadjusted_arrays
GSE179847,cg09959790,HC1,40,M1,0.6732267521648947,0.12341820247787079,exploratory_unadjusted_arrays
GSE179847,cg09959790,HC2,39,constant_young,0.1525139377104477,0.19331040769892885,exploratory_unadjusted_arrays
GSE179847,cg09959790,HC2,39,M1,0.7852897334550301,0.09205270765267443,exploratory_unadjusted_arrays
GSE179847,cg09959790,HC3,10,constant_young,-1.0443740712213079,0.29687028494289375,exploratory_unadjusted_arrays
GSE179847,cg09959790,HC3,10,M1,0.7537525905338909,0.1029445242703046,exploratory_unadjusted_arrays
GSE179847,cg09959790,HC4,16,constant_young,0.3592026218306879,0.16667353037270363,exploratory_unadjusted_arrays
GSE179847,cg09959790,HC4,16,M1,0.8871520297361418,0.06589059332855784,exploratory_unadjusted_arrays
GSE179847,cg09959790,HC5,7,constant_young,-1.9148960423426575,0.3235235580423227,exploratory_unadjusted_arrays
GSE179847,cg09959790,HC5,7,M1,0.4930640900873754,0.14605682149311308,exploratory_unadjusted_arrays
GSE179847,cg09959790,HC6,6,constant_young,-1.3378264254697398,0.29921558136088544,exploratory_unadjusted_arrays
GSE179847,cg09959790,HC6,6,M1,0.39689261573945367,0.15858480590235163,exploratory_unadjusted_arrays
GSE179847,cg09959790,SURF1_1,7,constant_young,0.8162450320314952,0.08911481616254552,exploratory_unadjusted_arrays
GSE179847,cg09959790,SURF1_1,7,M1,0.20679205831066794,0.1847876931190649,exploratory_unadjusted_arrays
GSE179847,cg09959790,SURF1_2,8,constant_young,-0.41462316158148105,0.24469980421124193,exploratory_unadjusted_arrays
GSE179847,cg09959790,SURF1_2,8,M1,0.9728027607020591,0.04133727684462172,exploratory_unadjusted_arrays
GSE179847,cg09959790,SURF1_3,7,constant_young,0.08732637844304388,0.19270727740265614,exploratory_unadjusted_arrays
GSE179847,cg09959790,SURF1_3,7,M1,0.9225675360029396,0.07260620678871657,exploratory_unadjusted_arrays
GSE179847,cg10036368,HC1,40,constant_young,1.450687443526482,0.05313920047981532,exploratory_unadjusted_arrays
GSE179847,cg10036368,HC1,40,M1,1.5166500894681076,0.05090297298342287,exploratory_unadjusted_arrays
GSE179847,cg10036368,HC2,39,constant_young,1.3835685818710768,0.05852695073377042,exploratory_unadjusted_arrays
GSE179847,cg10036368,HC2,39,M1,1.3441170035670493,0.06012289399043895,exploratory_unadjusted_arrays
GSE179847,cg10036368,HC3,10,constant_young,1.552620262925793,0.05062871779796964,exploratory_unadjusted_arrays
GSE179847,cg10036368,HC3,10,M1,1.5382952622338608,0.051214032027169426,exploratory_unadjusted_arrays
GSE179847,cg10036368,HC4,16,constant_young,1.5070903096412633,0.04922377336296073,exploratory_unadjusted_arrays
GSE179847,cg10036368,HC4,16,M1,1.5859111738329252,0.04689051811233753,exploratory_unadjusted_arrays
GSE179847,cg10036368,HC5,7,constant_young,1.2413490990644644,0.06200636888048563,exploratory_unadjusted_arrays
GSE179847,cg10036368,HC5,7,M1,1.2295224632194606,0.06239891326476321,exploratory_unadjusted_arrays
GSE179847,cg10036368,HC6,6,constant_young,1.8256914826265096,0.038045573296975235,exploratory_unadjusted_arrays
GSE179847,cg10036368,HC6,6,M1,1.7990696357743907,0.039428070462069705,exploratory_unadjusted_arrays
GSE179847,cg10036368,SURF1_1,7,constant_young,1.868023334030521,0.03548651337243867,exploratory_unadjusted_arrays
GSE179847,cg10036368,SURF1_1,7,M1,1.9149021699182722,0.03265336195392328,exploratory_unadjusted_arrays
GSE179847,cg10036368,SURF1_2,8,constant_young,1.8961722651702813,0.034271618167280915,exploratory_unadjusted_arrays
GSE179847,cg10036368,SURF1_2,8,M1,1.8957495442030468,0.03429610556207538,exploratory_unadjusted_arrays
GSE179847,cg10036368,SURF1_3,7,constant_young,1.816311685695014,0.038009620635185086,exploratory_unadjusted_arrays
GSE179847,cg10036368,SURF1_3,7,M1,1.7546132140546837,0.04135079485174209,exploratory_unadjusted_arrays
GSE179847,cg10662172,HC1,40,constant_young,2.3021256528213616,0.0229737338153386,exploratory_unadjusted_arrays
GSE179847,cg10662172,HC1,40,M1,1.6866856198213285,0.0399228763454225,exploratory_unadjusted_arrays
GSE179847,cg10662172,HC2,39,constant_young,2.105972316559584,0.026905672261039806,exploratory_unadjusted_arrays
GSE179847,cg10662172,HC2,39,M1,1.7206240716622205,0.03235419802067769,exploratory_unadjusted_arrays
GSE179847,cg10662172,HC3,10,constant_young,-6.454992202118054,0.11493576772404471,exploratory_unadjusted_arrays
GSE179847,cg10662172,HC3,10,M1,-6.815981370747075,0.11718033861795643,exploratory_unadjusted_arrays
GSE179847,cg10662172,HC4,16,constant_young,2.167447035751165,0.027693384124722536,exploratory_unadjusted_arrays
GSE179847,cg10662172,HC4,16,M1,1.7835475000840495,0.03661158648782712,exploratory_unadjusted_arrays
GSE179847,cg10662172,HC5,7,constant_young,2.082202329966973,0.029449264220931616,exploratory_unadjusted_arrays
GSE179847,cg10662172,HC5,7,M1,1.3896636102290874,0.04197881322123512,exploratory_unadjusted_arrays
GSE179847,cg10662172,HC6,6,constant_young,2.6195266315757118,0.011306158151361491,exploratory_unadjusted_arrays
GSE179847,cg10662172,HC6,6,M1,2.5712004591553184,0.01399611654237618,exploratory_unadjusted_arrays
GSE179847,cg10662172,SURF1_1,7,constant_young,-1.7180860505550506,0.0800131051259467,exploratory_unadjusted_arrays
GSE179847,cg10662172,SURF1_1,7,M1,-1.1788969743117634,0.0749665838818093,exploratory_unadjusted_arrays
GSE179847,cg10662172,SURF1_2,8,constant_young,2.4204687300225998,0.020504553093665077,exploratory_unadjusted_arrays
GSE179847,cg10662172,SURF1_2,8,M1,2.0457364306711954,0.030416050143344035,exploratory_unadjusted_arrays
GSE179847,cg10662172,SURF1_3,7,constant_young,1.3255717220603283,0.04191058061317296,exploratory_unadjusted_arrays
GSE179847,cg10662172,SURF1_3,7,M1,0.5878499484840825,0.0513888645132431,exploratory_unadjusted_arrays
GSE179847,cg12712730,HC1,40,constant_young,0.14169404687166337,0.2073518174201219,exploratory_unadjusted_arrays
GSE179847,cg12712730,HC1,40,M1,0.4153504912155615,0.15510884191383362,exploratory_unadjusted_arrays
GSE179847,cg12712730,HC2,39,constant_young,-0.8550153259780444,0.2939153755579063,exploratory_unadjusted_arrays
GSE179847,cg12712730,HC2,39,M1,-0.6425307369353661,0.27603714223551173,exploratory_unadjusted_arrays
GSE179847,cg12712730,HC3,10,constant_young,0.38468919385672495,0.16146094466414893,exploratory_unadjusted_arrays
GSE179847,cg12712730,HC3,10,M1,0.49612581584076504,0.13512867653846192,exploratory_unadjusted_arrays
GSE179847,cg12712730,HC4,16,constant_young,0.3813679162512677,0.16136345701439572,exploratory_unadjusted_arrays
GSE179847,cg12712730,HC4,16,M1,0.4816070914167928,0.13715705502641515,exploratory_unadjusted_arrays
GSE179847,cg12712730,HC5,7,constant_young,0.5465134255017955,0.11757774003526412,exploratory_unadjusted_arrays
GSE179847,cg12712730,HC5,7,M1,0.5962252383598469,0.10095036406012135,exploratory_unadjusted_arrays
GSE179847,cg12712730,HC6,6,constant_young,-0.08840245797671521,0.23991409575483125,exploratory_unadjusted_arrays
GSE179847,cg12712730,HC6,6,M1,-0.2424859260939083,0.2600918560135676,exploratory_unadjusted_arrays
GSE179847,cg12712730,SURF1_1,7,constant_young,0.377571865518133,0.16322902436485717,exploratory_unadjusted_arrays
GSE179847,cg12712730,SURF1_1,7,M1,0.4799344313531006,0.13976668353223662,exploratory_unadjusted_arrays
GSE179847,cg12712730,SURF1_2,8,constant_young,0.3674021029631925,0.1651361633909229,exploratory_unadjusted_arrays
GSE179847,cg12712730,SURF1_2,8,M1,0.4665413188405744,0.14251983659062598,exploratory_unadjusted_arrays
GSE179847,cg12712730,SURF1_3,7,constant_young,-0.3105144993196093,0.2677276840744724,exploratory_unadjusted_arrays
GSE179847,cg12712730,SURF1_3,7,M1,-0.6118270727370262,0.301986325835578,exploratory_unadjusted_arrays
GSE179847,cg14817997,HC1,40,constant_young,1.6831877429819104,0.04404003953383135,exploratory_unadjusted_arrays
GSE179847,cg14817997,HC1,40,M1,1.6430517336496588,0.04636679410236939,exploratory_unadjusted_arrays
GSE179847,cg14817997,HC2,39,constant_young,1.7966510472321853,0.03465905268672456,exploratory_unadjusted_arrays
GSE179847,cg14817997,HC2,39,M1,1.6171997183141222,0.04730622640619788,exploratory_unadjusted_arrays
GSE179847,cg14817997,HC3,10,constant_young,1.193018671466568,0.066389297029929,exploratory_unadjusted_arrays
GSE179847,cg14817997,HC3,10,M1,1.472444926731184,0.05494206088059142,exploratory_unadjusted_arrays
GSE179847,cg14817997,HC4,16,constant_young,-8.019827417650395,0.12501668767809543,exploratory_unadjusted_arrays
GSE179847,cg14817997,HC4,16,M1,-5.383821904131541,0.10855100675466892,exploratory_unadjusted_arrays
GSE179847,cg14817997,HC5,7,constant_young,1.875333320891065,0.032985432949938547,exploratory_unadjusted_arrays
GSE179847,cg14817997,HC5,7,M1,1.506111005073858,0.053190272200692335,exploratory_unadjusted_arrays
GSE179847,cg14817997,HC6,6,constant_young,1.7503632207212467,0.0406857670685643,exploratory_unadjusted_arrays
GSE179847,cg14817997,HC6,6,M1,1.3417520916808925,0.060344996107165566,exploratory_unadjusted_arrays
GSE179847,cg14817997,SURF1_1,7,constant_young,1.0373457175135834,0.0722206824122191,exploratory_unadjusted_arrays
GSE179847,cg14817997,SURF1_1,7,M1,1.324049815516668,0.061419836530497984,exploratory_unadjusted_arrays
GSE179847,cg14817997,SURF1_2,8,constant_young,1.3426972913167128,0.060667072187901364,exploratory_unadjusted_arrays
GSE179847,cg14817997,SURF1_2,8,M1,1.445971326578905,0.056210905187529435,exploratory_unadjusted_arrays
GSE179847,cg14817997,SURF1_3,7,constant_young,1.9740557243738777,0.022324688925868235,exploratory_unadjusted_arrays
GSE179847,cg14817997,SURF1_3,7,M1,1.856790612820076,0.033003204181055616,exploratory_unadjusted_arrays
GSE179847,cg14879397,HC1,40,constant_young,-0.6820058320569791,0.22443923751048617,exploratory_unadjusted_arrays
GSE179847,cg14879397,HC1,40,M1,-1.500917760030272,0.2677844454125052,exploratory_unadjusted_arrays
GSE179847,cg14879397,HC2,39,constant_young,0.7926823720591805,0.10392365315629988,exploratory_unadjusted_arrays
GSE179847,cg14879397,HC2,39,M1,0.43382088303248423,0.15339157178679066,exploratory_unadjusted_arrays
GSE179847,cg14879397,HC3,10,constant_young,-0.5692375648359612,0.22020142258837072,exploratory_unadjusted_arrays
GSE179847,cg14879397,HC3,10,M1,0.33228163843554687,0.15581226449637048,exploratory_unadjusted_arrays
GSE179847,cg14879397,HC4,16,constant_young,1.012568473716984,0.052999031521700886,exploratory_unadjusted_arrays
GSE179847,cg14879397,HC4,16,M1,0.9672063414360184,0.06662345898311017,exploratory_unadjusted_arrays
GSE179847,cg14879397,HC5,7,constant_young,0.026095055211270646,0.18338779807001143,exploratory_unadjusted_arrays
GSE179847,cg14879397,HC5,7,M1,-0.4157120348633016,0.21497599159571232,exploratory_unadjusted_arrays
GSE179847,cg14879397,HC6,6,constant_young,-0.514375269131386,0.2192989939800006,exploratory_unadjusted_arrays
GSE179847,cg14879397,HC6,6,M1,0.29376446831783,0.1602759873352534,exploratory_unadjusted_arrays
GSE179847,cg14879397,SURF1_1,7,constant_young,0.20076988955319688,0.17424609958005163,exploratory_unadjusted_arrays
GSE179847,cg14879397,SURF1_1,7,M1,0.7608937446700603,0.11135772719810685,exploratory_unadjusted_arrays
GSE179847,cg14879397,SURF1_2,8,constant_young,0.6060015362629797,0.13184839700306386,exploratory_unadjusted_arrays
GSE179847,cg14879397,SURF1_2,8,M1,0.9887945150712835,0.07030508599916954,exploratory_unadjusted_arrays
GSE179847,cg14879397,SURF1_3,7,constant_young,0.6981581229494161,0.11991077689165877,exploratory_unadjusted_arrays
GSE179847,cg14879397,SURF1_3,7,M1,1.0531542261118483,0.0527159504396512,exploratory_unadjusted_arrays
GSE179847,cg21148642,HC1,40,constant_young,1.3853087628600722,0.06051012967752436,exploratory_unadjusted_arrays
GSE179847,cg21148642,HC1,40,M1,1.2025585333694768,0.0702245876553039,exploratory_unadjusted_arrays
GSE179847,cg21148642,HC2,39,constant_young,1.6159442193933298,0.04525114112524585,exploratory_unadjusted_arrays
GSE179847,cg21148642,HC2,39,M1,1.6582528888314318,0.04184945671203076,exploratory_unadjusted_arrays
GSE179847,cg21148642,HC3,10,constant_young,-0.14089407814705548,0.11208499385072991,exploratory_unadjusted_arrays
GSE179847,cg21148642,HC3,10,M1,-0.8896078909542109,0.13025103649540395,exploratory_unadjusted_arrays
GSE179847,cg21148642,HC4,16,constant_young,-0.25577285446062803,0.0996031848206839,exploratory_unadjusted_arrays
GSE179847,cg21148642,HC4,16,M1,-0.3970768854215041,0.10245252194592415,exploratory_unadjusted_arrays
GSE179847,cg21148642,HC5,7,constant_young,0.10294199266114977,0.10580671523610617,exploratory_unadjusted_arrays
GSE179847,cg21148642,HC5,7,M1,-0.15751711805570137,0.11286636399601663,exploratory_unadjusted_arrays
GSE179847,cg21148642,HC6,6,constant_young,-0.5730807070081626,0.11814677173995415,exploratory_unadjusted_arrays
GSE179847,cg21148642,HC6,6,M1,-0.9279946846116612,0.1259016106381398,exploratory_unadjusted_arrays
GSE179847,cg21148642,SURF1_1,7,constant_young,-4.408635932069035,0.17578456902806225,exploratory_unadjusted_arrays
GSE179847,cg21148642,SURF1_1,7,M1,-5.863691036446755,0.1944353227718585,exploratory_unadjusted_arrays
GSE179847,cg21148642,SURF1_2,8,constant_young,1.5797472778565556,0.049693692990644,exploratory_unadjusted_arrays
GSE179847,cg21148642,SURF1_2,8,M1,1.536252184356846,0.0520624629328476,exploratory_unadjusted_arrays
GSE179847,cg21148642,SURF1_3,7,constant_young,1.2646256383005776,0.06338040045394275,exploratory_unadjusted_arrays
GSE179847,cg21148642,SURF1_3,7,M1,1.252016624432614,0.06386228008058281,exploratory_unadjusted_arrays
GSE179847,cg22045604,HC1,40,constant_young,0.703284131947006,0.11140217899913861,exploratory_unadjusted_arrays
GSE179847,cg22045604,HC1,40,M1,0.3074988033714245,0.1356669565645918,exploratory_unadjusted_arrays
GSE179847,cg22045604,HC2,39,constant_young,0.9380924138579846,0.09366476058847233,exploratory_unadjusted_arrays
GSE179847,cg22045604,HC2,39,M1,0.6962606371237683,0.11062451392752229,exploratory_unadjusted_arrays
GSE179847,cg22045604,HC3,10,constant_young,0.8604003925127373,0.09961451637078257,exploratory_unadjusted_arrays
GSE179847,cg22045604,HC3,10,M1,1.2135406976573166,0.06923771030469711,exploratory_unadjusted_arrays
GSE179847,cg22045604,HC4,16,constant_young,0.43503393298430726,0.1271218511473639,exploratory_unadjusted_arrays
GSE179847,cg22045604,HC4,16,M1,0.9031090408431706,0.09652020700385205,exploratory_unadjusted_arrays
GSE179847,cg22045604,HC5,7,constant_young,1.2379162650015394,0.06438212054226942,exploratory_unadjusted_arrays
GSE179847,cg22045604,HC5,7,M1,1.4161394231462079,0.036254256882915004,exploratory_unadjusted_arrays
GSE179847,cg22045604,HC6,6,constant_young,0.317858283758999,0.13224979962661357,exploratory_unadjusted_arrays
GSE179847,cg22045604,HC6,6,M1,0.66842457299646,0.11201769771507022,exploratory_unadjusted_arrays
GSE179847,cg22045604,SURF1_1,7,constant_young,1.3863071269235445,0.03989035873090139,exploratory_unadjusted_arrays
GSE179847,cg22045604,SURF1_1,7,M1,1.4474038061506298,0.024298217283404335,exploratory_unadjusted_arrays
GSE179847,cg22045604,SURF1_2,8,constant_young,1.3235735073033186,0.051186093442973826,exploratory_unadjusted_arrays
GSE179847,cg22045604,SURF1_2,8,M1,1.4211070449933743,0.031978448392903994,exploratory_unadjusted_arrays
GSE179847,cg22045604,SURF1_3,7,constant_young,0.7271082781891854,0.10841768738946608,exploratory_unadjusted_arrays
GSE179847,cg22045604,SURF1_3,7,M1,1.079063693399721,0.08219955881367193,exploratory_unadjusted_arrays
GSE179847,cg24731652,HC1,40,constant_young,2.9384934653230226,0.006608540347184162,exploratory_unadjusted_arrays
GSE179847,cg24731652,HC1,40,M1,-2.576206215366772,0.06674902658520344,exploratory_unadjusted_arrays
GSE179847,cg24731652,HC2,39,constant_young,2.9431236859190664,0.006322074742007217,exploratory_unadjusted_arrays
GSE179847,cg24731652,HC2,39,M1,-0.6313753276785125,0.05384763541625193,exploratory_unadjusted_arrays
GSE179847,cg24731652,HC3,10,constant_young,-61.58787553123831,0.2272988517409831,exploratory_unadjusted_arrays
GSE179847,cg24731652,HC3,10,M1,-49.268244459241494,0.20447264644732308,exploratory_unadjusted_arrays
GSE179847,cg24731652,HC4,16,constant_young,2.9596200217580066,0.005174124116444501,exploratory_unadjusted_arrays
GSE179847,cg24731652,HC4,16,M1,1.433066720536496,0.035327244463014405,exploratory_unadjusted_arrays
GSE179847,cg24731652,HC5,7,constant_young,-23.304568713434804,0.14504524310892317,exploratory_unadjusted_arrays
GSE179847,cg24731652,HC5,7,M1,-12.747084987328359,0.11221468516928373,exploratory_unadjusted_arrays
GSE179847,cg24731652,HC6,6,constant_young,2.9693219639999175,0.004360046625764983,exploratory_unadjusted_arrays
GSE179847,cg24731652,HC6,6,M1,1.6029816879004006,0.0333478968970827,exploratory_unadjusted_arrays
GSE179847,cg24731652,SURF1_1,7,constant_young,2.9669732260502752,0.004570448220750145,exploratory_unadjusted_arrays
GSE179847,cg24731652,SURF1_1,7,M1,-1.0721295211160684,0.0570278107125956,exploratory_unadjusted_arrays
GSE179847,cg24731652,SURF1_2,8,constant_young,2.952219840183521,0.005717666100076314,exploratory_unadjusted_arrays
GSE179847,cg24731652,SURF1_2,8,M1,-1.5652206944398475,0.06038745013105502,exploratory_unadjusted_arrays
GSE179847,cg24731652,SURF1_3,7,constant_young,2.937827899382704,0.006648703503136226,exploratory_unadjusted_arrays
GSE179847,cg24731652,SURF1_3,7,M1,0.47529819186732913,0.04488016292622962,exploratory_unadjusted_arrays
GSE73115,cg00050873,11,2,constant_young,1.4718217300517678,0.028303019482828394,exploratory_unadjusted_arrays
GSE73115,cg00050873,11,2,M1,1.470040775296333,0.028773439682430606,exploratory_unadjusted_arrays
GSE73115,cg00050873,12,2,constant_young,1.4909960311996233,0.022197787688086053,exploratory_unadjusted_arrays
GSE73115,cg00050873,12,2,M1,1.4888938945194026,0.02290241383402166,exploratory_unadjusted_arrays
GSE73115,cg00050873,17,2,constant_young,1.521577965122186,0.003476965888029802,exploratory_unadjusted_arrays
GSE73115,cg00050873,17,2,M1,1.5217779222016432,0.003009836146913978,exploratory_unadjusted_arrays
GSE73115,cg00050873,18,2,constant_young,1.5197853763752402,0.00648184216800137,exploratory_unadjusted_arrays
GSE73115,cg00050873,18,2,M1,1.5196482390260373,0.006640159323448548,exploratory_unadjusted_arrays
GSE73115,cg00050873,19,2,constant_young,1.374755521479468,0.04759920305660907,exploratory_unadjusted_arrays
GSE73115,cg00050873,19,2,M1,1.3651217932683009,0.04910080852875762,exploratory_unadjusted_arrays
GSE73115,cg00050873,20,2,constant_young,1.4583988270387742,0.031733017033232426,exploratory_unadjusted_arrays
GSE73115,cg00050873,20,2,M1,1.4558874581837649,0.032323760484609804,exploratory_unadjusted_arrays
GSE73115,cg00050873,29,2,constant_young,1.4924813880539491,0.021597597396438507,exploratory_unadjusted_arrays
GSE73115,cg00050873,29,2,M1,1.4900481346148817,0.02243346793684422,exploratory_unadjusted_arrays
GSE73115,cg00050873,30,2,constant_young,1.48626779209026,0.02375444691431874,exploratory_unadjusted_arrays
GSE73115,cg00050873,30,2,M1,1.48369423197403,0.024559701045701262,exploratory_unadjusted_arrays
GSE73115,cg00050873,31,2,constant_young,1.4119392001906794,0.04159705962276072,exploratory_unadjusted_arrays
GSE73115,cg00050873,31,2,M1,1.408632577265303,0.042189332044772265,exploratory_unadjusted_arrays
GSE73115,cg00050873,32,2,constant_young,1.499561950998963,0.01879224814168364,exploratory_unadjusted_arrays
GSE73115,cg00050873,32,2,M1,1.4970502893254891,0.019778057670332912,exploratory_unadjusted_arrays
GSE73115,cg00050873,5,2,constant_young,1.5141520194970404,0.01159904442961589,exploratory_unadjusted_arrays
GSE73115,cg00050873,5,2,M1,1.5140224132740863,0.01168329098081978,exploratory_unadjusted_arrays
GSE73115,cg00050873,57,2,constant_young,1.3760381482167134,0.047410115429582976,exploratory_unadjusted_arrays
GSE73115,cg00050873,57,2,M1,1.366753684351004,0.048863317647188396,exploratory_unadjusted_arrays
GSE73115,cg00050873,58,2,constant_young,1.401732050496988,0.04346423787801852,exploratory_unadjusted_arrays
GSE73115,cg00050873,58,2,M1,1.3983582551116807,0.04404227053127813,exploratory_unadjusted_arrays
GSE73115,cg00050873,6,2,constant_young,1.4918561375994117,0.021976265196899738,exploratory_unadjusted_arrays
GSE73115,cg00050873,6,2,M1,1.4902215536074759,0.022531214195303236,exploratory_unadjusted_arrays
GSE73115,cg00050873,61,2,constant_young,1.4555611715776107,0.0325755854907659,exploratory_unadjusted_arrays
GSE73115,cg00050873,61,2,M1,1.453994742669996,0.03293523901923112,exploratory_unadjusted_arrays
GSE73115,cg00050873,62,2,constant_young,1.295656011971684,0.059123256663347085,exploratory_unadjusted_arrays
GSE73115,cg00050873,62,2,M1,1.2876908991558198,0.06012068459628255,exploratory_unadjusted_arrays
GSE73115,cg00050873,64,1,constant_young,-18.61421001101115,0.34326914326486135,exploratory_unadjusted_arrays
GSE73115,cg00050873,64,1,M1,-20.196654719433997,0.35619481362279715,exploratory_unadjusted_arrays
GSE73115,cg00050873,7,2,constant_young,1.462465260076978,0.03044287140118957,exploratory_unadjusted_arrays
GSE73115,cg00050873,7,2,M1,1.4579794370436883,0.03153655817393669,exploratory_unadjusted_arrays
GSE73115,cg00050873,75,2,constant_young,1.496544699464191,0.019922653135001665,exploratory_unadjusted_arrays
GSE73115,cg00050873,75,2,M1,1.4933793694909085,0.021091312746400498,exploratory_unadjusted_arrays
GSE73115,cg00050873,76,2,constant_young,1.504455534640726,0.016870694173953767,exploratory_unadjusted_arrays
GSE73115,cg00050873,76,2,M1,1.5032729980812538,0.01739277423880518,exploratory_unadjusted_arrays
GSE73115,cg00050873,77,2,constant_young,1.5084642801672508,0.01479807673693714,exploratory_unadjusted_arrays
GSE73115,cg00050873,77,2,M1,1.5071330651348398,0.015463961926152138,exploratory_unadjusted_arrays
GSE73115,cg00050873,78,2,constant_young,1.4608791429252075,0.030984956057526557,exploratory_unadjusted_arrays
GSE73115,cg00050873,78,2,M1,1.4574782486995328,0.031802301284855665,exploratory_unadjusted_arrays
GSE73115,cg00050873,79,2,constant_young,1.5070646674655275,0.015498094089647972,exploratory_unadjusted_arrays
GSE73115,cg00050873,79,2,M1,1.5055535477071418,0.016219284025792514,exploratory_unadjusted_arrays
GSE73115,cg00050873,8,2,constant_young,1.5012740862393041,0.01829243148874937,exploratory_unadjusted_arrays
GSE73115,cg00050873,8,2,M1,1.4999470190495452,0.01883301516365188,exploratory_unadjusted_arrays
GSE73115,cg00050873,80,2,constant_young,1.4760729049339862,0.026756981151962452,exploratory_unadjusted_arrays
GSE73115,cg00050873,80,2,M1,1.4721541059277987,0.02784239211391512,exploratory_unadjusted_arrays
GSE73115,cg00050873,81,1,constant_young,-4.231848500737802,0.24709313192190385,exploratory_unadjusted_arrays
GSE73115,cg00050873,81,1,M1,-4.231848500737802,0.24709313192190385,exploratory_unadjusted_arrays
GSE73115,cg00238318,1,2,constant_young,2.945254767629309,0.00618577106554485,exploratory_unadjusted_arrays
GSE73115,cg00238318,1,2,M1,2.944231030197745,0.006251620079673937,exploratory_unadjusted_arrays
GSE73115,cg00238318,10,2,constant_young,2.982966411408245,0.0028450744545938556,exploratory_unadjusted_arrays
GSE73115,cg00238318,10,2,M1,2.9818963084053385,0.002991743814986168,exploratory_unadjusted_arrays
GSE73115,cg00238318,11,2,constant_young,2.939825893469573,0.00652739327780397,exploratory_unadjusted_arrays
GSE73115,cg00238318,11,2,M1,2.937037513106657,0.006696085968194638,exploratory_unadjusted_arrays
GSE73115,cg00238318,12,2,constant_young,2.9262061898807543,0.00731454891802462,exploratory_unadjusted_arrays
GSE73115,cg00238318,12,2,M1,2.929157610250902,0.007151327819227502,exploratory_unadjusted_arrays
GSE73115,cg00238318,13,2,constant_young,2.888334016831744,0.009154253891682455,exploratory_unadjusted_arrays
GSE73115,cg00238318,13,2,M1,2.8806779927469064,0.009482888989187489,exploratory_unadjusted_arrays
GSE73115,cg00238318,14,2,constant_young,2.9912968723950124,0.0011958594661451063,exploratory_unadjusted_arrays
GSE73115,cg00238318,14,2,M1,2.9905212638040464,0.001431980005286857,exploratory_unadjusted_arrays
GSE73115,cg00238318,15,2,constant_young,2.8074431593856204,0.01218659305426592,exploratory_unadjusted_arrays
GSE73115,cg00238318,15,2,M1,2.799402099623282,0.012447726622968266,exploratory_unadjusted_arrays
GSE73115,cg00238318,16,2,constant_young,2.9927886645829807,0.0004864628581854091,exploratory_unadjusted_arrays
GSE73115,cg00238318,16,2,M1,2.992438001577914,0.0007191498567386508,exploratory_unadjusted_arrays
GSE73115,cg00238318,17,2,constant_young,2.709556887945668,0.01506061311574811,exploratory_unadjusted_arrays
GSE73115,cg00238318,17,2,M1,2.7132139156923722,0.014963169624945146,exploratory_unadjusted_arrays
GSE73115,cg00238318,18,2,constant_young,2.9099818907656765,0.008153653485784005,exploratory_unadjusted_arrays
GSE73115,cg00238318,18,2,M1,2.903351551662184,0.008472681774328092,exploratory_unadjusted_arrays
GSE73115,cg00238318,19,2,constant_young,2.980727527537223,0.0031441303645046684,exploratory_unadjusted_arrays
GSE73115,cg00238318,19,2,M1,2.980479602313625,0.003175515064974291,exploratory_unadjusted_arrays
GSE73115,cg00238318,2,2,constant_young,2.935525899908297,0.006785783510556546,exploratory_unadjusted_arrays
GSE73115,cg00238318,2,2,M1,2.9336693784296513,0.0068943509509639695,exploratory_unadjusted_arrays
GSE73115,cg00238318,20,2,constant_young,2.938681821831437,0.006597129702653204,exploratory_unadjusted_arrays
GSE73115,cg00238318,20,2,M1,2.938230301934226,0.006624449881416401,exploratory_unadjusted_arrays
GSE73115,cg00238318,21,2,constant_young,2.967033155889945,0.004565200221986151,exploratory_unadjusted_arrays
GSE73115,cg00238318,21,2,M1,2.968340518150563,0.0044491755706342045,exploratory_unadjusted_arrays
GSE73115,cg00238318,22,2,constant_young,2.9888231477156584,0.0018463638878216744,exploratory_unadjusted_arrays
GSE73115,cg00238318,22,2,M1,2.988350037840111,0.0019461622508644813,exploratory_unadjusted_arrays
GSE73115,cg00238318,23,2,constant_young,2.952612570809305,0.00569012487836026,exploratory_unadjusted_arrays
GSE73115,cg00238318,23,2,M1,2.953619921859854,0.0056188646798882224,exploratory_unadjusted_arrays
GSE73115,cg00238318,24,2,constant_young,2.964059966225972,0.0048186725140852826,exploratory_unadjusted_arrays
GSE73115,cg00238318,24,2,M1,2.965962345857457,0.0046580791204972926,exploratory_unadjusted_arrays
GSE73115,cg00238318,25,2,constant_young,2.910170792270735,0.008144381128249752,exploratory_unadjusted_arrays
GSE73115,cg00238318,25,2,M1,2.9122722951426403,0.008040506306487567,exploratory_unadjusted_arrays
GSE73115,cg00238318,26,2,constant_young,2.8862736839227656,0.00924384285027424,exploratory_unadjusted_arrays
GSE73115,cg00238318,26,2,M1,2.8788149368157607,0.009561152039695328,exploratory_unadjusted_arrays
GSE73115,cg00238318,27,2,constant_young,2.9748210839933105,0.0038223959219487115,exploratory_unadjusted_arrays
GSE73115,cg00238318,27,2,M1,2.9762285001776716,0.0036721625286255254,exploratory_unadjusted_arrays
GSE73115,cg00238318,28,2,constant_young,2.9780628592572524,0.0034665963671844475,exploratory_unadjusted_arrays
GSE73115,cg00238318,28,2,M1,2.978655037206315,0.003397579728825564,exploratory_unadjusted_arrays
GSE73115,cg00238318,29,2,constant_young,2.7231142495941825,0.014696127996973642,exploratory_unadjusted_arrays
GSE73115,cg00238318,29,2,M1,2.727247406070714,0.014583197623368046,exploratory_unadjusted_arrays
GSE73115,cg00238318,3,2,constant_young,2.650151648361623,0.016563401193277913,exploratory_unadjusted_arrays
GSE73115,cg00238318,3,2,M1,2.64269081077127,0.016742608194715736,exploratory_unadjusted_arrays
GSE73115,cg00238318,30,2,constant_young,2.9821448808709565,0.002958322680508868,exploratory_unadjusted_arrays
GSE73115,cg00238318,30,2,M1,2.9814400290543452,0.0030521393374652044,exploratory_unadjusted_arrays
GSE73115,cg00238318,31,2,constant_young,2.9667108243843536,0.004593355883370627,exploratory_unadjusted_arrays
GSE73115,cg00238318,31,2,M1,2.963607067733991,0.004856122279307427,exploratory_unadjusted_arrays
GSE73115,cg00238318,32,2,constant_young,2.9920606717356097,0.0009050085028832265,exploratory_unadjusted_arrays
GSE73115,cg00238318,32,2,M1,2.992090500793521,0.0008917270568743457,exploratory_unadjusted_arrays
GSE73115,cg00238318,33,2,constant_young,2.966738202014503,0.004590971157301734,exploratory_unadjusted_arrays
GSE73115,cg00238318,33,2,M1,2.9680370255764164,0.004476377700512461,exploratory_unadjusted_arrays
GSE73115,cg00238318,34,2,constant_young,2.9680653185383052,0.004473848784674606,exploratory_unadjusted_arrays
GSE73115,cg00238318,34,2,M1,2.9669047081519446,0.004576440894103488,exploratory_unadjusted_arrays
GSE73115,cg00238318,35,2,constant_young,2.9376311318608828,0.006660530931545347,exploratory_unadjusted_arrays
GSE73115,cg00238318,35,2,M1,2.939097061761079,0.006571904470540895,exploratory_unadjusted_arrays
GSE73115,cg00238318,36,2,constant_young,2.689222616651704,0.015591327219240041,exploratory_unadjusted_arrays
GSE73115,cg00238318,36,2,M1,2.690402404821045,0.015561029976256163,exploratory_unadjusted_arrays
GSE73115,cg00238318,37,2,constant_young,2.924273880543121,0.007419465839552191,exploratory_unadjusted_arrays
GSE73115,cg00238318,37,2,M1,2.9231827593689195,0.007478059259168973,exploratory_unadjusted_arrays
GSE73115,cg00238318,38,2,constant_young,2.9684193629152533,0.004442081431781272,exploratory_unadjusted_arrays
GSE73115,cg00238318,38,2,M1,2.970302160070016,0.004269174360782857,exploratory_unadjusted_arrays
GSE73115,cg00238318,39,2,constant_young,2.952187021962916,0.005719961556553158,exploratory_unadjusted_arrays
GSE73115,cg00238318,39,2,M1,2.9496904356645586,0.005891963106396008,exploratory_unadjusted_arrays
GSE73115,cg00238318,4,2,constant_young,2.9724555813810944,0.004062402327921635,exploratory_unadjusted_arrays
GSE73115,cg00238318,4,2,M1,2.9739536029188485,0.003912121603899842,exploratory_unadjusted_arrays
GSE73115,cg00238318,40,2,constant_young,2.8835124479078242,0.009362564790297538,exploratory_unadjusted_arrays
GSE73115,cg00238318,40,2,M1,2.8803946443757757,0.00949483345183886,exploratory_unadjusted_arrays
GSE73115,cg00238318,41,2,constant_young,2.9737213426611784,0.003935797714547314,exploratory_unadjusted_arrays
GSE73115,cg00238318,41,2,M1,2.9732285032129773,0.003985570876097525,exploratory_unadjusted_arrays
GSE73115,cg00238318,42,2,constant_young,2.8811794427260176,0.00946171356562672,exploratory_unadjusted_arrays
GSE73115,cg00238318,42,2,M1,2.882466763728216,0.009407133824720778,exploratory_unadjusted_arrays
GSE73115,cg00238318,43,2,constant_young,2.9069353174883092,0.008301766305319092,exploratory_unadjusted_arrays
GSE73115,cg00238318,43,2,M1,2.9102471000195917,0.008140632516156555,exploratory_unadjusted_arrays
GSE73115,cg00238318,44,2,constant_young,2.91393794746242,0.007957211811234056,exploratory_unadjusted_arrays
GSE73115,cg00238318,44,2,M1,2.9125092535542763,0.008028709419038495,exploratory_unadjusted_arrays
GSE73115,cg00238318,45,2,constant_young,2.977554295203846,0.0035247895845996143,exploratory_unadjusted_arrays
GSE73115,cg00238318,45,2,M1,2.9791974606924096,0.0033331080427809363,exploratory_unadjusted_arrays
GSE73115,cg00238318,46,2,constant_young,2.930416860328762,0.007080543024074405,exploratory_unadjusted_arrays
GSE73115,cg00238318,46,2,M1,2.929791099382887,0.007115806227861249,exploratory_unadjusted_arrays
GSE73115,cg00238318,47,2,constant_young,2.6357647866338034,0.01690726910153546,exploratory_unadjusted_arrays
GSE73115,cg00238318,47,2,M1,2.636344076700749,0.01689355842971455,exploratory_unadjusted_arrays
GSE73115,cg00238318,48,2,constant_young,2.9553113672557494,0.0054971341601037305,exploratory_unadjusted_arrays
GSE73115,cg00238318,48,2,M1,2.957127639802171,0.005363344659542355,exploratory_unadjusted_arrays
GSE73115,cg00238318,49,2,constant_young,2.982493740305254,0.0029107706083742802,exploratory_unadjusted_arrays
GSE73115,cg00238318,49,2,M1,2.981575746646517,0.00303430065444494,exploratory_unadjusted_arrays
GSE73115,cg00238318,5,2,constant_young,2.943797833179456,0.006279276330534728,exploratory_unadjusted_arrays
GSE73115,cg00238318,5,2,M1,2.938858624589062,0.006586400998081503,exploratory_unadjusted_arrays
GSE73115,cg00238318,50,2,constant_young,2.936618434965948,0.00672107356052739,exploratory_unadjusted_arrays
GSE73115,cg00238318,50,2,M1,2.934014783520598,0.0068742818506590244,exploratory_unadjusted_arrays
GSE73115,cg00238318,51,2,constant_young,2.9458198511702776,0.006149121631790739,exploratory_unadjusted_arrays
GSE73115,cg00238318,51,2,M1,2.94148503486552,0.006424916333024326,exploratory_unadjusted_arrays
GSE73115,cg00238318,52,2,constant_young,2.939570474138349,0.006543026705439903,exploratory_unadjusted_arrays
GSE73115,cg00238318,52,2,M1,2.941337931282869,0.006434068133963426,exploratory_unadjusted_arrays
GSE73115,cg00238318,53,2,constant_young,2.9116065500115322,0.008073557937461846,exploratory_unadjusted_arrays
GSE73115,cg00238318,53,2,M1,2.904769297388466,0.00840548272664968,exploratory_unadjusted_arrays
GSE73115,cg00238318,54,2,constant_young,2.886384141649657,0.009239061881979854,exploratory_unadjusted_arrays
GSE73115,cg00238318,54,2,M1,2.884068999885772,0.009338756762554695,exploratory_unadjusted_arrays
GSE73115,cg00238318,55,2,constant_young,2.9705168845669148,0.004249008134288144,exploratory_unadjusted_arrays
GSE73115,cg00238318,55,2,M1,2.969627358335034,0.004331938493417382,exploratory_unadjusted_arrays
GSE73115,cg00238318,56,2,constant_young,2.97993931665231,0.003242857452453099,exploratory_unadjusted_arrays
GSE73115,cg00238318,56,2,M1,2.978833290386416,0.0033765286122948153,exploratory_unadjusted_arrays
GSE73115,cg00238318,57,2,constant_young,2.9909153151068306,0.0013173176129218887,exploratory_unadjusted_arrays
GSE73115,cg00238318,57,2,M1,2.9912033767674746,0.0012267340236575928,exploratory_unadjusted_arrays
GSE73115,cg00238318,58,2,constant_young,2.823005610136168,0.011664608423339556,exploratory_unadjusted_arrays
GSE73115,cg00238318,58,2,M1,2.8210285788325438,0.011732208432888656,exploratory_unadjusted_arrays
GSE73115,cg00238318,59,2,constant_young,2.976258329242246,0.003668911880242147,exploratory_unadjusted_arrays
GSE73115,cg00238318,59,2,M1,2.9737797592273276,0.003929856281967143,exploratory_unadjusted_arrays
GSE73115,cg00238318,6,2,constant_young,2.98820716527806,0.001975308977433795,exploratory_unadjusted_arrays
GSE73115,cg00238318,6,2,M1,2.9869755862490885,0.0022106806145411268,exploratory_unadjusted_arrays
GSE73115,cg00238318,60,2,constant_young,2.961907445332743,0.00499415873922567,exploratory_unadjusted_arrays
GSE73115,cg00238318,60,2,M1,2.9621284456818153,0.0049764265525903606,exploratory_unadjusted_arrays
GSE73115,cg00238318,61,2,constant_young,2.835663454058741,0.011222157302933586,exploratory_unadjusted_arrays
GSE73115,cg00238318,61,2,M1,2.8398483995112693,0.011071985285835735,exploratory_unadjusted_arrays
GSE73115,cg00238318,62,2,constant_young,2.946553128910428,0.0061012355019648525,exploratory_unadjusted_arrays
GSE73115,cg00238318,62,2,M1,2.9443089310725674,0.006246633727114522,exploratory_unadjusted_arrays
GSE73115,cg00238318,63,2,constant_young,2.980604936525236,0.0031596880476701924,exploratory_unadjusted_arrays
GSE73115,cg00238318,63,2,M1,2.979880416749193,0.0032501145178938347,exploratory_unadjusted_arrays
GSE73115,cg00238318,64,2,constant_young,2.935740867566002,0.006773100008561568,exploratory_unadjusted_arrays
GSE73115,cg00238318,64,2,M1,2.9372009670825383,0.006686314688432478,exploratory_unadjusted_arrays
GSE73115,cg00238318,65,2,constant_young,2.8080991463511986,0.012165042568680954,exploratory_unadjusted_arrays
GSE73115,cg00238318,65,2,M1,2.811529357455546,0.012051725677857986,exploratory_unadjusted_arrays
GSE73115,cg00238318,66,2,constant_young,2.9451394080764146,0.006193226244668206,exploratory_unadjusted_arrays
GSE73115,cg00238318,66,2,M1,2.946432615315169,0.006109131323407857,exploratory_unadjusted_arrays
GSE73115,cg00238318,67,2,constant_young,2.961751521378706,0.005006631669677132,exploratory_unadjusted_arrays
GSE73115,cg00238318,67,2,M1,2.9629832260085998,0.004907239241355468,exploratory_unadjusted_arrays
GSE73115,cg00238318,68,2,constant_young,2.8931628789319417,0.008940764767805122,exploratory_unadjusted_arrays
GSE73115,cg00238318,68,2,M1,2.8887145657739715,0.00913761047318179,exploratory_unadjusted_arrays
GSE73115,cg00238318,69,2,constant_young,2.9301972413438993,0.007092939073730934,exploratory_unadjusted_arrays
GSE73115,cg00238318,69,2,M1,2.931852287062471,0.006998981935167565,exploratory_unadjusted_arrays
GSE73115,cg00238318,7,2,constant_young,2.988538366381358,0.0019070617907378546,exploratory_unadjusted_arrays
GSE73115,cg00238318,7,2,M1,2.9885685281895205,0.001900724921487069,exploratory_unadjusted_arrays
GSE73115,cg00238318,70,2,constant_young,2.971997849401771,0.004107225128643623,exploratory_unadjusted_arrays
GSE73115,cg00238318,70,2,M1,2.9697219381902054,0.0043231964131432,exploratory_unadjusted_arrays
GSE73115,cg00238318,71,2,constant_young,2.873174960996984,0.009794264085738741,exploratory_unadjusted_arrays
GSE73115,cg00238318,71,2,M1,2.872412699100569,0.009825345719022981,exploratory_unadjusted_arrays
GSE73115,cg00238318,72,2,constant_young,2.9781022784610522,0.003462044917377151,exploratory_unadjusted_arrays
GSE73115,cg00238318,72,2,M1,2.975705716359398,0.0037286733151698885,exploratory_unadjusted_arrays
GSE73115,cg00238318,73,2,constant_young,2.887709731732812,0.009181491839158205,exploratory_unadjusted_arrays
GSE73115,cg00238318,73,2,M1,2.8878200583559765,0.009176684101242527,exploratory_unadjusted_arrays
GSE73115,cg00238318,74,2,constant_young,2.938474488931133,0.0066096888454655655,exploratory_unadjusted_arrays
GSE73115,cg00238318,74,2,M1,2.934143751664715,0.006866773365053387,exploratory_unadjusted_arrays
GSE73115,cg00238318,75,2,constant_young,2.9349092913144657,0.006822033767668267,exploratory_unadjusted_arrays
GSE73115,cg00238318,75,2,M1,2.9369217283077993,0.006702998965577957,exploratory_unadjusted_arrays
GSE73115,cg00238318,76,2,constant_young,2.9387765728567485,0.0065913822141778254,exploratory_unadjusted_arrays
GSE73115,cg00238318,76,2,M1,2.939114964273057,0.006570814740984026,exploratory_unadjusted_arrays
GSE73115,cg00238318,77,2,constant_young,2.9835565977662633,0.002760851239340512,exploratory_unadjusted_arrays
GSE73115,cg00238318,77,2,M1,2.9841829197768117,0.00266856552427129,exploratory_unadjusted_arrays
GSE73115,cg00238318,78,2,constant_young,2.9899289794395,0.0015888342352739164,exploratory_unadjusted_arrays
GSE73115,cg00238318,78,2,M1,2.988869382573977,0.001836320157161304,exploratory_unadjusted_arrays
GSE73115,cg00238318,79,2,constant_young,2.9543099738180407,0.005569524102142507,exploratory_unadjusted_arrays
GSE73115,cg00238318,79,2,M1,2.954271391475748,0.005572294374688072,exploratory_unadjusted_arrays
GSE73115,cg00238318,8,2,constant_young,2.95962722287876,0.005173567383901599,exploratory_unadjusted_arrays
GSE73115,cg00238318,8,2,M1,2.961882861438281,0.004996127363083706,exploratory_unadjusted_arrays
GSE73115,cg00238318,80,2,constant_young,2.992711392013915,0.000546318741804371,exploratory_unadjusted_arrays
GSE73115,cg00238318,80,2,M1,2.9929483874370337,0.0003299512526896975,exploratory_unadjusted_arrays
GSE73115,cg00238318,81,2,constant_young,2.9846898196811367,0.002591471017370134,exploratory_unadjusted_arrays
GSE73115,cg00238318,81,2,M1,2.9851925030171333,0.0025126829018147227,exploratory_unadjusted_arrays
GSE73115,cg00238318,82,2,constant_young,2.92514616207242,0.007372289204910685,exploratory_unadjusted_arrays
GSE73115,cg00238318,82,2,M1,2.921128027282137,0.007587170483986035,exploratory_unadjusted_arrays
GSE73115,cg00238318,83,2,constant_young,2.9378549922350174,0.006647073340257707,exploratory_unadjusted_arrays
GSE73115,cg00238318,83,2,M1,2.9405855033023443,0.006480677058525845,exploratory_unadjusted_arrays
GSE73115,cg00238318,84,2,constant_young,2.9108803670629184,0.008109456463194322,exploratory_unadjusted_arrays
GSE73115,cg00238318,84,2,M1,2.9120689209098023,0.008050617432901436,exploratory_unadjusted_arrays
GSE73115,cg00238318,85,2,constant_young,2.6550201562797877,0.01644540825747262,exploratory_unadjusted_arrays
GSE73115,cg00238318,85,2,M1,2.649295374568058,0.01658406699589496,exploratory_unadjusted_arrays
GSE73115,cg00238318,86,2,constant_young,2.9310359823170247,0.007045480248014262,exploratory_unadjusted_arrays
GSE73115,cg00238318,86,2,M1,2.9301053000339414,0.007098122128536919,exploratory_unadjusted_arrays
GSE73115,cg00238318,9,2,constant_young,2.9597509202454635,0.005163994731059265,exploratory_unadjusted_arrays
GSE73115,cg00238318,9,2,M1,2.9603601282295244,0.00511658823779665,exploratory_unadjusted_arrays
GSE73115,cg02045085,1,2,constant_young,2.820186976943818,0.011760867154411886,exploratory_unadjusted_arrays
GSE73115,cg02045085,1,2,M1,2.8207014251753737,0.01174335717069355,exploratory_unadjusted_arrays
GSE73115,cg02045085,10,2,constant_young,2.9650271071654126,0.004737709578102954,exploratory_unadjusted_arrays
GSE73115,cg02045085,10,2,M1,2.964806208769298,0.004756323239997495,exploratory_unadjusted_arrays
GSE73115,cg02045085,11,2,constant_young,2.975802649829355,0.0037182600655810377,exploratory_unadjusted_arrays
GSE73115,cg02045085,11,2,M1,2.97585220230971,0.0037129255218777087,exploratory_unadjusted_arrays
GSE73115,cg02045085,12,2,constant_young,2.9664410113558204,0.004616792034965655,exploratory_unadjusted_arrays
GSE73115,cg02045085,12,2,M1,2.9664727956305157,0.004614037415796041,exploratory_unadjusted_arrays
GSE73115,cg02045085,13,2,constant_young,2.958033536340798,0.005295351613079165,exploratory_unadjusted_arrays
GSE73115,cg02045085,13,2,M1,2.9571140976896144,0.005364354539652178,exploratory_unadjusted_arrays
GSE73115,cg02045085,14,2,constant_young,2.7644025210204184,0.013525736984077583,exploratory_unadjusted_arrays
GSE73115,cg02045085,14,2,M1,2.7631938081133893,0.013561435443494438,exploratory_unadjusted_arrays
GSE73115,cg02045085,15,2,constant_young,2.9302707013604508,0.007088795150829113,exploratory_unadjusted_arrays
GSE73115,cg02045085,15,2,M1,2.928496189287796,0.0071882283177805125,exploratory_unadjusted_arrays
GSE73115,cg02045085,16,2,constant_young,2.8480685501244496,0.010770920929949263,exploratory_unadjusted_arrays
GSE73115,cg02045085,16,2,M1,2.845428295666432,0.010868529856684078,exploratory_unadjusted_arrays
GSE73115,cg02045085,17,2,constant_young,2.974150590131681,0.003891928271876806,exploratory_unadjusted_arrays
GSE73115,cg02045085,17,2,M1,2.9742357582069605,0.0038831651024917855,exploratory_unadjusted_arrays
GSE73115,cg02045085,18,2,constant_young,2.8738505130242893,0.009766635416526368,exploratory_unadjusted_arrays
GSE73115,cg02045085,18,2,M1,2.873215421551534,0.00979261152796082,exploratory_unadjusted_arrays
GSE73115,cg02045085,19,2,constant_young,2.98644096959692,0.0023053854561097278,exploratory_unadjusted_arrays
GSE73115,cg02045085,19,2,M1,2.9862769566405554,0.0023336693138348154,exploratory_unadjusted_arrays
GSE73115,cg02045085,2,2,constant_young,2.8520715069955775,0.01062122272538886,exploratory_unadjusted_arrays
GSE73115,cg02045085,2,2,M1,2.850717468209286,0.010672094602811101,exploratory_unadjusted_arrays
GSE73115,cg02045085,20,2,constant_young,2.9267289407646424,0.00728590592631175,exploratory_unadjusted_arrays
GSE73115,cg02045085,20,2,M1,2.92703656384211,0.007268997641015621,exploratory_unadjusted_arrays
GSE73115,cg02045085,21,2,constant_young,2.6589147463222194,0.016350406133212814,exploratory_unadjusted_arrays
GSE73115,cg02045085,21,2,M1,2.656578282600946,0.016407466339993567,exploratory_unadjusted_arrays
GSE73115,cg02045085,22,2,constant_young,2.788621664578092,0.012789458398083365,exploratory_unadjusted_arrays
GSE73115,cg02045085,22,2,M1,2.783317817840702,0.012954278193176834,exploratory_unadjusted_arrays
GSE73115,cg02045085,23,2,constant_young,2.9871830044210785,0.002172826325760091,exploratory_unadjusted_arrays
GSE73115,cg02045085,23,2,M1,2.987162503569971,0.0021765970970305452,exploratory_unadjusted_arrays
GSE73115,cg02045085,24,2,constant_young,2.945454041535706,0.006172871661570006,exploratory_unadjusted_arrays
GSE73115,cg02045085,24,2,M1,2.9455874382562475,0.006164221538343726,exploratory_unadjusted_arrays
GSE73115,cg02045085,25,2,constant_young,2.9257744503563443,0.0073381208421300324,exploratory_unadjusted_arrays
GSE73115,cg02045085,25,2,M1,2.9248978207590373,0.007385751225945047,exploratory_unadjusted_arrays
GSE73115,cg02045085,26,2,constant_young,2.9598670538470877,0.0051549912416131586,exploratory_unadjusted_arrays
GSE73115,cg02045085,26,2,M1,2.9599227057019295,0.0051506711424080314,exploratory_unadjusted_arrays
GSE73115,cg02045085,27,2,constant_young,2.9844672438411664,0.002625601398888613,exploratory_unadjusted_arrays
GSE73115,cg02045085,27,2,M1,2.9843113464137625,0.002649245297772308,exploratory_unadjusted_arrays
GSE73115,cg02045085,28,2,constant_young,2.911752254776808,0.008066335844566118,exploratory_unadjusted_arrays
GSE73115,cg02045085,28,2,M1,2.911468907537687,0.008080374480717401,exploratory_unadjusted_arrays
GSE73115,cg02045085,29,2,constant_young,2.963311960753182,0.004880369778636964,exploratory_unadjusted_arrays
GSE73115,cg02045085,29,2,M1,2.9624691351327708,0.004948966525706359,exploratory_unadjusted_arrays
GSE73115,cg02045085,3,2,constant_young,2.9710094118425396,0.004202386025194147,exploratory_unadjusted_arrays
GSE73115,cg02045085,3,2,M1,2.9710697273017708,0.0041966410303196,exploratory_unadjusted_arrays
GSE73115,cg02045085,30,2,constant_young,2.8461295670797364,0.010842689892964273,exploratory_unadjusted_arrays
GSE73115,cg02045085,30,2,M1,2.846347934318202,0.010834631065440888,exploratory_unadjusted_arrays
GSE73115,cg02045085,31,2,constant_young,2.95024065884568,0.00585448979008712,exploratory_unadjusted_arrays
GSE73115,cg02045085,31,2,M1,2.9493648699173347,0.005914024166750653,exploratory_unadjusted_arrays
GSE73115,cg02045085,32,2,constant_young,2.9808832648881,0.003124254449992637,exploratory_unadjusted_arrays
GSE73115,cg02045085,32,2,M1,2.980540179423932,0.003167875351025158,exploratory_unadjusted_arrays
GSE73115,cg02045085,33,2,constant_young,2.9204061588985635,0.007625132829002261,exploratory_unadjusted_arrays
GSE73115,cg02045085,33,2,M1,2.9204775909424905,0.007621384718329478,exploratory_unadjusted_arrays
GSE73115,cg02045085,34,2,constant_young,2.9675253189037196,0.004521871587717104,exploratory_unadjusted_arrays
GSE73115,cg02045085,34,2,M1,2.967126732902929,0.0045569936862404695,exploratory_unadjusted_arrays
GSE73115,cg02045085,35,2,constant_young,2.798495619660554,0.012476821792841942,exploratory_unadjusted_arrays
GSE73115,cg02045085,35,2,M1,2.7980032353946793,0.012492597386573986,exploratory_unadjusted_arrays
GSE73115,cg02045085,36,2,constant_young,2.9431520251483496,0.006320281454183765,exploratory_unadjusted_arrays
GSE73115,cg02045085,36,2,M1,2.9419802751540134,0.006394009513252855,exploratory_unadjusted_arrays
GSE73115,cg02045085,37,2,constant_young,2.9409632984307352,0.0064573167054273115,exploratory_unadjusted_arrays
GSE73115,cg02045085,37,2,M1,2.941202515620576,0.006442481298561741,exploratory_unadjusted_arrays
GSE73115,cg02045085,38,2,constant_young,2.974428812429329,0.0038632276447700116,exploratory_unadjusted_arrays
GSE73115,cg02045085,38,2,M1,2.974384765448173,0.003867785596467316,exploratory_unadjusted_arrays
GSE73115,cg02045085,39,2,constant_young,2.918903239412993,0.007703569708153761,exploratory_unadjusted_arrays
GSE73115,cg02045085,39,2,M1,2.9169453054105396,0.007804571317525843,exploratory_unadjusted_arrays
GSE73115,cg02045085,4,2,constant_young,2.9327072977590722,0.0069499452926998296,exploratory_unadjusted_arrays
GSE73115,cg02045085,4,2,M1,2.932655113045656,0.0069529481043837755,exploratory_unadjusted_arrays
GSE73115,cg02045085,40,2,constant_young,2.8262064684060935,0.011554323998136105,exploratory_unadjusted_arrays
GSE73115,cg02045085,40,2,M1,2.822221857567893,0.011691453790032445,exploratory_unadjusted_arrays
GSE73115,cg02045085,41,2,constant_young,2.875128332017677,0.009714160394220238,exploratory_unadjusted_arrays
GSE73115,cg02045085,41,2,M1,2.875689843683583,0.00969101144524721,exploratory_unadjusted_arrays
GSE73115,cg02045085,42,2,constant_young,2.8975250908593764,0.008743426393083979,exploratory_unadjusted_arrays
GSE73115,cg02045085,42,2,M1,2.8953526996810535,0.008842251864425475,exploratory_unadjusted_arrays
GSE73115,cg02045085,43,2,constant_young,2.9192258515946037,0.007686800147206635,exploratory_unadjusted_arrays
GSE73115,cg02045085,43,2,M1,2.917416122744381,0.00778040356172311,exploratory_unadjusted_arrays
GSE73115,cg02045085,44,2,constant_young,2.9526233688945527,0.005689365752272957,exploratory_unadjusted_arrays
GSE73115,cg02045085,44,2,M1,2.9517864278377175,0.005747907054624736,exploratory_unadjusted_arrays
GSE73115,cg02045085,45,2,constant_young,2.9537466950547735,0.0056098325942009804,exploratory_unadjusted_arrays
GSE73115,cg02045085,45,2,M1,2.9538064041808845,0.005605573515178538,exploratory_unadjusted_arrays
GSE73115,cg02045085,46,2,constant_young,2.9658429697187243,0.004668318969800484,exploratory_unadjusted_arrays
GSE73115,cg02045085,46,2,M1,2.9652749903772015,0.0047167346201601595,exploratory_unadjusted_arrays
GSE73115,cg02045085,47,2,constant_young,2.9592209264195883,0.005204885843427093,exploratory_unadjusted_arrays
GSE73115,cg02045085,47,2,M1,2.9582890662590513,0.00527601409887593,exploratory_unadjusted_arrays
GSE73115,cg02045085,48,2,constant_young,2.9745392052736097,0.003851780570059847,exploratory_unadjusted_arrays
GSE73115,cg02045085,48,2,M1,2.9740768195000054,0.0038995028117407753,exploratory_unadjusted_arrays
GSE73115,cg02045085,49,2,constant_young,2.8828668435078693,0.009390106653946123,exploratory_unadjusted_arrays
GSE73115,cg02045085,49,2,M1,2.882572689823249,0.009402628670759017,exploratory_unadjusted_arrays
GSE73115,cg02045085,5,2,constant_young,2.802036052033117,0.012362796453565231,exploratory_unadjusted_arrays
GSE73115,cg02045085,5,2,M1,2.7968458984747495,0.012529599315180794,exploratory_unadjusted_arrays
GSE73115,cg02045085,50,2,constant_young,2.8263269913684326,0.011550150851137522,exploratory_unadjusted_arrays
GSE73115,cg02045085,50,2,M1,2.8219418074271863,0.011701031229640824,exploratory_unadjusted_arrays
GSE73115,cg02045085,51,2,constant_young,2.9601246040916154,0.005134967819323373,exploratory_unadjusted_arrays
GSE73115,cg02045085,51,2,M1,2.9594297290218856,0.005188814369513533,exploratory_unadjusted_arrays
GSE73115,cg02045085,52,2,constant_young,2.9457891482005603,0.006151118533919701,exploratory_unadjusted_arrays
GSE73115,cg02045085,52,2,M1,2.945882771061237,0.0061450273335265935,exploratory_unadjusted_arrays
GSE73115,cg02045085,53,2,constant_young,2.9909842061295038,0.0012962302554622297,exploratory_unadjusted_arrays
GSE73115,cg02045085,53,2,M1,2.9909654219113975,0.001302013920686206,exploratory_unadjusted_arrays
GSE73115,cg02045085,54,2,constant_young,2.965161751298627,0.004726328039808154,exploratory_unadjusted_arrays
GSE73115,cg02045085,54,2,M1,2.9652557015055834,0.004718370118410786,exploratory_unadjusted_arrays
GSE73115,cg02045085,55,2,constant_young,2.951019514957868,0.005801031443845498,exploratory_unadjusted_arrays
GSE73115,cg02045085,55,2,M1,2.950864665330566,0.0058116990213126106,exploratory_unadjusted_arrays
GSE73115,cg02045085,56,2,constant_young,2.9853828185666273,0.0024822012258228885,exploratory_unadjusted_arrays
GSE73115,cg02045085,56,2,M1,2.985303068569423,0.002495019623818666,exploratory_unadjusted_arrays
GSE73115,cg02045085,57,2,constant_young,2.9845750264565014,0.0026091294742840525,exploratory_unadjusted_arrays
GSE73115,cg02045085,57,2,M1,2.9845971197909495,0.0026057401915807092,exploratory_unadjusted_arrays
GSE73115,cg02045085,58,2,constant_young,2.954782732220842,0.00553546673751228,exploratory_unadjusted_arrays
GSE73115,cg02045085,58,2,M1,2.954474567253942,0.005557690525355402,exploratory_unadjusted_arrays
GSE73115,cg02045085,59,2,constant_young,2.9461354384546232,0.006128558314569596,exploratory_unadjusted_arrays
GSE73115,cg02045085,59,2,M1,2.9451095933462685,0.0061951515802088014,exploratory_unadjusted_arrays
GSE73115,cg02045085,6,2,constant_young,2.978488366403246,0.0034171456884631085,exploratory_unadjusted_arrays
GSE73115,cg02045085,6,2,M1,2.978246677837393,0.0034453208136346848,exploratory_unadjusted_arrays
GSE73115,cg02045085,60,2,constant_young,2.9273373182971643,0.007252428775317082,exploratory_unadjusted_arrays
GSE73115,cg02045085,60,2,M1,2.926793440076711,0.007282364019836555,exploratory_unadjusted_arrays
GSE73115,cg02045085,61,2,constant_young,2.9492148846603765,0.005924159860307406,exploratory_unadjusted_arrays
GSE73115,cg02045085,61,2,M1,2.949377724259487,0.00591315468858958,exploratory_unadjusted_arrays
GSE73115,cg02045085,62,2,constant_young,2.9277067027115473,0.007232027074723996,exploratory_unadjusted_arrays
GSE73115,cg02045085,62,2,M1,2.9276901935545503,0.007232940130758619,exploratory_unadjusted_arrays
GSE73115,cg02045085,63,2,constant_young,2.9917006795394867,0.0010521569023626196,exploratory_unadjusted_arrays
GSE73115,cg02045085,63,2,M1,2.9916921631508844,0.001055389623821965,exploratory_unadjusted_arrays
GSE73115,cg02045085,64,2,constant_young,2.9896213408280214,0.0016644834382958846,exploratory_unadjusted_arrays
GSE73115,cg02045085,64,2,M1,2.9896371863950533,0.0016606711482820087,exploratory_unadjusted_arrays
GSE73115,cg02045085,65,2,constant_young,2.845656484407767,0.010860128463907078,exploratory_unadjusted_arrays
GSE73115,cg02045085,65,2,M1,2.8450753861756715,0.010881510411622166,exploratory_unadjusted_arrays
GSE73115,cg02045085,66,2,constant_young,2.8659000690911554,0.010086997695342971,exploratory_unadjusted_arrays
GSE73115,cg02045085,66,2,M1,2.862440333342189,0.010223273013327362,exploratory_unadjusted_arrays
GSE73115,cg02045085,67,2,constant_young,2.9702018849272136,0.004278559317925582,exploratory_unadjusted_arrays
GSE73115,cg02045085,67,2,M1,2.9699946475722427,0.004297890147617152,exploratory_unadjusted_arrays
GSE73115,cg02045085,68,2,constant_young,2.7937482148355457,0.012628103812938116,exploratory_unadjusted_arrays
GSE73115,cg02045085,68,2,M1,2.7934813380206514,0.01263655441021237,exploratory_unadjusted_arrays
GSE73115,cg02045085,69,2,constant_young,2.98897452938893,0.0018132717026510588,exploratory_unadjusted_arrays
GSE73115,cg02045085,69,2,M1,2.9889532683067257,0.0018179557567218362,exploratory_unadjusted_arrays
GSE73115,cg02045085,7,2,constant_young,2.9775925324082024,0.0035204476778126666,exploratory_unadjusted_arrays
GSE73115,cg02045085,7,2,M1,2.9776688977086865,0.0035117601871183413,exploratory_unadjusted_arrays
GSE73115,cg02045085,70,2,constant_young,2.9894207521762484,0.0017120093568026079,exploratory_unadjusted_arrays
GSE73115,cg02045085,70,2,M1,2.9893281498172444,0.0017335102898405408,exploratory_unadjusted_arrays
GSE73115,cg02045085,71,2,constant_young,2.921935303307036,0.007544490382600412,exploratory_unadjusted_arrays
GSE73115,cg02045085,71,2,M1,2.9222642367556477,0.0075270305150345026,exploratory_unadjusted_arrays
GSE73115,cg02045085,72,2,constant_young,2.983080310336658,0.0028290156431968194,exploratory_unadjusted_arrays
GSE73115,cg02045085,72,2,M1,2.982801973420195,0.002868100249751174,exploratory_unadjusted_arrays
GSE73115,cg02045085,73,2,constant_young,2.9835352375974082,0.00276394422896922,exploratory_unadjusted_arrays
GSE73115,cg02045085,73,2,M1,2.9834795876608933,0.002771986228332315,exploratory_unadjusted_arrays
GSE73115,cg02045085,74,2,constant_young,2.9898959962324927,0.0015971163992597379,exploratory_unadjusted_arrays
GSE73115,cg02045085,74,2,M1,2.989910856933364,0.0015933901694461295,exploratory_unadjusted_arrays
GSE73115,cg02045085,75,2,constant_young,2.83353690816989,0.011297701148590668,exploratory_unadjusted_arrays
GSE73115,cg02045085,75,2,M1,2.8341253343512833,0.011276848420447622,exploratory_unadjusted_arrays
GSE73115,cg02045085,76,2,constant_young,2.876636956606443,0.00965183985018526,exploratory_unadjusted_arrays
GSE73115,cg02045085,76,2,M1,2.8747895415049856,0.009728100769152757,exploratory_unadjusted_arrays
GSE73115,cg02045085,77,2,constant_young,2.9632584757232747,0.004884751498301528,exploratory_unadjusted_arrays
GSE73115,cg02045085,77,2,M1,2.962730309876549,0.00492781187521798,exploratory_unadjusted_arrays
GSE73115,cg02045085,78,2,constant_young,2.9234014414684437,0.007466352831471574,exploratory_unadjusted_arrays
GSE73115,cg02045085,78,2,M1,2.9230785482532546,0.007483631416376347,exploratory_unadjusted_arrays
GSE73115,cg02045085,79,2,constant_young,2.938666288713677,0.006598071446099762,exploratory_unadjusted_arrays
GSE73115,cg02045085,79,2,M1,2.9389223693482167,0.006582528564328846,exploratory_unadjusted_arrays
GSE73115,cg02045085,8,2,constant_young,2.9788958449998333,0.003369109938679961,exploratory_unadjusted_arrays
GSE73115,cg02045085,8,2,M1,2.978695113746659,0.0033928582023791437,exploratory_unadjusted_arrays
GSE73115,cg02045085,80,2,constant_young,2.9828588240873035,0.002860160573977541,exploratory_unadjusted_arrays
GSE73115,cg02045085,80,2,M1,2.9825739058000815,0.002899733287513399,exploratory_unadjusted_arrays
GSE73115,cg02045085,81,2,constant_young,2.9794139961372363,0.003307019937797409,exploratory_unadjusted_arrays
GSE73115,cg02045085,81,2,M1,2.979248170707078,0.003327016863966349,exploratory_unadjusted_arrays
GSE73115,cg02045085,82,2,constant_young,2.971326676967183,0.004172078163821014,exploratory_unadjusted_arrays
GSE73115,cg02045085,82,2,M1,2.9712998286966545,0.004174651461074907,exploratory_unadjusted_arrays
GSE73115,cg02045085,83,2,constant_young,2.9187582900718283,0.007711092381842933,exploratory_unadjusted_arrays
GSE73115,cg02045085,83,2,M1,2.9191173869325553,0.007692442280104181,exploratory_unadjusted_arrays
GSE73115,cg02045085,84,2,constant_young,2.978048034946293,0.003468306477482045,exploratory_unadjusted_arrays
GSE73115,cg02045085,84,2,M1,2.9778071671715343,0.0034959754063138416,exploratory_unadjusted_arrays
GSE73115,cg02045085,85,2,constant_young,2.9625417478742233,0.0049430941200224,exploratory_unadjusted_arrays
GSE73115,cg02045085,85,2,M1,2.9617579758931534,0.005006115965921697,exploratory_unadjusted_arrays
GSE73115,cg02045085,86,2,constant_young,2.951905343739914,0.005739625666090724,exploratory_unadjusted_arrays
GSE73115,cg02045085,86,2,M1,2.9511875504299248,0.005789433256791116,exploratory_unadjusted_arrays
GSE73115,cg02045085,9,2,constant_young,1.021796506397145,0.03971184171832204,exploratory_unadjusted_arrays
GSE73115,cg02045085,9,2,M1,1.0255441180240277,0.039674075708950755,exploratory_unadjusted_arrays
GSE73115,cg05996042,1,2,constant_young,1.916771550719001,0.03362718618354395,exploratory_unadjusted_arrays
GSE73115,cg05996042,1,2,M1,2.089620398653344,0.02179563572089417,exploratory_unadjusted_arrays
GSE73115,cg05996042,10,2,constant_young,1.6554534552448936,0.0460698117221654,exploratory_unadjusted_arrays
GSE73115,cg05996042,10,2,M1,1.9329150322451558,0.032688306919698214,exploratory_unadjusted_arrays
GSE73115,cg05996042,11,2,constant_young,1.912302550309871,0.03398466255052595,exploratory_unadjusted_arrays
GSE73115,cg05996042,11,2,M1,1.770074479070849,0.04110068751436796,exploratory_unadjusted_arrays
GSE73115,cg05996042,12,2,constant_young,2.0605641584087264,0.024301460401851032,exploratory_unadjusted_arrays
GSE73115,cg05996042,12,2,M1,2.040837242900463,0.025789473389801358,exploratory_unadjusted_arrays
GSE73115,cg05996042,13,2,constant_young,2.0839760771268603,0.022186241362641263,exploratory_unadjusted_arrays
GSE73115,cg05996042,13,2,M1,1.8498049320414607,0.03719255463921444,exploratory_unadjusted_arrays
GSE73115,cg05996042,14,2,constant_young,1.950086331562867,0.03179188186305375,exploratory_unadjusted_arrays
GSE73115,cg05996042,14,2,M1,2.000623748072778,0.02864207186861042,exploratory_unadjusted_arrays
GSE73115,cg05996042,15,2,constant_young,1.7092659737390017,0.04378547183698968,exploratory_unadjusted_arrays
GSE73115,cg05996042,15,2,M1,1.6894466027822914,0.04461854213826724,exploratory_unadjusted_arrays
GSE73115,cg05996042,16,2,constant_young,0.24031633279977394,0.08630322488043285,exploratory_unadjusted_arrays
GSE73115,cg05996042,16,2,M1,0.772122479367505,0.07379732981259443,exploratory_unadjusted_arrays
GSE73115,cg05996042,17,2,constant_young,-1.909515967317932,0.12507546840288444,exploratory_unadjusted_arrays
GSE73115,cg05996042,17,2,M1,-1.0762644035330362,0.11172908224107628,exploratory_unadjusted_arrays
GSE73115,cg05996042,18,2,constant_young,2.122300250154347,0.018675876255489596,exploratory_unadjusted_arrays
GSE73115,cg05996042,18,2,M1,2.1812334631344346,0.011175106718809202,exploratory_unadjusted_arrays
GSE73115,cg05996042,19,2,constant_young,1.9545556084811637,0.03138050292013139,exploratory_unadjusted_arrays
GSE73115,cg05996042,19,2,M1,2.136602688150354,0.01708949717728563,exploratory_unadjusted_arrays
GSE73115,cg05996042,2,2,constant_young,1.9403081193636698,0.03225207080577933,exploratory_unadjusted_arrays
GSE73115,cg05996042,2,2,M1,2.1142774841508585,0.01947319422971636,exploratory_unadjusted_arrays
GSE73115,cg05996042,20,2,constant_young,2.0216955196149295,0.02715706389284098,exploratory_unadjusted_arrays
GSE73115,cg05996042,20,2,M1,2.0640251877409286,0.024032891533861855,exploratory_unadjusted_arrays
GSE73115,cg05996042,21,2,constant_young,2.107888039810015,0.020217490659834945,exploratory_unadjusted_arrays
GSE73115,cg05996042,21,2,M1,2.0615803188630304,0.024167561774160996,exploratory_unadjusted_arrays
GSE73115,cg05996042,22,2,constant_young,1.1314610595032804,0.06388990417158194,exploratory_unadjusted_arrays
GSE73115,cg05996042,22,2,M1,1.4871841787630597,0.05243525284043672,exploratory_unadjusted_arrays
GSE73115,cg05996042,23,2,constant_young,2.2126869308456634,0.0015841499726438563,exploratory_unadjusted_arrays
GSE73115,cg05996042,23,2,M1,2.1552568256079643,0.014867235296904037,exploratory_unadjusted_arrays
GSE73115,cg05996042,24,2,constant_young,2.1973379992700286,0.00786399476689289,exploratory_unadjusted_arrays
GSE73115,cg05996042,24,2,M1,2.10709319810874,0.02012600892588839,exploratory_unadjusted_arrays
GSE73115,cg05996042,25,2,constant_young,1.8186857734076678,0.038753138305149516,exploratory_unadjusted_arrays
GSE73115,cg05996042,25,2,M1,2.0546956847359743,0.024576224531350128,exploratory_unadjusted_arrays
GSE73115,cg05996042,26,2,constant_young,0.44834316966446797,0.08151046374051439,exploratory_unadjusted_arrays
GSE73115,cg05996042,26,2,M1,0.955810922541958,0.06886075984879513,exploratory_unadjusted_arrays
GSE73115,cg05996042,27,2,constant_young,2.1583851925096584,0.01460694899092985,exploratory_unadjusted_arrays
GSE73115,cg05996042,27,2,M1,2.0796844013929894,0.022629073812004817,exploratory_unadjusted_arrays
GSE73115,cg05996042,28,2,constant_young,1.8355708300049443,0.037940812042269616,exploratory_unadjusted_arrays
GSE73115,cg05996042,28,2,M1,2.0322058135707177,0.02635559475402391,exploratory_unadjusted_arrays
GSE73115,cg05996042,29,2,constant_young,2.1550388029718768,0.01501046655524913,exploratory_unadjusted_arrays
GSE73115,cg05996042,29,2,M1,2.0401132861259104,0.025723806864223295,exploratory_unadjusted_arrays
GSE73115,cg05996042,3,2,constant_young,2.0239891014125986,0.026902132081085505,exploratory_unadjusted_arrays
GSE73115,cg05996042,3,2,M1,2.140324753147201,0.016800723969086717,exploratory_unadjusted_arrays
GSE73115,cg05996042,30,2,constant_young,2.1723818373389543,0.012613508912344747,exploratory_unadjusted_arrays
GSE73115,cg05996042,30,2,M1,2.092936628485403,0.02146707796940148,exploratory_unadjusted_arrays
GSE73115,cg05996042,31,2,constant_young,2.1724418600615127,0.012504938919126537,exploratory_unadjusted_arrays
GSE73115,cg05996042,31,2,M1,2.2003782530512863,0.007079416372542363,exploratory_unadjusted_arrays
GSE73115,cg05996042,32,2,constant_young,2.004027643267142,0.028223838706287308,exploratory_unadjusted_arrays
GSE73115,cg05996042,32,2,M1,1.7231188329091014,0.04318970575015627,exploratory_unadjusted_arrays
GSE73115,cg05996042,33,2,constant_young,1.3702158982243022,0.056533036126411716,exploratory_unadjusted_arrays
GSE73115,cg05996042,33,2,M1,1.6944504562632816,0.0444261594135488,exploratory_unadjusted_arrays
GSE73115,cg05996042,34,2,constant_young,2.191369818470159,0.009188045046080708,exploratory_unadjusted_arrays
GSE73115,cg05996042,34,2,M1,2.0813132979546065,0.022427849698591622,exploratory_unadjusted_arrays
GSE73115,cg05996042,35,2,constant_young,1.8045861348260366,0.03947143105205451,exploratory_unadjusted_arrays
GSE73115,cg05996042,35,2,M1,1.9844462376137373,0.02964663104055761,exploratory_unadjusted_arrays
GSE73115,cg05996042,36,2,constant_young,2.1518940283865664,0.015353019433440659,exploratory_unadjusted_arrays
GSE73115,cg05996042,36,2,M1,2.1871374254362586,0.010087786738128953,exploratory_unadjusted_arrays
GSE73115,cg05996042,37,2,constant_young,2.057834934856694,0.024508958872171062,exploratory_unadjusted_arrays
GSE73115,cg05996042,37,2,M1,2.0529365654837304,0.024883722643747733,exploratory_unadjusted_arrays
GSE73115,cg05996042,38,2,constant_young,2.2023244233178945,0.006543832513864368,exploratory_unadjusted_arrays
GSE73115,cg05996042,38,2,M1,2.1556495799161564,0.014843793993810625,exploratory_unadjusted_arrays
GSE73115,cg05996042,39,2,constant_young,-5.755619701427003,0.16742428484445074,exploratory_unadjusted_arrays
GSE73115,cg05996042,39,2,M1,-4.640253960678559,0.15533226169270734,exploratory_unadjusted_arrays
GSE73115,cg05996042,4,2,constant_young,2.1606951148742617,0.01425241244730382,exploratory_unadjusted_arrays
GSE73115,cg05996042,4,2,M1,2.1673555098507316,0.013335276945265769,exploratory_unadjusted_arrays
GSE73115,cg05996042,40,2,constant_young,-3.5868595642379684,0.14044277031630303,exploratory_unadjusted_arrays
GSE73115,cg05996042,40,2,M1,-2.7622826462012737,0.13019031388854418,exploratory_unadjusted_arrays
GSE73115,cg05996042,41,2,constant_young,2.1190037512947355,0.01895122943467676,exploratory_unadjusted_arrays
GSE73115,cg05996042,41,2,M1,2.2058506176150243,0.0053598082979378365,exploratory_unadjusted_arrays
GSE73115,cg05996042,42,2,constant_young,1.4794318292517883,0.05273011048758372,exploratory_unadjusted_arrays
GSE73115,cg05996042,42,2,M1,1.095607128715552,0.0649717333741477,exploratory_unadjusted_arrays
GSE73115,cg05996042,43,2,constant_young,1.8349306031131822,0.037953808847117985,exploratory_unadjusted_arrays
GSE73115,cg05996042,43,2,M1,2.057521082917678,0.024384709496091447,exploratory_unadjusted_arrays
GSE73115,cg05996042,44,2,constant_young,1.830059801022574,0.03820899495578182,exploratory_unadjusted_arrays
GSE73115,cg05996042,44,2,M1,2.033827347242358,0.0262147416430485,exploratory_unadjusted_arrays
GSE73115,cg05996042,45,2,constant_young,1.5900551129019058,0.04858786714233974,exploratory_unadjusted_arrays
GSE73115,cg05996042,45,2,M1,1.3479274798700487,0.0571108391336317,exploratory_unadjusted_arrays
GSE73115,cg05996042,46,2,constant_young,-23.849603065090317,0.2570545367478106,exploratory_unadjusted_arrays
GSE73115,cg05996042,46,2,M1,-21.683921969750067,0.2462309312523463,exploratory_unadjusted_arrays
GSE73115,cg05996042,47,2,constant_young,2.1308646648992013,0.017887206584135538,exploratory_unadjusted_arrays
GSE73115,cg05996042,47,2,M1,2.094280074650146,0.021415479139635842,exploratory_unadjusted_arrays
GSE73115,cg05996042,48,2,constant_young,2.0043685791045487,0.02834237866325214,exploratory_unadjusted_arrays
GSE73115,cg05996042,48,2,M1,1.8370596526768477,0.03788423655208869,exploratory_unadjusted_arrays
GSE73115,cg05996042,49,2,constant_young,2.162009776800816,0.01405863058429902,exploratory_unadjusted_arrays
GSE73115,cg05996042,49,2,M1,2.033118443919376,0.026218729831488614,exploratory_unadjusted_arrays
GSE73115,cg05996042,5,2,constant_young,2.209136059434576,0.003998354745223247,exploratory_unadjusted_arrays
GSE73115,cg05996042,5,2,M1,2.1821571925345147,0.010892427239291983,exploratory_unadjusted_arrays
GSE73115,cg05996042,50,2,constant_young,2.121491051756778,0.01883817906425982,exploratory_unadjusted_arrays
GSE73115,cg05996042,50,2,M1,2.130141357613586,0.017946473371680875,exploratory_unadjusted_arrays
GSE73115,cg05996042,51,2,constant_young,2.1619920782720237,0.013977049428414233,exploratory_unadjusted_arrays
GSE73115,cg05996042,51,2,M1,1.994070939683684,0.028884712453492598,exploratory_unadjusted_arrays
GSE73115,cg05996042,52,2,constant_young,2.019035944900718,0.027259088401888537,exploratory_unadjusted_arrays
GSE73115,cg05996042,52,2,M1,1.782152756725786,0.040515961207437334,exploratory_unadjusted_arrays
GSE73115,cg05996042,53,2,constant_young,1.5192974026650754,0.05138986793684084,exploratory_unadjusted_arrays
GSE73115,cg05996042,53,2,M1,1.8487567203969648,0.03724612768115833,exploratory_unadjusted_arrays
GSE73115,cg05996042,54,2,constant_young,1.9807614472276698,0.02980545439198087,exploratory_unadjusted_arrays
GSE73115,cg05996042,54,2,M1,1.7200300585461452,0.04332636289222356,exploratory_unadjusted_arrays
GSE73115,cg05996042,55,2,constant_young,1.8695769476143353,0.036168000271353425,exploratory_unadjusted_arrays
GSE73115,cg05996042,55,2,M1,2.0872427958196598,0.02190833667784081,exploratory_unadjusted_arrays
GSE73115,cg05996042,56,2,constant_young,2.159560233283166,0.014357923414625946,exploratory_unadjusted_arrays
GSE73115,cg05996042,56,2,M1,2.191778263539155,0.009146910663748752,exploratory_unadjusted_arrays
GSE73115,cg05996042,57,2,constant_young,1.9106242403242528,0.033940070866698153,exploratory_unadjusted_arrays
GSE73115,cg05996042,57,2,M1,1.580366074873421,0.049076424286097445,exploratory_unadjusted_arrays
GSE73115,cg05996042,58,2,constant_young,1.8437289577177354,0.03761129596118057,exploratory_unadjusted_arrays
GSE73115,cg05996042,58,2,M1,1.8324050531118303,0.038170172348862705,exploratory_unadjusted_arrays
GSE73115,cg05996042,59,2,constant_young,1.930808037252719,0.03287092799567567,exploratory_unadjusted_arrays
GSE73115,cg05996042,59,2,M1,1.6913119767459088,0.04456207853070984,exploratory_unadjusted_arrays
GSE73115,cg05996042,6,2,constant_young,1.8708726698930838,0.03621879052433102,exploratory_unadjusted_arrays
GSE73115,cg05996042,6,2,M1,1.7334395839762506,0.04274340079351577,exploratory_unadjusted_arrays
GSE73115,cg05996042,60,2,constant_young,2.1626800533168202,0.014021289032128705,exploratory_unadjusted_arrays
GSE73115,cg05996042,60,2,M1,2.135468475061466,0.017317835547246915,exploratory_unadjusted_arrays
GSE73115,cg05996042,61,2,constant_young,1.632944590428396,0.0469033566218157,exploratory_unadjusted_arrays
GSE73115,cg05996042,61,2,M1,1.6589821120196302,0.04586293753668759,exploratory_unadjusted_arrays
GSE73115,cg05996042,62,2,constant_young,1.7045849135438584,0.04399324826295391,exploratory_unadjusted_arrays
GSE73115,cg05996042,62,2,M1,1.389518218956828,0.05587019353180835,exploratory_unadjusted_arrays
GSE73115,cg05996042,63,2,constant_young,1.8145313702750456,0.03896399200432944,exploratory_unadjusted_arrays
GSE73115,cg05996042,63,2,M1,1.461643687644278,0.05346572420443004,exploratory_unadjusted_arrays
GSE73115,cg05996042,64,2,constant_young,2.0847919746927004,0.02227758248154625,exploratory_unadjusted_arrays
GSE73115,cg05996042,64,2,M1,1.9574955055305159,0.031276331371148366,exploratory_unadjusted_arrays
GSE73115,cg05996042,65,2,constant_young,2.1961761510931535,0.008144881029026017,exploratory_unadjusted_arrays
GSE73115,cg05996042,65,2,M1,2.1050011373958677,0.020324268798950017,exploratory_unadjusted_arrays
GSE73115,cg05996042,66,2,constant_young,2.18186053078481,0.01106378462378079,exploratory_unadjusted_arrays
GSE73115,cg05996042,66,2,M1,2.112923928800307,0.019604396426101907,exploratory_unadjusted_arrays
GSE73115,cg05996042,67,2,constant_young,2.1771844608472173,0.011828997620905342,exploratory_unadjusted_arrays
GSE73115,cg05996042,67,2,M1,2.1627532697349894,0.0139557993933684,exploratory_unadjusted_arrays
GSE73115,cg05996042,68,2,constant_young,2.013210560969457,0.0277876459885705,exploratory_unadjusted_arrays
GSE73115,cg05996042,68,2,M1,1.9323925101575607,0.03281440445268488,exploratory_unadjusted_arrays
GSE73115,cg05996042,69,2,constant_young,1.2409448219096486,0.06042067745164031,exploratory_unadjusted_arrays
GSE73115,cg05996042,69,2,M1,0.881000057268212,0.07059160015743297,exploratory_unadjusted_arrays
GSE73115,cg05996042,7,2,constant_young,2.0161656583791068,0.027522240428097,exploratory_unadjusted_arrays
GSE73115,cg05996042,7,2,M1,1.837198409194838,0.03787063238339384,exploratory_unadjusted_arrays
GSE73115,cg05996042,70,2,constant_young,1.885821394495081,0.035302030493944585,exploratory_unadjusted_arrays
GSE73115,cg05996042,70,2,M1,2.0976760159332626,0.02097828877950512,exploratory_unadjusted_arrays
GSE73115,cg05996042,71,2,constant_young,1.7588172502296624,0.04158923233049234,exploratory_unadjusted_arrays
GSE73115,cg05996042,71,2,M1,1.3690831318582526,0.05666848333615747,exploratory_unadjusted_arrays
GSE73115,cg05996042,72,2,constant_young,1.5879189219335594,0.04871930449539218,exploratory_unadjusted_arrays
GSE73115,cg05996042,72,2,M1,1.2409332461869145,0.060639027369612505,exploratory_unadjusted_arrays
GSE73115,cg05996042,73,2,constant_young,0.83819420991598,0.0721750308747467,exploratory_unadjusted_arrays
GSE73115,cg05996042,73,2,M1,1.297511935305415,0.05893818486965655,exploratory_unadjusted_arrays
GSE73115,cg05996042,74,2,constant_young,2.120897834530835,0.01883810557047495,exploratory_unadjusted_arrays
GSE73115,cg05996042,74,2,M1,2.170953925919181,0.012837018444022972,exploratory_unadjusted_arrays
GSE73115,cg05996042,75,2,constant_young,1.8791490008251313,0.035712055364276414,exploratory_unadjusted_arrays
GSE73115,cg05996042,75,2,M1,2.04071773409515,0.02577243336228553,exploratory_unadjusted_arrays
GSE73115,cg05996042,76,2,constant_young,0.8204706704440822,0.0725557583319554,exploratory_unadjusted_arrays
GSE73115,cg05996042,76,2,M1,1.2710036495826151,0.05973243193766435,exploratory_unadjusted_arrays
GSE73115,cg05996042,77,2,constant_young,1.4988543758868336,0.052055623552337685,exploratory_unadjusted_arrays
GSE73115,cg05996042,77,2,M1,1.1006284985257957,0.06487484548154772,exploratory_unadjusted_arrays
GSE73115,cg05996042,78,2,constant_young,2.0612140707012934,0.02407383704334833,exploratory_unadjusted_arrays
GSE73115,cg05996042,78,2,M1,2.18192644032783,0.01097571303824132,exploratory_unadjusted_arrays
GSE73115,cg05996042,79,2,constant_young,2.1756309446971636,0.01207698562279282,exploratory_unadjusted_arrays
GSE73115,cg05996042,79,2,M1,2.1644535300959475,0.013723251703814448,exploratory_unadjusted_arrays
GSE73115,cg05996042,8,2,constant_young,1.862171584856192,0.03667937275976362,exploratory_unadjusted_arrays
GSE73115,cg05996042,8,2,M1,1.7987967259768478,0.03978089953657714,exploratory_unadjusted_arrays
GSE73115,cg05996042,80,2,constant_young,2.1790120651826257,0.011491477078117514,exploratory_unadjusted_arrays
GSE73115,cg05996042,80,2,M1,2.185132122597044,0.010430022811162443,exploratory_unadjusted_arrays
GSE73115,cg05996042,81,2,constant_young,2.1080957466482673,0.02001210399333628,exploratory_unadjusted_arrays
GSE73115,cg05996042,81,2,M1,2.2049680903741535,0.005646118510031382,exploratory_unadjusted_arrays
GSE73115,cg05996042,82,2,constant_young,2.1797021695297394,0.01138346802215591,exploratory_unadjusted_arrays
GSE73115,cg05996042,82,2,M1,2.1803946888090326,0.01126723522219037,exploratory_unadjusted_arrays
GSE73115,cg05996042,83,2,constant_young,1.8527207475762508,0.0371385256349993,exploratory_unadjusted_arrays
GSE73115,cg05996042,83,2,M1,1.9238068062631741,0.033353836153254435,exploratory_unadjusted_arrays
GSE73115,cg05996042,84,2,constant_young,1.4018109909931868,0.05542975394584722,exploratory_unadjusted_arrays
GSE73115,cg05996042,84,2,M1,1.694774419806841,0.044408622825791146,exploratory_unadjusted_arrays
GSE73115,cg05996042,85,2,constant_young,2.1017491031256026,0.020682370311126665,exploratory_unadjusted_arrays
GSE73115,cg05996042,85,2,M1,2.168030502657383,0.013269877873179512,exploratory_unadjusted_arrays
GSE73115,cg05996042,86,2,constant_young,1.9645010079295542,0.03090316759286828,exploratory_unadjusted_arrays
GSE73115,cg05996042,86,2,M1,1.7832137451602885,0.04048325267606375,exploratory_unadjusted_arrays
GSE73115,cg05996042,9,2,constant_young,0.4604491016160206,0.08128023007945598,exploratory_unadjusted_arrays
GSE73115,cg05996042,9,2,M1,0.9709979082225858,0.06848047682928789,exploratory_unadjusted_arrays
GSE73115,cg09789590,1,2,constant_young,2.1923232817247773,0.025493309021325714,exploratory_unadjusted_arrays
GSE73115,cg09789590,1,2,M1,2.2722641011640468,0.02415368530002638,exploratory_unadjusted_arrays
GSE73115,cg09789590,10,2,constant_young,2.133944757943757,0.02649387322239184,exploratory_unadjusted_arrays
GSE73115,cg09789590,10,2,M1,2.2192353284205697,0.025101640679609266,exploratory_unadjusted_arrays
GSE73115,cg09789590,11,2,constant_young,2.2982490503006567,0.023643530119133366,exploratory_unadjusted_arrays
GSE73115,cg09789590,11,2,M1,2.3008771888500568,0.023598101334964285,exploratory_unadjusted_arrays
GSE73115,cg09789590,12,2,constant_young,2.479297923121502,0.02027467194872233,exploratory_unadjusted_arrays
GSE73115,cg09789590,12,2,M1,2.550454840362833,0.018738294042548023,exploratory_unadjusted_arrays
GSE73115,cg09789590,13,2,constant_young,1.3227058000646061,0.03699602625376495,exploratory_unadjusted_arrays
GSE73115,cg09789590,13,2,M1,1.4437840690505448,0.035615534770285624,exploratory_unadjusted_arrays
GSE73115,cg09789590,14,2,constant_young,2.874330062311877,0.008918292128726553,exploratory_unadjusted_arrays
GSE73115,cg09789590,14,2,M1,2.8806110260087014,0.008617666230565965,exploratory_unadjusted_arrays
GSE73115,cg09789590,15,2,constant_young,2.830118122441508,0.010784687614444118,exploratory_unadjusted_arrays
GSE73115,cg09789590,15,2,M1,2.789376753267728,0.012269573041910656,exploratory_unadjusted_arrays
GSE73115,cg09789590,16,2,constant_young,1.964575523642199,0.028994998321470972,exploratory_unadjusted_arrays
GSE73115,cg09789590,16,2,M1,2.06088569548624,0.02757412318230899,exploratory_unadjusted_arrays
GSE73115,cg09789590,17,2,constant_young,2.8300134672172206,0.010832070541288015,exploratory_unadjusted_arrays
GSE73115,cg09789590,17,2,M1,2.8376724469713723,0.010531769847701912,exploratory_unadjusted_arrays
GSE73115,cg09789590,18,2,constant_young,2.532166969971519,0.019144994044294646,exploratory_unadjusted_arrays
GSE73115,cg09789590,18,2,M1,2.4408102553775217,0.021058993617060408,exploratory_unadjusted_arrays
GSE73115,cg09789590,19,2,constant_young,2.4341805560965417,0.021184821810080287,exploratory_unadjusted_arrays
GSE73115,cg09789590,19,2,M1,2.3449084129237097,0.022876043953342456,exploratory_unadjusted_arrays
GSE73115,cg09789590,2,2,constant_young,2.6140782315005144,0.017259242518429627,exploratory_unadjusted_arrays
GSE73115,cg09789590,2,2,M1,2.6718601623947746,0.0157907517738998,exploratory_unadjusted_arrays
GSE73115,cg09789590,20,2,constant_young,-8.906824443282158,0.097570113930468,exploratory_unadjusted_arrays
GSE73115,cg09789590,20,2,M1,-9.24193465178578,0.0989343989682426,exploratory_unadjusted_arrays
GSE73115,cg09789590,21,2,constant_young,2.657399061502515,0.016187997324268316,exploratory_unadjusted_arrays
GSE73115,cg09789590,21,2,M1,2.7028650696078973,0.014966534853752607,exploratory_unadjusted_arrays
GSE73115,cg09789590,22,2,constant_young,2.6175887473610606,0.01722027912214717,exploratory_unadjusted_arrays
GSE73115,cg09789590,22,2,M1,2.607185301817908,0.017468875471645825,exploratory_unadjusted_arrays
GSE73115,cg09789590,23,2,constant_young,2.4656995777108937,0.02055202146846841,exploratory_unadjusted_arrays
GSE73115,cg09789590,23,2,M1,2.438112701512055,0.021097730851456737,exploratory_unadjusted_arrays
GSE73115,cg09789590,24,2,constant_young,2.7816778436007494,0.012567021448347962,exploratory_unadjusted_arrays
GSE73115,cg09789590,24,2,M1,2.8054657003108003,0.011747861911386525,exploratory_unadjusted_arrays
GSE73115,cg09789590,25,2,constant_young,2.532278839157892,0.01914681153252914,exploratory_unadjusted_arrays
GSE73115,cg09789590,25,2,M1,2.5971796887088745,0.017666339340407188,exploratory_unadjusted_arrays
GSE73115,cg09789590,26,2,constant_young,2.946578670286754,0.004157746891235425,exploratory_unadjusted_arrays
GSE73115,cg09789590,26,2,M1,2.9587925319026995,0.002644692626557915,exploratory_unadjusted_arrays
GSE73115,cg09789590,27,2,constant_young,2.349137358621477,0.022811533989727968,exploratory_unadjusted_arrays
GSE73115,cg09789590,27,2,M1,2.427217237748107,0.021326428992455737,exploratory_unadjusted_arrays
GSE73115,cg09789590,28,2,constant_young,2.9340370962357625,0.005294414233665507,exploratory_unadjusted_arrays
GSE73115,cg09789590,28,2,M1,2.9127655236343943,0.006778503237664775,exploratory_unadjusted_arrays
GSE73115,cg09789590,29,2,constant_young,2.9462245631425006,0.004209064469524246,exploratory_unadjusted_arrays
GSE73115,cg09789590,29,2,M1,2.955105154676656,0.003199233362565595,exploratory_unadjusted_arrays
GSE73115,cg09789590,3,2,constant_young,2.6308373045128572,0.01683745213132956,exploratory_unadjusted_arrays
GSE73115,cg09789590,3,2,M1,2.6862884511283083,0.015388955665062504,exploratory_unadjusted_arrays
GSE73115,cg09789590,30,2,constant_young,0.4712428713275827,0.044916291929729825,exploratory_unadjusted_arrays
GSE73115,cg09789590,30,2,M1,0.32266671889206955,0.04622049548268736,exploratory_unadjusted_arrays
GSE73115,cg09789590,31,2,constant_young,2.3581344759097544,0.022642064599248814,exploratory_unadjusted_arrays
GSE73115,cg09789590,31,2,M1,2.2627171882738453,0.024344182707716756,exploratory_unadjusted_arrays
GSE73115,cg09789590,32,2,constant_young,2.389298391117567,0.022060570609944576,exploratory_unadjusted_arrays
GSE73115,cg09789590,32,2,M1,2.2817211836420914,0.02402097021183334,exploratory_unadjusted_arrays
GSE73115,cg09789590,33,2,constant_young,2.102519096819281,0.026762615764395366,exploratory_unadjusted_arrays
GSE73115,cg09789590,33,2,M1,2.085894749596301,0.02701294995082064,exploratory_unadjusted_arrays
GSE73115,cg09789590,34,2,constant_young,2.7930512227560658,0.012109667780727928,exploratory_unadjusted_arrays
GSE73115,cg09789590,34,2,M1,2.8357966030933994,0.010517636509026308,exploratory_unadjusted_arrays
GSE73115,cg09789590,35,2,constant_young,2.8679044131430658,0.009159531917825758,exploratory_unadjusted_arrays
GSE73115,cg09789590,35,2,M1,2.8272412875233295,0.01086883582197912,exploratory_unadjusted_arrays
GSE73115,cg09789590,36,2,constant_young,2.8059664532054773,0.011663796589913981,exploratory_unadjusted_arrays
GSE73115,cg09789590,36,2,M1,2.8457686394914115,0.010125934387592104,exploratory_unadjusted_arrays
GSE73115,cg09789590,37,2,constant_young,2.300436659697978,0.023688949532461742,exploratory_unadjusted_arrays
GSE73115,cg09789590,37,2,M1,2.381197640688182,0.022212758261070515,exploratory_unadjusted_arrays
GSE73115,cg09789590,38,2,constant_young,2.0091227974188404,0.02813819074031041,exploratory_unadjusted_arrays
GSE73115,cg09789590,38,2,M1,2.037322863952751,0.027729563820722846,exploratory_unadjusted_arrays
GSE73115,cg09789590,39,2,constant_young,2.84654182290664,0.010079991295075488,exploratory_unadjusted_arrays
GSE73115,cg09789590,39,2,M1,2.882317501386815,0.008453424345872235,exploratory_unadjusted_arrays
GSE73115,cg09789590,4,2,constant_young,2.525782543189283,0.019290725198813877,exploratory_unadjusted_arrays
GSE73115,cg09789590,4,2,M1,2.580844899548517,0.018054571296826253,exploratory_unadjusted_arrays
GSE73115,cg09789590,40,2,constant_young,1.812827159491063,0.031084850422732214,exploratory_unadjusted_arrays
GSE73115,cg09789590,40,2,M1,1.6823693097320125,0.032786114385232296,exploratory_unadjusted_arrays
GSE73115,cg09789590,41,2,constant_young,2.282572465162817,0.024015551870188487,exploratory_unadjusted_arrays
GSE73115,cg09789590,41,2,M1,2.3655007421674767,0.022514535613316348,exploratory_unadjusted_arrays
GSE73115,cg09789590,42,2,constant_young,2.861386678028159,0.009439354183266451,exploratory_unadjusted_arrays
GSE73115,cg09789590,42,2,M1,2.8946726097960536,0.007813696298041576,exploratory_unadjusted_arrays
GSE73115,cg09789590,43,2,constant_young,2.8673860854691537,0.009218598564538221,exploratory_unadjusted_arrays
GSE73115,cg09789590,43,2,M1,2.8872995085715933,0.00826133648207621,exploratory_unadjusted_arrays
GSE73115,cg09789590,44,2,constant_young,2.9667172087736375,0.0005126480931947297,exploratory_unadjusted_arrays
GSE73115,cg09789590,44,2,M1,2.962830689718706,0.0018810484084759,exploratory_unadjusted_arrays
GSE73115,cg09789590,45,2,constant_young,2.6512067755173585,0.01636918512049107,exploratory_unadjusted_arrays
GSE73115,cg09789590,45,2,M1,2.6811141528949767,0.015589665892714443,exploratory_unadjusted_arrays
GSE73115,cg09789590,46,2,constant_young,2.585203129365849,0.017961928197408328,exploratory_unadjusted_arrays
GSE73115,cg09789590,46,2,M1,2.5159669907145257,0.01950608384764599,exploratory_unadjusted_arrays
GSE73115,cg09789590,47,2,constant_young,1.4722490535912864,0.03529130629165843,exploratory_unadjusted_arrays
GSE73115,cg09789590,47,2,M1,1.5876348972952494,0.0339099270242401,exploratory_unadjusted_arrays
GSE73115,cg09789590,48,2,constant_young,2.890848344975578,0.008014049660613302,exploratory_unadjusted_arrays
GSE73115,cg09789590,48,2,M1,2.8516576160203955,0.009861684523014618,exploratory_unadjusted_arrays
GSE73115,cg09789590,49,2,constant_young,2.9141646315945753,0.006692579193627757,exploratory_unadjusted_arrays
GSE73115,cg09789590,49,2,M1,2.9342925469758363,0.0052761343045976865,exploratory_unadjusted_arrays
GSE73115,cg09789590,5,2,constant_young,2.611271173480997,0.017328587997250046,exploratory_unadjusted_arrays
GSE73115,cg09789590,5,2,M1,2.5402987428832966,0.018970307459019984,exploratory_unadjusted_arrays
GSE73115,cg09789590,50,2,constant_young,2.126363912864681,0.02646623049295293,exploratory_unadjusted_arrays
GSE73115,cg09789590,50,2,M1,2.043507088170387,0.027719570903711188,exploratory_unadjusted_arrays
GSE73115,cg09789590,51,2,constant_young,2.9108023913477243,0.006895579271527947,exploratory_unadjusted_arrays
GSE73115,cg09789590,51,2,M1,2.8801461435756943,0.008565906524432104,exploratory_unadjusted_arrays
GSE73115,cg09789590,52,2,constant_young,2.862018922199465,0.009437568604688569,exploratory_unadjusted_arrays
GSE73115,cg09789590,52,2,M1,2.8898927449379976,0.008100356826096491,exploratory_unadjusted_arrays
GSE73115,cg09789590,53,2,constant_young,2.515458827218631,0.01951350714667698,exploratory_unadjusted_arrays
GSE73115,cg09789590,53,2,M1,2.436110994960279,0.021149960414384363,exploratory_unadjusted_arrays
GSE73115,cg09789590,54,2,constant_young,1.5628616391138754,0.0341162451314856,exploratory_unadjusted_arrays
GSE73115,cg09789590,54,2,M1,1.6383433385483168,0.0331951739222853,exploratory_unadjusted_arrays
GSE73115,cg09789590,55,2,constant_young,1.96060402426719,0.02898709206635736,exploratory_unadjusted_arrays
GSE73115,cg09789590,55,2,M1,1.8325814789028962,0.03075962954838059,exploratory_unadjusted_arrays
GSE73115,cg09789590,56,2,constant_young,2.8744734940861267,0.008831874294117718,exploratory_unadjusted_arrays
GSE73115,cg09789590,56,2,M1,2.905909541715773,0.007176882269844994,exploratory_unadjusted_arrays
GSE73115,cg09789590,57,2,constant_young,2.923573990330511,0.006116041865316979,exploratory_unadjusted_arrays
GSE73115,cg09789590,57,2,M1,2.9232585613929745,0.00613769245040847,exploratory_unadjusted_arrays
GSE73115,cg09789590,58,2,constant_young,2.9379377039088816,0.004997550252426877,exploratory_unadjusted_arrays
GSE73115,cg09789590,58,2,M1,2.9251632831802805,0.005977398730160403,exploratory_unadjusted_arrays
GSE73115,cg09789590,59,2,constant_young,2.7823006117682874,0.01250027409574176,exploratory_unadjusted_arrays
GSE73115,cg09789590,59,2,M1,2.822740756670095,0.011056546908982832,exploratory_unadjusted_arrays
GSE73115,cg09789590,6,2,constant_young,2.8704020608087983,0.009097076355600982,exploratory_unadjusted_arrays
GSE73115,cg09789590,6,2,M1,2.8810582432932668,0.008591320693461206,exploratory_unadjusted_arrays
GSE73115,cg09789590,60,2,constant_young,2.7581763886750887,0.013324094665967503,exploratory_unadjusted_arrays
GSE73115,cg09789590,60,2,M1,2.7890771511621644,0.012314618435626656,exploratory_unadjusted_arrays
GSE73115,cg09789590,61,2,constant_young,2.797703325088353,0.01203680440810165,exploratory_unadjusted_arrays
GSE73115,cg09789590,61,2,M1,2.784302217169471,0.012493607947795325,exploratory_unadjusted_arrays
GSE73115,cg09789590,62,2,constant_young,1.9147976290172903,0.02965073072972942,exploratory_unadjusted_arrays
GSE73115,cg09789590,62,2,M1,1.8031660200881963,0.03117232044595412,exploratory_unadjusted_arrays
GSE73115,cg09789590,63,2,constant_young,2.5905741567701144,0.017849084887344505,exploratory_unadjusted_arrays
GSE73115,cg09789590,63,2,M1,2.5495920952641833,0.018779801163698887,exploratory_unadjusted_arrays
GSE73115,cg09789590,64,2,constant_young,2.8169267291397557,0.011308972787946398,exploratory_unadjusted_arrays
GSE73115,cg09789590,64,2,M1,2.841095984770745,0.01037397370649168,exploratory_unadjusted_arrays
GSE73115,cg09789590,65,2,constant_young,2.8244720185769054,0.010972617690994384,exploratory_unadjusted_arrays
GSE73115,cg09789590,65,2,M1,2.775923140681188,0.012699636912277561,exploratory_unadjusted_arrays
GSE73115,cg09789590,66,2,constant_young,2.4855067555167536,0.02014520652772319,exploratory_unadjusted_arrays
GSE73115,cg09789590,66,2,M1,2.55619077480859,0.01860853087535765,exploratory_unadjusted_arrays
GSE73115,cg09789590,67,2,constant_young,2.9145121447292475,0.006653552659603188,exploratory_unadjusted_arrays
GSE73115,cg09789590,67,2,M1,2.937584767374164,0.004982444196131898,exploratory_unadjusted_arrays
GSE73115,cg09789590,68,2,constant_young,2.9446771487815497,0.00437836197924688,exploratory_unadjusted_arrays
GSE73115,cg09789590,68,2,M1,2.931897806238549,0.005470970699512922,exploratory_unadjusted_arrays
GSE73115,cg09789590,69,2,constant_young,2.066247998593452,0.02730034588243577,exploratory_unadjusted_arrays
GSE73115,cg09789590,69,2,M1,2.0437150620435216,0.0276322145786743,exploratory_unadjusted_arrays
GSE73115,cg09789590,7,2,constant_young,1.8446514933238118,0.03031082946934526,exploratory_unadjusted_arrays
GSE73115,cg09789590,7,2,M1,1.8454733762707993,0.030299981464716103,exploratory_unadjusted_arrays
GSE73115,cg09789590,70,2,constant_young,2.663602817843761,0.01600670513953184,exploratory_unadjusted_arrays
GSE73115,cg09789590,70,2,M1,2.717035824187694,0.014536676403980063,exploratory_unadjusted_arrays
GSE73115,cg09789590,71,2,constant_young,2.65397312722801,0.016267401803554685,exploratory_unadjusted_arrays
GSE73115,cg09789590,71,2,M1,2.6982216353027457,0.015083880626406714,exploratory_unadjusted_arrays
GSE73115,cg09789590,72,2,constant_young,2.295141772201611,0.023716959281022326,exploratory_unadjusted_arrays
GSE73115,cg09789590,72,2,M1,2.3394939537905755,0.02293582911490906,exploratory_unadjusted_arrays
GSE73115,cg09789590,73,2,constant_young,2.89703321013873,0.00772294832520215,exploratory_unadjusted_arrays
GSE73115,cg09789590,73,2,M1,2.8717226726111234,0.008996504373898012,exploratory_unadjusted_arrays
GSE73115,cg09789590,74,2,constant_young,1.3421588433980964,0.03662604763471967,exploratory_unadjusted_arrays
GSE73115,cg09789590,74,2,M1,1.420926971066694,0.0357355199565893,exploratory_unadjusted_arrays
GSE73115,cg09789590,75,2,constant_young,2.6243436952179913,0.017009998811304935,exploratory_unadjusted_arrays
GSE73115,cg09789590,75,2,M1,2.556062095014312,0.01861873308735618,exploratory_unadjusted_arrays
GSE73115,cg09789590,76,2,constant_young,2.9120887652673932,0.006869894617678126,exploratory_unadjusted_arrays
GSE73115,cg09789590,76,2,M1,2.8988299111226254,0.0076382800592695935,exploratory_unadjusted_arrays
GSE73115,cg09789590,77,2,constant_young,2.743315505745656,0.013818730146750294,exploratory_unadjusted_arrays
GSE73115,cg09789590,77,2,M1,2.733077851998293,0.014124279487095381,exploratory_unadjusted_arrays
GSE73115,cg09789590,78,2,constant_young,2.597517428427028,0.01769879275846765,exploratory_unadjusted_arrays
GSE73115,cg09789590,78,2,M1,2.604101368333784,0.01754404732111427,exploratory_unadjusted_arrays
GSE73115,cg09789590,79,2,constant_young,2.4226537720030175,0.021418389566322093,exploratory_unadjusted_arrays
GSE73115,cg09789590,79,2,M1,2.497469779011677,0.019894085218688125,exploratory_unadjusted_arrays
GSE73115,cg09789590,8,2,constant_young,2.0597543390601434,0.02740326564801047,exploratory_unadjusted_arrays
GSE73115,cg09789590,8,2,M1,2.081816481654185,0.02707526627261179,exploratory_unadjusted_arrays
GSE73115,cg09789590,80,2,constant_young,2.9571865696744943,0.0028936923828643637,exploratory_unadjusted_arrays
GSE73115,cg09789590,80,2,M1,2.9444438395435895,0.004371603498705466,exploratory_unadjusted_arrays
GSE73115,cg09789590,81,2,constant_young,2.7497462114473037,0.013605061488843303,exploratory_unadjusted_arrays
GSE73115,cg09789590,81,2,M1,2.771810090635852,0.012909590220931346,exploratory_unadjusted_arrays
GSE73115,cg09789590,82,2,constant_young,2.946027647710168,0.004254522082334328,exploratory_unadjusted_arrays
GSE73115,cg09789590,82,2,M1,2.9412800830596186,0.004700872219634478,exploratory_unadjusted_arrays
GSE73115,cg09789590,83,2,constant_young,1.4673274087746455,0.035503733920086204,exploratory_unadjusted_arrays
GSE73115,cg09789590,83,2,M1,1.2754583598946954,0.03770364220384754,exploratory_unadjusted_arrays
GSE73115,cg09789590,84,2,constant_young,2.695192552348945,0.015188889220954892,exploratory_unadjusted_arrays
GSE73115,cg09789590,84,2,M1,2.7297688176726216,0.01420585934853714,exploratory_unadjusted_arrays
GSE73115,cg09789590,85,2,constant_young,2.901703699138376,0.007426596915729085,exploratory_unadjusted_arrays
GSE73115,cg09789590,85,2,M1,2.9268229795572536,0.0058300649554915585,exploratory_unadjusted_arrays
GSE73115,cg09789590,86,2,constant_young,2.8709034310066017,0.009080319051334726,exploratory_unadjusted_arrays
GSE73115,cg09789590,86,2,M1,2.855328872689255,0.009773573311805674,exploratory_unadjusted_arrays
GSE73115,cg09789590,9,2,constant_young,2.813751440820477,0.011419960982099315,exploratory_unadjusted_arrays
GSE73115,cg09789590,9,2,M1,2.7750842402589893,0.01276189432586847,exploratory_unadjusted_arrays
GSE73115,cg19588432,1,2,constant_young,2.8840978188168735,0.009337522301193172,exploratory_unadjusted_arrays
GSE73115,cg19588432,1,2,M1,2.8813908361754272,0.009452772547693982,exploratory_unadjusted_arrays
GSE73115,cg19588432,10,2,constant_young,2.934093014823162,0.0068697282275392004,exploratory_unadjusted_arrays
GSE73115,cg19588432,10,2,M1,2.931914863627033,0.006995404697167439,exploratory_unadjusted_arrays
GSE73115,cg19588432,11,2,constant_young,2.8438528568506927,0.010926357686723622,exploratory_unadjusted_arrays
GSE73115,cg19588432,11,2,M1,2.836800032924619,0.011181571957425475,exploratory_unadjusted_arrays
GSE73115,cg19588432,12,2,constant_young,2.9571589339122695,0.005361010226530349,exploratory_unadjusted_arrays
GSE73115,cg19588432,12,2,M1,2.9574640030079786,0.005338199637742661,exploratory_unadjusted_arrays
GSE73115,cg19588432,13,2,constant_young,2.92792761027082,0.007219798443317011,exploratory_unadjusted_arrays
GSE73115,cg19588432,13,2,M1,2.9277966096292114,0.007227052654810908,exploratory_unadjusted_arrays
GSE73115,cg19588432,14,2,constant_young,2.9527828375541434,0.005678142983006318,exploratory_unadjusted_arrays
GSE73115,cg19588432,14,2,M1,2.953675288284516,0.00561492182947955,exploratory_unadjusted_arrays
GSE73115,cg19588432,15,2,constant_young,2.950482664747413,0.005837931652635906,exploratory_unadjusted_arrays
GSE73115,cg19588432,15,2,M1,2.9514758552999876,0.00576947948594919,exploratory_unadjusted_arrays
GSE73115,cg19588432,16,2,constant_young,2.6862494798755585,0.015667418226317054,exploratory_unadjusted_arrays
GSE73115,cg19588432,16,2,M1,2.682436496263355,0.01576446576221644,exploratory_unadjusted_arrays
GSE73115,cg19588432,17,2,constant_young,2.844514153372247,0.010902121586231783,exploratory_unadjusted_arrays
GSE73115,cg19588432,17,2,M1,2.8429776806446947,0.010958349933408001,exploratory_unadjusted_arrays
GSE73115,cg19588432,18,2,constant_young,2.9063040445234405,0.008332127108969608,exploratory_unadjusted_arrays
GSE73115,cg19588432,18,2,M1,2.906000033364982,0.008346708997370935,exploratory_unadjusted_arrays
GSE73115,cg19588432,19,2,constant_young,2.9070605375349516,0.008295730694207557,exploratory_unadjusted_arrays
GSE73115,cg19588432,19,2,M1,2.907820729567312,0.008258994740580066,exploratory_unadjusted_arrays
GSE73115,cg19588432,2,2,constant_young,2.265979894400671,0.02411811896185608,exploratory_unadjusted_arrays
GSE73115,cg19588432,2,2,M1,2.2581334545831733,0.024247903293114645,exploratory_unadjusted_arrays
GSE73115,cg19588432,20,2,constant_young,2.764392668834902,0.013526028342083907,exploratory_unadjusted_arrays
GSE73115,cg19588432,20,2,M1,2.761248786816165,0.013618683795648052,exploratory_unadjusted_arrays
GSE73115,cg19588432,21,2,constant_young,2.8457526668348874,0.010856585296992273,exploratory_unadjusted_arrays
GSE73115,cg19588432,21,2,M1,2.8479166428817004,0.010776560836993338,exploratory_unadjusted_arrays
GSE73115,cg19588432,22,2,constant_young,2.9826135834406626,0.0028942548309104903,exploratory_unadjusted_arrays
GSE73115,cg19588432,22,2,M1,2.982253420789903,0.0029436102233237815,exploratory_unadjusted_arrays
GSE73115,cg19588432,23,2,constant_young,2.838544178976917,0.01111900330952577,exploratory_unadjusted_arrays
GSE73115,cg19588432,23,2,M1,2.837515495508024,0.011155948250702824,exploratory_unadjusted_arrays
GSE73115,cg19588432,24,2,constant_young,2.8916550468507163,0.009007970931247814,exploratory_unadjusted_arrays
GSE73115,cg19588432,24,2,M1,2.886409927455059,0.009237945432547849,exploratory_unadjusted_arrays
GSE73115,cg19588432,25,2,constant_young,2.773180120139723,0.013263614954717288,exploratory_unadjusted_arrays
GSE73115,cg19588432,25,2,M1,2.7726329270350787,0.013280106782353666,exploratory_unadjusted_arrays
GSE73115,cg19588432,26,2,constant_young,2.7349510882637094,0.01437034123352021,exploratory_unadjusted_arrays
GSE73115,cg19588432,26,2,M1,2.7238380195149627,0.014676415167431326,exploratory_unadjusted_arrays
GSE73115,cg19588432,27,2,constant_young,2.929932941294921,0.007107828412591423,exploratory_unadjusted_arrays
GSE73115,cg19588432,27,2,M1,2.9311112183489767,0.007041207502949858,exploratory_unadjusted_arrays
GSE73115,cg19588432,28,2,constant_young,2.831502075498176,0.011369517024932845,exploratory_unadjusted_arrays
GSE73115,cg19588432,28,2,M1,2.8304598959807024,0.011406123837404922,exploratory_unadjusted_arrays
GSE73115,cg19588432,29,2,constant_young,2.8537604200443036,0.010557425905178575,exploratory_unadjusted_arrays
GSE73115,cg19588432,29,2,M1,2.85537236834162,0.010496174689165706,exploratory_unadjusted_arrays
GSE73115,cg19588432,3,2,constant_young,2.902905936818992,0.008493693444172867,exploratory_unadjusted_arrays
GSE73115,cg19588432,3,2,M1,2.9012635142962657,0.008570692290694263,exploratory_unadjusted_arrays
GSE73115,cg19588432,30,2,constant_young,2.896816379992438,0.008775789069071142,exploratory_unadjusted_arrays
GSE73115,cg19588432,30,2,M1,2.8919808541916012,0.008993491781588373,exploratory_unadjusted_arrays
GSE73115,cg19588432,31,2,constant_young,2.8724445519399584,0.00982404887135705,exploratory_unadjusted_arrays
GSE73115,cg19588432,31,2,M1,2.871815114905512,0.00984964394556316,exploratory_unadjusted_arrays
GSE73115,cg19588432,32,2,constant_young,2.639883982200126,0.016809532772170618,exploratory_unadjusted_arrays
GSE73115,cg19588432,32,2,M1,2.6339761642367012,0.016949532335419105,exploratory_unadjusted_arrays
GSE73115,cg19588432,33,2,constant_young,2.2012228272218533,0.025169213654806462,exploratory_unadjusted_arrays
GSE73115,cg19588432,33,2,M1,2.1721531304731436,0.025627037936528364,exploratory_unadjusted_arrays
GSE73115,cg19588432,34,2,constant_young,2.9565568809614255,0.005405744445461536,exploratory_unadjusted_arrays
GSE73115,cg19588432,34,2,M1,2.9543216881851038,0.005568682719521335,exploratory_unadjusted_arrays
GSE73115,cg19588432,35,2,constant_young,2.731099330003727,0.014477158346022095,exploratory_unadjusted_arrays
GSE73115,cg19588432,35,2,M1,2.7200611439750264,0.01477899396436569,exploratory_unadjusted_arrays
GSE73115,cg19588432,36,2,constant_young,2.861856565880297,0.010246088281609762,exploratory_unadjusted_arrays
GSE73115,cg19588432,36,2,M1,2.859401298850731,0.0103414959603625,exploratory_unadjusted_arrays
GSE73115,cg19588432,37,2,constant_young,2.68931302428384,0.01558900761279262,exploratory_unadjusted_arrays
GSE73115,cg19588432,37,2,M1,2.6919613952354284,0.015520904019754641,exploratory_unadjusted_arrays
GSE73115,cg19588432,38,2,constant_young,2.974936056127813,0.0038103455061881657,exploratory_unadjusted_arrays
GSE73115,cg19588432,38,2,M1,2.9734220716393622,0.003966096376449898,exploratory_unadjusted_arrays
GSE73115,cg19588432,39,2,constant_young,2.973482475049045,0.003959999714588687,exploratory_unadjusted_arrays
GSE73115,cg19588432,39,2,M1,2.9719886230363013,0.004108123580144301,exploratory_unadjusted_arrays
GSE73115,cg19588432,4,2,constant_young,2.9559053364972288,0.00545374262144775,exploratory_unadjusted_arrays
GSE73115,cg19588432,4,2,M1,2.955890589981223,0.0054548240845879,exploratory_unadjusted_arrays
GSE73115,cg19588432,40,2,constant_young,2.9273939953959305,0.007249302136208293,exploratory_unadjusted_arrays
GSE73115,cg19588432,40,2,M1,2.9269602891635436,0.007273193689703572,exploratory_unadjusted_arrays
GSE73115,cg19588432,41,2,constant_young,2.868264496026087,0.009992796453341226,exploratory_unadjusted_arrays
GSE73115,cg19588432,41,2,M1,2.867418288832861,0.010026611925894503,exploratory_unadjusted_arrays
GSE73115,cg19588432,42,2,constant_young,2.9365765428528716,0.006723566278135543,exploratory_unadjusted_arrays
GSE73115,cg19588432,42,2,M1,2.936580727395201,0.006723317325741653,exploratory_unadjusted_arrays
GSE73115,cg19588432,43,2,constant_young,2.9763516381830835,0.003658724809590361,exploratory_unadjusted_arrays
GSE73115,cg19588432,43,2,M1,2.9766899481437736,0.003621549290532949,exploratory_unadjusted_arrays
GSE73115,cg19588432,44,2,constant_young,2.9077747496007103,0.008261221344220856,exploratory_unadjusted_arrays
GSE73115,cg19588432,44,2,M1,2.9077764176629852,0.008261140577934183,exploratory_unadjusted_arrays
GSE73115,cg19588432,45,2,constant_young,2.975491457940815,0.0037515878539795488,exploratory_unadjusted_arrays
GSE73115,cg19588432,45,2,M1,2.9756239521061136,0.0037374344267006978,exploratory_unadjusted_arrays
GSE73115,cg19588432,46,2,constant_young,2.8551366028944187,0.01050515566106679,exploratory_unadjusted_arrays
GSE73115,cg19588432,46,2,M1,2.8544751753732744,0.01053031041708454,exploratory_unadjusted_arrays
GSE73115,cg19588432,47,2,constant_young,1.7126731974560117,0.032005140521703224,exploratory_unadjusted_arrays
GSE73115,cg19588432,47,2,M1,1.7062102789067515,0.032085812357697564,exploratory_unadjusted_arrays
GSE73115,cg19588432,48,2,constant_young,2.8911377845043935,0.009030910816482688,exploratory_unadjusted_arrays
GSE73115,cg19588432,48,2,M1,2.8889263188242094,0.009128336251443159,exploratory_unadjusted_arrays
GSE73115,cg19588432,49,2,constant_young,2.654571173239667,0.01645632520300462,exploratory_unadjusted_arrays
GSE73115,cg19588432,49,2,M1,2.656091383469915,0.016419332233767816,exploratory_unadjusted_arrays
GSE73115,cg19588432,5,2,constant_young,2.9734896249711635,0.0039592774343114754,exploratory_unadjusted_arrays
GSE73115,cg19588432,5,2,M1,2.973707415391228,0.003937212905825159,exploratory_unadjusted_arrays
GSE73115,cg19588432,50,2,constant_young,2.8951015420365382,0.008853606279338832,exploratory_unadjusted_arrays
GSE73115,cg19588432,50,2,M1,2.8937557052384246,0.008914202913779722,exploratory_unadjusted_arrays
GSE73115,cg19588432,51,2,constant_young,2.975000261548476,0.0038035994189711806,exploratory_unadjusted_arrays
GSE73115,cg19588432,51,2,M1,2.975649716013747,0.003734676019118785,exploratory_unadjusted_arrays
GSE73115,cg19588432,52,2,constant_young,2.798411440742157,0.012479520230563873,exploratory_unadjusted_arrays
GSE73115,cg19588432,52,2,M1,2.800909503877765,0.012399192500988383,exploratory_unadjusted_arrays
GSE73115,cg19588432,53,2,constant_young,2.9800988192002356,0.003223123084616846,exploratory_unadjusted_arrays
GSE73115,cg19588432,53,2,M1,2.9804099344897512,0.0031842785975754956,exploratory_unadjusted_arrays
GSE73115,cg19588432,54,2,constant_young,2.8999502735661338,0.008631764531419499,exploratory_unadjusted_arrays
GSE73115,cg19588432,54,2,M1,2.90090754730143,0.00858728944065791,exploratory_unadjusted_arrays
GSE73115,cg19588432,55,2,constant_young,2.890396518196053,0.009063683755622567,exploratory_unadjusted_arrays
GSE73115,cg19588432,55,2,M1,2.8896817735671387,0.009095172286717149,exploratory_unadjusted_arrays
GSE73115,cg19588432,56,2,constant_young,2.9234117674184743,0.0074657996118298675,exploratory_unadjusted_arrays
GSE73115,cg19588432,56,2,M1,2.919794960731612,0.007657127999027369,exploratory_unadjusted_arrays
GSE73115,cg19588432,57,2,constant_young,2.9214783500195445,0.0075686787329852494,exploratory_unadjusted_arrays
GSE73115,cg19588432,57,2,M1,2.9218616568492553,0.007548394021205733,exploratory_unadjusted_arrays
GSE73115,cg19588432,58,2,constant_young,2.9282546234581837,0.007201658073821031,exploratory_unadjusted_arrays
GSE73115,cg19588432,58,2,M1,2.9281231056971118,0.007208959232863588,exploratory_unadjusted_arrays
GSE73115,cg19588432,59,2,constant_young,2.96749789857713,0.004524296510737882,exploratory_unadjusted_arrays
GSE73115,cg19588432,59,2,M1,2.967639967522026,0.004511718493119633,exploratory_unadjusted_arrays
GSE73115,cg19588432,6,2,constant_young,2.7796457615612464,0.013067171405081571,exploratory_unadjusted_arrays
GSE73115,cg19588432,6,2,M1,2.7814639139949415,0.013011396795994857,exploratory_unadjusted_arrays
GSE73115,cg19588432,60,2,constant_young,2.9878437331425793,0.0020475818090408106,exploratory_unadjusted_arrays
GSE73115,cg19588432,60,2,M1,2.9872643751898145,0.002157794621118275,exploratory_unadjusted_arrays
GSE73115,cg19588432,61,2,constant_young,2.9166354211995884,0.007820437380294525,exploratory_unadjusted_arrays
GSE73115,cg19588432,61,2,M1,2.918084879954207,0.007745945637261659,exploratory_unadjusted_arrays
GSE73115,cg19588432,62,2,constant_young,2.8606864950291393,0.010291665645339787,exploratory_unadjusted_arrays
GSE73115,cg19588432,62,2,M1,2.856847584827027,0.010439804112968644,exploratory_unadjusted_arrays
GSE73115,cg19588432,63,2,constant_young,2.949392888147592,0.005912128826463881,exploratory_unadjusted_arrays
GSE73115,cg19588432,63,2,M1,2.9482946705959243,0.00598597037263294,exploratory_unadjusted_arrays
GSE73115,cg19588432,64,2,constant_young,2.8193747862761214,0.011788458285877825,exploratory_unadjusted_arrays
GSE73115,cg19588432,64,2,M1,2.8191902619386213,0.011794717810438775,exploratory_unadjusted_arrays
GSE73115,cg19588432,65,2,constant_young,2.807213456479079,0.012194130251703704,exploratory_unadjusted_arrays
GSE73115,cg19588432,65,2,M1,2.8057628272569293,0.012241622277020121,exploratory_unadjusted_arrays
GSE73115,cg19588432,66,2,constant_young,2.8964970315080727,0.008790332904521896,exploratory_unadjusted_arrays
GSE73115,cg19588432,66,2,M1,2.8962556774885106,0.00880130875426888,exploratory_unadjusted_arrays
GSE73115,cg19588432,67,2,constant_young,2.9213073497916846,0.007577710600533041,exploratory_unadjusted_arrays
GSE73115,cg19588432,67,2,M1,2.9216952992065988,0.0075572044046393096,exploratory_unadjusted_arrays
GSE73115,cg19588432,68,2,constant_young,2.9686995900043254,0.004416775495236147,exploratory_unadjusted_arrays
GSE73115,cg19588432,68,2,M1,2.96701024205786,0.004567207476400739,exploratory_unadjusted_arrays
GSE73115,cg19588432,69,2,constant_young,2.6115718248966378,0.017470263817740948,exploratory_unadjusted_arrays
GSE73115,cg19588432,69,2,M1,2.6114323186655595,0.017473457667168547,exploratory_unadjusted_arrays
GSE73115,cg19588432,7,2,constant_young,2.8206398667044628,0.01174545377647065,exploratory_unadjusted_arrays
GSE73115,cg19588432,7,2,M1,2.8200679187674695,0.01176491575680859,exploratory_unadjusted_arrays
GSE73115,cg19588432,70,2,constant_young,2.9401449040428833,0.006507814882468018,exploratory_unadjusted_arrays
GSE73115,cg19588432,70,2,M1,2.936951333156474,0.006701232069821154,exploratory_unadjusted_arrays
GSE73115,cg19588432,71,2,constant_young,2.7574952185439052,0.013728488734877354,exploratory_unadjusted_arrays
GSE73115,cg19588432,71,2,M1,2.7576297664566605,0.013724567920829071,exploratory_unadjusted_arrays
GSE73115,cg19588432,72,2,constant_young,2.9223823140412337,0.007520753057094185,exploratory_unadjusted_arrays
GSE73115,cg19588432,72,2,M1,2.92082921595054,0.007602907668671684,exploratory_unadjusted_arrays
GSE73115,cg19588432,73,2,constant_young,2.954021172910132,0.005590227137663824,exploratory_unadjusted_arrays
GSE73115,cg19588432,73,2,M1,2.9514504800989236,0.005771238489236062,exploratory_unadjusted_arrays
GSE73115,cg19588432,74,2,constant_young,2.907833090636176,0.008258396047044352,exploratory_unadjusted_arrays
GSE73115,cg19588432,74,2,M1,2.907464827136777,0.008276213872862207,exploratory_unadjusted_arrays
GSE73115,cg19588432,75,2,constant_young,2.847318851472056,0.010798726619427578,exploratory_unadjusted_arrays
GSE73115,cg19588432,75,2,M1,2.845806035939034,0.010854618787758114,exploratory_unadjusted_arrays
GSE73115,cg19588432,76,2,constant_young,2.3043474498306695,0.023473168041707595,exploratory_unadjusted_arrays
GSE73115,cg19588432,76,2,M1,2.2897642208141225,0.0237203752315911,exploratory_unadjusted_arrays
GSE73115,cg19588432,77,2,constant_young,2.863677711760329,0.010174743651341576,exploratory_unadjusted_arrays
GSE73115,cg19588432,77,2,M1,2.865412877380309,0.010106298821751299,exploratory_unadjusted_arrays
GSE73115,cg19588432,78,2,constant_young,2.9783749200633367,0.0034303996455383183,exploratory_unadjusted_arrays
GSE73115,cg19588432,78,2,M1,2.9790132132926943,0.003355146367093869,exploratory_unadjusted_arrays
GSE73115,cg19588432,79,2,constant_young,2.9375939105875997,0.006662765890281518,exploratory_unadjusted_arrays
GSE73115,cg19588432,79,2,M1,2.936329167803628,0.006738267101850169,exploratory_unadjusted_arrays
GSE73115,cg19588432,8,2,constant_young,2.823541900641324,0.011646203555911228,exploratory_unadjusted_arrays
GSE73115,cg19588432,8,2,M1,2.823159129017644,0.01165934280157606,exploratory_unadjusted_arrays
GSE73115,cg19588432,80,2,constant_young,2.989925126847783,0.0015898038559999381,exploratory_unadjusted_arrays
GSE73115,cg19588432,80,2,M1,2.9902249081142758,0.0015124983594562902,exploratory_unadjusted_arrays
GSE73115,cg19588432,81,2,constant_young,2.9355679980017912,0.0067833015101310245,exploratory_unadjusted_arrays
GSE73115,cg19588432,81,2,M1,2.935192428758137,0.006805412167699263,exploratory_unadjusted_arrays
GSE73115,cg19588432,82,2,constant_young,2.9687224704806745,0.004414702865906026,exploratory_unadjusted_arrays
GSE73115,cg19588432,82,2,M1,2.9686579730898615,0.004420542874680635,exploratory_unadjusted_arrays
GSE73115,cg19588432,83,2,constant_young,2.8572085336719617,0.010425965223479765,exploratory_unadjusted_arrays
GSE73115,cg19588432,83,2,M1,2.8559029284753645,0.010475935996295843,exploratory_unadjusted_arrays
GSE73115,cg19588432,84,2,constant_young,2.9862114034170246,0.002344878471298435,exploratory_unadjusted_arrays
GSE73115,cg19588432,84,2,M1,2.9865254160513275,0.0022906865647042743,exploratory_unadjusted_arrays
GSE73115,cg19588432,85,2,constant_young,2.8288712651323475,0.011461699946905813,exploratory_unadjusted_arrays
GSE73115,cg19588432,85,2,M1,2.822892321843544,0.011668492632038783,exploratory_unadjusted_arrays
GSE73115,cg19588432,86,2,constant_young,2.967779239647081,0.004499353960416291,exploratory_unadjusted_arrays
GSE73115,cg19588432,86,2,M1,2.968433651892521,0.0044407945533161035,exploratory_unadjusted_arrays
GSE73115,cg19588432,9,2,constant_young,2.991083813735964,0.0012651192789643782,exploratory_unadjusted_arrays
GSE73115,cg19588432,9,2,M1,2.9906700872478114,0.0013897870270402814,exploratory_unadjusted_arrays
GSE73115,cg21487267,1,2,constant_young,2.8998792361472017,0.008635055811111911,exploratory_unadjusted_arrays
GSE73115,cg21487267,1,2,M1,2.885380433303725,0.00928241515640184,exploratory_unadjusted_arrays
GSE73115,cg21487267,10,2,constant_young,2.73668844581323,0.014321900053002563,exploratory_unadjusted_arrays
GSE73115,cg21487267,10,2,M1,2.733713912776368,0.014404736983287269,exploratory_unadjusted_arrays
GSE73115,cg21487267,11,2,constant_young,2.9230873118513347,0.007483162987514774,exploratory_unadjusted_arrays
GSE73115,cg21487267,11,2,M1,2.917556137626431,0.007773201893533572,exploratory_unadjusted_arrays
GSE73115,cg21487267,12,2,constant_young,2.9810596078824085,0.003101594988526385,exploratory_unadjusted_arrays
GSE73115,cg21487267,12,2,M1,2.982356476957185,0.0029295727014413842,exploratory_unadjusted_arrays
GSE73115,cg21487267,13,2,constant_young,2.9682191885178932,0.00446007028694215,exploratory_unadjusted_arrays
GSE73115,cg21487267,13,2,M1,2.9663390029813663,0.00462562162240769,exploratory_unadjusted_arrays
GSE73115,cg21487267,14,2,constant_young,2.761305748256396,0.01361701065482662,exploratory_unadjusted_arrays
GSE73115,cg21487267,14,2,M1,2.7373775429698726,0.014302641133821419,exploratory_unadjusted_arrays
GSE73115,cg21487267,15,2,constant_young,2.4718664069156704,0.020419952307638777,exploratory_unadjusted_arrays
GSE73115,cg21487267,15,2,M1,2.4729627066960607,0.020398465933053157,exploratory_unadjusted_arrays
GSE73115,cg21487267,16,2,constant_young,2.966884087629176,0.004578242858940294,exploratory_unadjusted_arrays
GSE73115,cg21487267,16,2,M1,2.9657676705511538,0.004674766447412737,exploratory_unadjusted_arrays
GSE73115,cg21487267,17,2,constant_young,2.618903315106014,0.01730158737497711,exploratory_unadjusted_arrays
GSE73115,cg21487267,17,2,M1,2.639736787731673,0.016813035050027115,exploratory_unadjusted_arrays
GSE73115,cg21487267,18,2,constant_young,2.911555934883136,0.008076065246905184,exploratory_unadjusted_arrays
GSE73115,cg21487267,18,2,M1,2.8913294350525907,0.009022418175672542,exploratory_unadjusted_arrays
GSE73115,cg21487267,19,2,constant_young,2.9213537392428948,0.007575261473009544,exploratory_unadjusted_arrays
GSE73115,cg21487267,19,2,M1,2.9266077199287186,0.007292557976170203,exploratory_unadjusted_arrays
GSE73115,cg21487267,2,2,constant_young,2.9843833049989543,0.00263835815984401,exploratory_unadjusted_arrays
GSE73115,cg21487267,2,2,M1,2.988855643530475,0.0018393104562303985,exploratory_unadjusted_arrays
GSE73115,cg21487267,20,2,constant_young,2.8652671819139255,0.010112063698753001,exploratory_unadjusted_arrays
GSE73115,cg21487267,20,2,M1,2.8409127449483975,0.011033466446228978,exploratory_unadjusted_arrays
GSE73115,cg21487267,21,2,constant_young,2.9855602062188185,0.0024534491646911725,exploratory_unadjusted_arrays
GSE73115,cg21487267,21,2,M1,2.989608104847189,0.001667661206908429,exploratory_unadjusted_arrays
GSE73115,cg21487267,22,2,constant_young,2.889963838178816,0.009082758789912108,exploratory_unadjusted_arrays
GSE73115,cg21487267,22,2,M1,2.897707018766239,0.008735099470858234,exploratory_unadjusted_arrays
GSE73115,cg21487267,23,2,constant_young,2.8935236233028547,0.008924610867510964,exploratory_unadjusted_arrays
GSE73115,cg21487267,23,2,M1,2.9085977636246025,0.00822127525868685,exploratory_unadjusted_arrays
GSE73115,cg21487267,24,2,constant_young,2.968970804662214,0.004392144584255773,exploratory_unadjusted_arrays
GSE73115,cg21487267,24,2,M1,2.9633004303428625,0.004881314731144528,exploratory_unadjusted_arrays
GSE73115,cg21487267,25,2,constant_young,2.940804346948444,0.0064671554968179995,exploratory_unadjusted_arrays
GSE73115,cg21487267,25,2,M1,2.951640202912926,0.00575807393565224,exploratory_unadjusted_arrays
GSE73115,cg21487267,26,2,constant_young,2.9152932818407282,0.007888786491355692,exploratory_unadjusted_arrays
GSE73115,cg21487267,26,2,M1,2.9175875273692515,0.007771586445725042,exploratory_unadjusted_arrays
GSE73115,cg21487267,27,2,constant_young,2.857267791014965,0.01042369152300695,exploratory_unadjusted_arrays
GSE73115,cg21487267,27,2,M1,2.875463490558455,0.009700349753076678,exploratory_unadjusted_arrays
GSE73115,cg21487267,28,2,constant_young,2.877407937965037,0.009619835102887617,exploratory_unadjusted_arrays
GSE73115,cg21487267,28,2,M1,2.854399362771475,0.010533189809435626,exploratory_unadjusted_arrays
GSE73115,cg21487267,29,2,constant_young,2.936398678237426,0.00673413952846522,exploratory_unadjusted_arrays
GSE73115,cg21487267,29,2,M1,2.9477184767505626,0.006024350286821706,exploratory_unadjusted_arrays
GSE73115,cg21487267,3,2,constant_young,2.8699852105957446,0.009923679222051814,exploratory_unadjusted_arrays
GSE73115,cg21487267,3,2,M1,2.885493837219771,0.009277527041348974,exploratory_unadjusted_arrays
GSE73115,cg21487267,30,2,constant_young,2.981847897628822,0.002998209411585659,exploratory_unadjusted_arrays
GSE73115,cg21487267,30,2,M1,2.9850800654049703,0.0025305188113908003,exploratory_unadjusted_arrays
GSE73115,cg21487267,31,2,constant_young,2.6478909435706104,0.016617906694956813,exploratory_unadjusted_arrays
GSE73115,cg21487267,31,2,M1,2.6148496918204946,0.01739505171945122,exploratory_unadjusted_arrays
GSE73115,cg21487267,32,2,constant_young,2.918705133488485,0.007713849297723589,exploratory_unadjusted_arrays
GSE73115,cg21487267,32,2,M1,2.9183851315226113,0.007730425121601621,exploratory_unadjusted_arrays
GSE73115,cg21487267,33,2,constant_young,2.975729558844824,0.0037261146926684304,exploratory_unadjusted_arrays
GSE73115,cg21487267,33,2,M1,2.9731953748277196,0.003988894322566435,exploratory_unadjusted_arrays
GSE73115,cg21487267,34,2,constant_young,2.846195002902327,0.010840275617202591,exploratory_unadjusted_arrays
GSE73115,cg21487267,34,2,M1,2.8410929429225567,0.011026931732840875,exploratory_unadjusted_arrays
GSE73115,cg21487267,35,2,constant_young,2.6624877709956594,0.016262759943572038,exploratory_unadjusted_arrays
GSE73115,cg21487267,35,2,M1,2.670997233360561,0.016052096158767865,exploratory_unadjusted_arrays
GSE73115,cg21487267,36,2,constant_young,2.808315626022091,0.012157922394928581,exploratory_unadjusted_arrays
GSE73115,cg21487267,36,2,M1,2.792236391392703,0.012675900940943658,exploratory_unadjusted_arrays
GSE73115,cg21487267,37,2,constant_young,2.9213718887287268,0.007574303056770105,exploratory_unadjusted_arrays
GSE73115,cg21487267,37,2,M1,2.9259513494837632,0.007328471750083246,exploratory_unadjusted_arrays
GSE73115,cg21487267,38,2,constant_young,2.8682435066103755,0.009993636599880866,exploratory_unadjusted_arrays
GSE73115,cg21487267,38,2,M1,2.848185752097552,0.01076656751712155,exploratory_unadjusted_arrays
GSE73115,cg21487267,39,2,constant_young,2.7556692458137935,0.01378158848347113,exploratory_unadjusted_arrays
GSE73115,cg21487267,39,2,M1,2.7575256844553913,0.013727601036396177,exploratory_unadjusted_arrays
GSE73115,cg21487267,4,2,constant_young,2.9649904917694068,0.004740799970812199,exploratory_unadjusted_arrays
GSE73115,cg21487267,4,2,M1,2.957551646491038,0.005331628324062771,exploratory_unadjusted_arrays
GSE73115,cg21487267,40,2,constant_young,2.648413617214837,0.01660532095464912,exploratory_unadjusted_arrays
GSE73115,cg21487267,40,2,M1,2.6503382096205006,0.016558895195102185,exploratory_unadjusted_arrays
GSE73115,cg21487267,41,2,constant_young,2.9317352759367417,0.007005666066077195,exploratory_unadjusted_arrays
GSE73115,cg21487267,41,2,M1,2.914923455469151,0.007907516260081794,exploratory_unadjusted_arrays
GSE73115,cg21487267,42,2,constant_young,2.9555298932755427,0.0054812100085970495,exploratory_unadjusted_arrays
GSE73115,cg21487267,42,2,M1,2.9425070562484072,0.006360969484288763,exploratory_unadjusted_arrays
GSE73115,cg21487267,43,2,constant_young,2.7893533940538426,0.012766552492184587,exploratory_unadjusted_arrays
GSE73115,cg21487267,43,2,M1,2.8116478029898984,0.012047793797490897,exploratory_unadjusted_arrays
GSE73115,cg21487267,44,2,constant_young,2.9556710763788634,0.005470897245944934,exploratory_unadjusted_arrays
GSE73115,cg21487267,44,2,M1,2.9614406000616853,0.005031411107177626,exploratory_unadjusted_arrays
GSE73115,cg21487267,45,2,constant_young,2.9853714407861376,0.002484034047646794,exploratory_unadjusted_arrays
GSE73115,cg21487267,45,2,M1,2.985426680472205,0.002475122906244152,exploratory_unadjusted_arrays
GSE73115,cg21487267,46,2,constant_young,2.6917657806242747,0.015525944521328126,exploratory_unadjusted_arrays
GSE73115,cg21487267,46,2,M1,2.6945015241833277,0.015455301952149515,exploratory_unadjusted_arrays
GSE73115,cg21487267,47,2,constant_young,2.9703578812387477,0.004263950373512872,exploratory_unadjusted_arrays
GSE73115,cg21487267,47,2,M1,2.973916918615184,0.0039158706422239425,exploratory_unadjusted_arrays
GSE73115,cg21487267,48,2,constant_young,2.956798853034982,0.005387809884432924,exploratory_unadjusted_arrays
GSE73115,cg21487267,48,2,M1,2.9574779799056747,0.005337152223259006,exploratory_unadjusted_arrays
GSE73115,cg21487267,49,2,constant_young,2.829056079409819,0.011455248327772003,exploratory_unadjusted_arrays
GSE73115,cg21487267,49,2,M1,2.800294301640169,0.012419023168777953,exploratory_unadjusted_arrays
GSE73115,cg21487267,5,2,constant_young,2.975059488401766,0.003797365805050398,exploratory_unadjusted_arrays
GSE73115,cg21487267,5,2,M1,2.9735297531570453,0.003955221264751497,exploratory_unadjusted_arrays
GSE73115,cg21487267,50,2,constant_young,2.9797245552292733,0.0032692405227147375,exploratory_unadjusted_arrays
GSE73115,cg21487267,50,2,M1,2.9807590588719863,0.003140116348352377,exploratory_unadjusted_arrays
GSE73115,cg21487267,51,2,constant_young,2.9507881313632414,0.0058169642158247235,exploratory_unadjusted_arrays
GSE73115,cg21487267,51,2,M1,2.9365060034922306,0.006727761513683003,exploratory_unadjusted_arrays
GSE73115,cg21487267,52,2,constant_young,2.8873074193011234,0.009199002246867845,exploratory_unadjusted_arrays
GSE73115,cg21487267,52,2,M1,2.869710508526084,0.009934745641329311,exploratory_unadjusted_arrays
GSE73115,cg21487267,53,2,constant_young,2.796615304693333,0.01253695872307604,exploratory_unadjusted_arrays
GSE73115,cg21487267,53,2,M1,2.8184885577127434,0.011818491088484344,exploratory_unadjusted_arrays
GSE73115,cg21487267,54,2,constant_young,2.9710331751506747,0.004200123528926141,exploratory_unadjusted_arrays
GSE73115,cg21487267,54,2,M1,2.975503001450447,0.003750356865475721,exploratory_unadjusted_arrays
GSE73115,cg21487267,55,2,constant_young,2.6290106609750534,0.017066313280809535,exploratory_unadjusted_arrays
GSE73115,cg21487267,55,2,M1,2.5858422774635086,0.018049757776988907,exploratory_unadjusted_arrays
GSE73115,cg21487267,56,2,constant_young,2.94600432565985,0.006137109845106138,exploratory_unadjusted_arrays
GSE73115,cg21487267,56,2,M1,2.936792181570927,0.006710725186001671,exploratory_unadjusted_arrays
GSE73115,cg21487267,57,2,constant_young,2.931893898172656,0.006996603407415201,exploratory_unadjusted_arrays
GSE73115,cg21487267,57,2,M1,2.921997028509764,0.007541217074913525,exploratory_unadjusted_arrays
GSE73115,cg21487267,58,2,constant_young,2.8850157245869426,0.009298117987486757,exploratory_unadjusted_arrays
GSE73115,cg21487267,58,2,M1,2.9002138455409603,0.008619541829239552,exploratory_unadjusted_arrays
GSE73115,cg21487267,59,2,constant_young,2.943442993606837,0.0063018396435730595,exploratory_unadjusted_arrays
GSE73115,cg21487267,59,2,M1,2.9422851924216924,0.006374905790788194,exploratory_unadjusted_arrays
GSE73115,cg21487267,6,2,constant_young,2.857787378314928,0.010403733710876899,exploratory_unadjusted_arrays
GSE73115,cg21487267,6,2,M1,2.8737009654319627,0.009772758332897034,exploratory_unadjusted_arrays
GSE73115,cg21487267,60,2,constant_young,2.8203834690115874,0.011754182343723805,exploratory_unadjusted_arrays
GSE73115,cg21487267,60,2,M1,2.8339808524108125,0.011281972161378905,exploratory_unadjusted_arrays
GSE73115,cg21487267,61,2,constant_young,2.9464774362572204,0.006106195933066857,exploratory_unadjusted_arrays
GSE73115,cg21487267,61,2,M1,2.952308862495718,0.005711434826924316,exploratory_unadjusted_arrays
GSE73115,cg21487267,62,2,constant_young,2.9299699269641213,0.007105746703020163,exploratory_unadjusted_arrays
GSE73115,cg21487267,62,2,M1,2.9168243506968206,0.007810768030182579,exploratory_unadjusted_arrays
GSE73115,cg21487267,63,2,constant_young,2.6313313851589335,0.017011833224306896,exploratory_unadjusted_arrays
GSE73115,cg21487267,63,2,M1,2.656395357727224,0.01641192528611434,exploratory_unadjusted_arrays
GSE73115,cg21487267,64,2,constant_young,2.8825587280875045,0.009403222602319641,exploratory_unadjusted_arrays
GSE73115,cg21487267,64,2,M1,2.8991927175865193,0.008666798930952726,exploratory_unadjusted_arrays
GSE73115,cg21487267,65,2,constant_young,2.9460542711505937,0.006133853671086686,exploratory_unadjusted_arrays
GSE73115,cg21487267,65,2,M1,2.949990812367499,0.005871535394151953,exploratory_unadjusted_arrays
GSE73115,cg21487267,66,2,constant_young,2.672852727853248,0.01600579256070065,exploratory_unadjusted_arrays
GSE73115,cg21487267,66,2,M1,2.697084780363606,0.015388299239613643,exploratory_unadjusted_arrays
GSE73115,cg21487267,67,2,constant_young,2.9083280202519775,0.008234388961981136,exploratory_unadjusted_arrays
GSE73115,cg21487267,67,2,M1,2.923162344853555,0.007479151148087232,exploratory_unadjusted_arrays
GSE73115,cg21487267,68,2,constant_young,2.885217946792668,0.009289414424205882,exploratory_unadjusted_arrays
GSE73115,cg21487267,68,2,M1,2.8939082294625322,0.008907356185128845,exploratory_unadjusted_arrays
GSE73115,cg21487267,69,2,constant_young,2.975071257658558,0.003796125874089579,exploratory_unadjusted_arrays
GSE73115,cg21487267,69,2,M1,2.9792448349249807,0.0033274178936217157,exploratory_unadjusted_arrays
GSE73115,cg21487267,7,2,constant_young,2.956308523450322,0.005424090616732056,exploratory_unadjusted_arrays
GSE73115,cg21487267,7,2,M1,2.9498770514936727,0.00587928027770751,exploratory_unadjusted_arrays
GSE73115,cg21487267,70,2,constant_young,2.948925485147753,0.005943668030818694,exploratory_unadjusted_arrays
GSE73115,cg21487267,70,2,M1,2.959210257103347,0.0052057057250771595,exploratory_unadjusted_arrays
GSE73115,cg21487267,71,2,constant_young,2.8329066131249254,0.011319995021149009,exploratory_unadjusted_arrays
GSE73115,cg21487267,71,2,M1,2.82639739152926,0.011547712524797738,exploratory_unadjusted_arrays
GSE73115,cg21487267,72,2,constant_young,2.7813397952311636,0.013015211930423874,exploratory_unadjusted_arrays
GSE73115,cg21487267,72,2,M1,2.7989156321009503,0.01246334915253594,exploratory_unadjusted_arrays
GSE73115,cg21487267,73,2,constant_young,2.9689050859624846,0.0043981256244894785,exploratory_unadjusted_arrays
GSE73115,cg21487267,73,2,M1,2.9763459961817684,0.0036593415846794012,exploratory_unadjusted_arrays
GSE73115,cg21487267,74,2,constant_young,2.881944028478971,0.009429334811936724,exploratory_unadjusted_arrays
GSE73115,cg21487267,74,2,M1,2.8913815297649608,0.00902010831236578,exploratory_unadjusted_arrays
GSE73115,cg21487267,75,2,constant_young,2.896931848710033,0.008770524431911255,exploratory_unadjusted_arrays
GSE73115,cg21487267,75,2,M1,2.9101079155089873,0.008147468648088723,exploratory_unadjusted_arrays
GSE73115,cg21487267,76,2,constant_young,2.8413875803862734,0.011016238626217199,exploratory_unadjusted_arrays
GSE73115,cg21487267,76,2,M1,2.8164016911990757,0.011888911843373994,exploratory_unadjusted_arrays
GSE73115,cg21487267,77,2,constant_young,2.913789784313755,0.007964656322012563,exploratory_unadjusted_arrays
GSE73115,cg21487267,77,2,M1,2.910198910158355,0.008143000040040186,exploratory_unadjusted_arrays
GSE73115,cg21487267,78,2,constant_young,2.8719258370785536,0.009845146424301454,exploratory_unadjusted_arrays
GSE73115,cg21487267,78,2,M1,2.8538795854043775,0.01055290999939242,exploratory_unadjusted_arrays
GSE73115,cg21487267,79,2,constant_young,2.967400519391882,0.004532897777942148,exploratory_unadjusted_arrays
GSE73115,cg21487267,79,2,M1,2.9561359734326875,0.005436800440758205,exploratory_unadjusted_arrays
GSE73115,cg21487267,8,2,constant_young,2.901337691671242,0.008567229683029693,exploratory_unadjusted_arrays
GSE73115,cg21487267,8,2,M1,2.9168361948910295,0.00781016144941671,exploratory_unadjusted_arrays
GSE73115,cg21487267,80,2,constant_young,2.9904324406876004,0.0014565799767599845,exploratory_unadjusted_arrays
GSE73115,cg21487267,80,2,M1,2.990145428469759,0.0015333737323208658,exploratory_unadjusted_arrays
GSE73115,cg21487267,81,2,constant_young,2.9904050410507774,0.0014640850173937019,exploratory_unadjusted_arrays
GSE73115,cg21487267,81,2,M1,2.991489365396199,0.0011296395273799169,exploratory_unadjusted_arrays
GSE73115,cg21487267,82,2,constant_young,2.9924023281799963,0.0007387254123025706,exploratory_unadjusted_arrays
GSE73115,cg21487267,82,2,M1,2.9912134113868705,0.0012234576695915231,exploratory_unadjusted_arrays
GSE73115,cg21487267,83,2,constant_young,2.955950820532978,0.005450405613566404,exploratory_unadjusted_arrays
GSE73115,cg21487267,83,2,M1,2.965701867330253,0.004680393564068738,exploratory_unadjusted_arrays
GSE73115,cg21487267,84,2,constant_young,2.925893001350873,0.007331655795117514,exploratory_unadjusted_arrays
GSE73115,cg21487267,84,2,M1,2.924044700124056,0.007431811197785775,exploratory_unadjusted_arrays
GSE73115,cg21487267,85,2,constant_young,2.9532630503324526,0.00564421274517684,exploratory_unadjusted_arrays
GSE73115,cg21487267,85,2,M1,2.9507330409688857,0.005820751240490351,exploratory_unadjusted_arrays
GSE73115,cg21487267,86,2,constant_young,2.849452667453816,0.010719395683326836,exploratory_unadjusted_arrays
GSE73115,cg21487267,86,2,M1,2.8552492754432395,0.010500864603649884,exploratory_unadjusted_arrays
GSE73115,cg21487267,9,2,constant_young,2.943268034314076,0.006312935159457746,exploratory_unadjusted_arrays
GSE73115,cg21487267,9,2,M1,2.939616400046874,0.0065402184780999125,exploratory_unadjusted_arrays
GSE73115,cg22643294,1,2,constant_young,2.523824829826931,0.019375440999296865,exploratory_unadjusted_arrays
GSE73115,cg22643294,1,2,M1,2.4801561412073143,0.020256916468528157,exploratory_unadjusted_arrays
GSE73115,cg22643294,10,2,constant_young,2.715774363566751,0.014894565684348698,exploratory_unadjusted_arrays
GSE73115,cg22643294,10,2,M1,2.6565248835443427,0.016408768111692736,exploratory_unadjusted_arrays
GSE73115,cg22643294,11,2,constant_young,1.8549276801938404,0.030174913978729193,exploratory_unadjusted_arrays
GSE73115,cg22643294,11,2,M1,1.9436850168058848,0.02897446400425849,exploratory_unadjusted_arrays
GSE73115,cg22643294,12,2,constant_young,2.102375414042715,0.02669395524354918,exploratory_unadjusted_arrays
GSE73115,cg22643294,12,2,M1,2.179679474329811,0.025509292391497847,exploratory_unadjusted_arrays
GSE73115,cg22643294,13,2,constant_young,2.8786505055677787,0.009568028706298685,exploratory_unadjusted_arrays
GSE73115,cg22643294,13,2,M1,2.910207094242132,0.008142598012002856,exploratory_unadjusted_arrays
GSE73115,cg22643294,14,2,constant_young,2.9819154474122116,0.002989183809839984,exploratory_unadjusted_arrays
GSE73115,cg22643294,14,2,M1,2.975265893177431,0.0037755613141404196,exploratory_unadjusted_arrays
GSE73115,cg22643294,15,2,constant_young,2.6671310291426487,0.016148150187085198,exploratory_unadjusted_arrays
GSE73115,cg22643294,15,2,M1,2.629562783808655,0.01705336772405541,exploratory_unadjusted_arrays
GSE73115,cg22643294,16,2,constant_young,2.743016559878972,0.014144056344472085,exploratory_unadjusted_arrays
GSE73115,cg22643294,16,2,M1,2.7841412497079974,0.012928827402838232,exploratory_unadjusted_arrays
GSE73115,cg22643294,17,2,constant_young,2.754327847163662,0.013820466708756581,exploratory_unadjusted_arrays
GSE73115,cg22643294,17,2,M1,2.7624969186020287,0.013581974926245279,exploratory_unadjusted_arrays
GSE73115,cg22643294,18,2,constant_young,2.896641096867688,0.008783774831166167,exploratory_unadjusted_arrays
GSE73115,cg22643294,18,2,M1,2.876779178610082,0.009645943960583285,exploratory_unadjusted_arrays
GSE73115,cg22643294,19,2,constant_young,2.8908253806811692,0.009044737322545267,exploratory_unadjusted_arrays
GSE73115,cg22643294,19,2,M1,2.8535454073960533,0.010565569168858632,exploratory_unadjusted_arrays
GSE73115,cg22643294,2,2,constant_young,2.8598738047080143,0.01032320367000319,exploratory_unadjusted_arrays
GSE73115,cg22643294,2,2,M1,2.8607929710551856,0.01028752647309498,exploratory_unadjusted_arrays
GSE73115,cg22643294,20,2,constant_young,2.923499949452358,0.007461073529787254,exploratory_unadjusted_arrays
GSE73115,cg22643294,20,2,M1,2.93866365234366,0.006598231270867278,exploratory_unadjusted_arrays
GSE73115,cg22643294,21,2,constant_young,2.7918149398971375,0.012689193270695693,exploratory_unadjusted_arrays
GSE73115,cg22643294,21,2,M1,2.7371395827159697,0.014309294587994292,exploratory_unadjusted_arrays
GSE73115,cg22643294,22,2,constant_young,2.959212936208134,0.005205499861902938,exploratory_unadjusted_arrays
GSE73115,cg22643294,22,2,M1,2.9629689927503806,0.004908399288818511,exploratory_unadjusted_arrays
GSE73115,cg22643294,23,2,constant_young,2.5697067325802974,0.01840386349967149,exploratory_unadjusted_arrays
GSE73115,cg22643294,23,2,M1,2.6026438031654466,0.0176734981044054,exploratory_unadjusted_arrays
GSE73115,cg22643294,24,2,constant_young,2.7960478566028133,0.012555050477657518,exploratory_unadjusted_arrays
GSE73115,cg22643294,24,2,M1,2.8021669224010286,0.012358561399206451,exploratory_unadjusted_arrays
GSE73115,cg22643294,25,2,constant_young,2.9664891680755403,0.004612617837881919,exploratory_unadjusted_arrays
GSE73115,cg22643294,25,2,M1,2.980268955675355,0.003201938981069858,exploratory_unadjusted_arrays
GSE73115,cg22643294,26,2,constant_young,2.6579611388243456,0.01637371878100092,exploratory_unadjusted_arrays
GSE73115,cg22643294,26,2,M1,2.702430543773133,0.015248709544098227,exploratory_unadjusted_arrays
GSE73115,cg22643294,27,2,constant_young,2.5987968415354246,0.017760352039034567,exploratory_unadjusted_arrays
GSE73115,cg22643294,27,2,M1,2.5202764437055514,0.019448558373677403,exploratory_unadjusted_arrays
GSE73115,cg22643294,28,2,constant_young,2.861860737806186,0.010245925411295447,exploratory_unadjusted_arrays
GSE73115,cg22643294,28,2,M1,2.8944073610930086,0.008884913556381492,exploratory_unadjusted_arrays
GSE73115,cg22643294,29,2,constant_young,2.8455599800887494,0.010863682327267253,exploratory_unadjusted_arrays
GSE73115,cg22643294,29,2,M1,2.8201449113348644,0.011762297764930412,exploratory_unadjusted_arrays
GSE73115,cg22643294,3,2,constant_young,2.927416408812382,0.007248065309368647,exploratory_unadjusted_arrays
GSE73115,cg22643294,3,2,M1,2.9474439210113186,0.0060425525210562854,exploratory_unadjusted_arrays
GSE73115,cg22643294,30,2,constant_young,2.5947602135914316,0.01785103377694506,exploratory_unadjusted_arrays
GSE73115,cg22643294,30,2,M1,2.6084944047962484,0.017540583055924337,exploratory_unadjusted_arrays
GSE73115,cg22643294,31,2,constant_young,2.635898630039872,0.01690410227568685,exploratory_unadjusted_arrays
GSE73115,cg22643294,31,2,M1,2.663468525317492,0.016238619323230192,exploratory_unadjusted_arrays
GSE73115,cg22643294,32,2,constant_young,2.6647654443308966,0.016206641302690127,exploratory_unadjusted_arrays
GSE73115,cg22643294,32,2,M1,2.7169608956108906,0.01486266669511452,exploratory_unadjusted_arrays
GSE73115,cg22643294,33,2,constant_young,2.968934101284823,0.004395485951623555,exploratory_unadjusted_arrays
GSE73115,cg22643294,33,2,M1,2.973657769476878,0.003942253441532667,exploratory_unadjusted_arrays
GSE73115,cg22643294,34,2,constant_young,2.9636101850649417,0.00485586549719258,exploratory_unadjusted_arrays
GSE73115,cg22643294,34,2,M1,2.97879223564619,0.0033813886587948793,exploratory_unadjusted_arrays
GSE73115,cg22643294,35,2,constant_young,2.976206029873794,0.0036746093506308123,exploratory_unadjusted_arrays
GSE73115,cg22643294,35,2,M1,2.9589558509991782,0.0052252174097769215,exploratory_unadjusted_arrays
GSE73115,cg22643294,36,2,constant_young,2.641999468019706,0.01675911702217673,exploratory_unadjusted_arrays
GSE73115,cg22643294,36,2,M1,2.676932046235698,0.01590351976105354,exploratory_unadjusted_arrays
GSE73115,cg22643294,37,2,constant_young,2.860242129630762,0.010308922061698257,exploratory_unadjusted_arrays
GSE73115,cg22643294,37,2,M1,2.8165447751710238,0.011884096837452975,exploratory_unadjusted_arrays
GSE73115,cg22643294,38,2,constant_young,2.8776383464203708,0.009610249770036263,exploratory_unadjusted_arrays
GSE73115,cg22643294,38,2,M1,2.843886015040912,0.010925143740292359,exploratory_unadjusted_arrays
GSE73115,cg22643294,39,2,constant_young,2.5546316203374673,0.018728648683468987,exploratory_unadjusted_arrays
GSE73115,cg22643294,39,2,M1,2.586658645237777,0.018031657205829887,exploratory_unadjusted_arrays
GSE73115,cg22643294,4,2,constant_young,2.667831290347866,0.016130794943228492,exploratory_unadjusted_arrays
GSE73115,cg22643294,4,2,M1,2.719544821206993,0.014792961867495786,exploratory_unadjusted_arrays
GSE73115,cg22643294,40,2,constant_young,2.9882478595879447,0.00196705111993126,exploratory_unadjusted_arrays
GSE73115,cg22643294,40,2,M1,2.978442046062666,0.003422563502500086,exploratory_unadjusted_arrays
GSE73115,cg22643294,41,2,constant_young,2.826987297731013,0.011527260715103483,exploratory_unadjusted_arrays
GSE73115,cg22643294,41,2,M1,2.819306581012354,0.011790772365239493,exploratory_unadjusted_arrays
GSE73115,cg22643294,42,2,constant_young,2.716941133440983,0.014863198546275038,exploratory_unadjusted_arrays
GSE73115,cg22643294,42,2,M1,2.678682816429933,0.015859423843091917,exploratory_unadjusted_arrays
GSE73115,cg22643294,43,2,constant_young,2.972785719377166,0.004029764543623616,exploratory_unadjusted_arrays
GSE73115,cg22643294,43,2,M1,2.9681508627250373,0.004466193860408303,exploratory_unadjusted_arrays
GSE73115,cg22643294,44,2,constant_young,2.7194766047198833,0.014794806318531915,exploratory_unadjusted_arrays
GSE73115,cg22643294,44,2,M1,2.7398077557547547,0.014234513450588153,exploratory_unadjusted_arrays
GSE73115,cg22643294,45,2,constant_young,2.8428964714555254,0.010961313817894197,exploratory_unadjusted_arrays
GSE73115,cg22643294,45,2,M1,2.8351582550608407,0.011240150075960112,exploratory_unadjusted_arrays
GSE73115,cg22643294,46,2,constant_young,2.841938345336369,0.010996222147159609,exploratory_unadjusted_arrays
GSE73115,cg22643294,46,2,M1,2.792877230012933,0.012655662517957422,exploratory_unadjusted_arrays
GSE73115,cg22643294,47,2,constant_young,2.951205181884266,0.005788214946886966,exploratory_unadjusted_arrays
GSE73115,cg22643294,47,2,M1,2.9532498643919816,0.005645147142917839,exploratory_unadjusted_arrays
GSE73115,cg22643294,48,2,constant_young,2.8397013749278806,0.011077295601204943,exploratory_unadjusted_arrays
GSE73115,cg22643294,48,2,M1,2.801250766657824,0.012388178415429739,exploratory_unadjusted_arrays
GSE73115,cg22643294,49,2,constant_young,2.8041536904710993,0.01229408904319061,exploratory_unadjusted_arrays
GSE73115,cg22643294,49,2,M1,2.808100387553681,0.01216500175650764,exploratory_unadjusted_arrays
GSE73115,cg22643294,5,2,constant_young,2.906591792772458,0.008318301723357487,exploratory_unadjusted_arrays
GSE73115,cg22643294,5,2,M1,2.9098813928454006,0.00815858219928304,exploratory_unadjusted_arrays
GSE73115,cg22643294,50,2,constant_young,2.8874426980055983,0.009193118044183933,exploratory_unadjusted_arrays
GSE73115,cg22643294,50,2,M1,2.8828759298125366,0.009389719587333232,exploratory_unadjusted_arrays
GSE73115,cg22643294,51,2,constant_young,2.651782340596431,0.016523973653502163,exploratory_unadjusted_arrays
GSE73115,cg22643294,51,2,M1,2.6198222530344464,0.01728032914475941,exploratory_unadjusted_arrays
GSE73115,cg22643294,52,2,constant_young,2.278814231384813,0.023904313264993166,exploratory_unadjusted_arrays
GSE73115,cg22643294,52,2,M1,2.2198922824019953,0.02487074087873505,exploratory_unadjusted_arrays
GSE73115,cg22643294,53,2,constant_young,2.939140384053209,0.006569267123219396,exploratory_unadjusted_arrays
GSE73115,cg22643294,53,2,M1,2.931560390697432,0.007015644319720952,exploratory_unadjusted_arrays
GSE73115,cg22643294,54,2,constant_young,2.6981972742619686,0.015359354100000555,exploratory_unadjusted_arrays
GSE73115,cg22643294,54,2,M1,2.646859349649375,0.01664271907049082,exploratory_unadjusted_arrays
GSE73115,cg22643294,55,2,constant_young,2.953543618654074,0.005624293987294718,exploratory_unadjusted_arrays
GSE73115,cg22643294,55,2,M1,2.927789299703999,0.007227457230283658,exploratory_unadjusted_arrays
GSE73115,cg22643294,56,2,constant_young,2.819786777508135,0.011774470509210622,exploratory_unadjusted_arrays
GSE73115,cg22643294,56,2,M1,2.8066436476501426,0.012212807198128714,exploratory_unadjusted_arrays
GSE73115,cg22643294,57,2,constant_young,2.891279851807643,0.009024616132150134,exploratory_unadjusted_arrays
GSE73115,cg22643294,57,2,M1,2.864773408282928,0.01013157693315489,exploratory_unadjusted_arrays
GSE73115,cg22643294,58,2,constant_young,2.780146087176667,0.013051846920549016,exploratory_unadjusted_arrays
GSE73115,cg22643294,58,2,M1,2.818500690605427,0.011818080440343815,exploratory_unadjusted_arrays
GSE73115,cg22643294,59,2,constant_young,2.627325586304578,0.01710576244237936,exploratory_unadjusted_arrays
GSE73115,cg22643294,59,2,M1,2.6798534260306788,0.015829871665753826,exploratory_unadjusted_arrays
GSE73115,cg22643294,6,2,constant_young,2.7422191197248544,0.01416659034485345,exploratory_unadjusted_arrays
GSE73115,cg22643294,6,2,M1,2.6836640465322508,0.01573328765875009,exploratory_unadjusted_arrays
GSE73115,cg22643294,60,2,constant_young,2.3523292336127857,0.0226407639201629,exploratory_unadjusted_arrays
GSE73115,cg22643294,60,2,M1,2.423755298213335,0.021341587082691644,exploratory_unadjusted_arrays
GSE73115,cg22643294,61,2,constant_young,2.822346850878268,0.011687176608409925,exploratory_unadjusted_arrays
GSE73115,cg22643294,61,2,M1,2.857490452817188,0.010415143567182749,exploratory_unadjusted_arrays
GSE73115,cg22643294,62,2,constant_young,2.9892886481649885,0.0017426012873826562,exploratory_unadjusted_arrays
GSE73115,cg22643294,62,2,M1,2.984904336466602,0.002558145540327431,exploratory_unadjusted_arrays
GSE73115,cg22643294,63,2,constant_young,2.9823201740743075,0.0029345252630251415,exploratory_unadjusted_arrays
GSE73115,cg22643294,63,2,M1,2.9745250987880834,0.0038532452229662396,exploratory_unadjusted_arrays
GSE73115,cg22643294,64,2,constant_young,2.981012797401874,0.0031076260806730733,exploratory_unadjusted_arrays
GSE73115,cg22643294,64,2,M1,2.989434189398506,0.0017088669520983883,exploratory_unadjusted_arrays
GSE73115,cg22643294,65,2,constant_young,2.8883154866541316,0.009155063541858861,exploratory_unadjusted_arrays
GSE73115,cg22643294,65,2,M1,2.85319182430563,0.010578946938815538,exploratory_unadjusted_arrays
GSE73115,cg22643294,66,2,constant_young,2.7664796980650967,0.013464167977513554,exploratory_unadjusted_arrays
GSE73115,cg22643294,66,2,M1,2.7531589798712277,0.013854255443068626,exploratory_unadjusted_arrays
GSE73115,cg22643294,67,2,constant_young,2.8543814318791143,0.010533870716668552,exploratory_unadjusted_arrays
GSE73115,cg22643294,67,2,M1,2.8117375708498336,0.012044813037109036,exploratory_unadjusted_arrays
GSE73115,cg22643294,68,2,constant_young,2.8813245777262004,0.009455575899849692,exploratory_unadjusted_arrays
GSE73115,cg22643294,68,2,M1,2.8467990400643868,0.010817964028747237,exploratory_unadjusted_arrays
GSE73115,cg22643294,69,2,constant_young,-3.6453499653252894,0.07287487598644002,exploratory_unadjusted_arrays
GSE73115,cg22643294,69,2,M1,-3.6648483788659103,0.07298182157819512,exploratory_unadjusted_arrays
GSE73115,cg22643294,7,2,constant_young,2.8987323812749324,0.008688018920262129,exploratory_unadjusted_arrays
GSE73115,cg22643294,7,2,M1,2.924829537864821,0.007389448388541728,exploratory_unadjusted_arrays
GSE73115,cg22643294,70,2,constant_young,2.436532450783564,0.02110074920830839,exploratory_unadjusted_arrays
GSE73115,cg22643294,70,2,M1,2.45970120662719,0.020656878091256346,exploratory_unadjusted_arrays
GSE73115,cg22643294,71,2,constant_young,2.923774492334274,0.0074463403032200524,exploratory_unadjusted_arrays
GSE73115,cg22643294,71,2,M1,2.926027171932521,0.007324332067346584,exploratory_unadjusted_arrays
GSE73115,cg22643294,72,2,constant_young,2.8727974060466615,0.009809671398240075,exploratory_unadjusted_arrays
GSE73115,cg22643294,72,2,M1,2.8291064320751227,0.01145348995366393,exploratory_unadjusted_arrays
GSE73115,cg22643294,73,2,constant_young,2.638557688714977,0.016841063707699614,exploratory_unadjusted_arrays
GSE73115,cg22643294,73,2,M1,2.568417531079375,0.01843186243750964,exploratory_unadjusted_arrays
GSE73115,cg22643294,74,2,constant_young,2.9542177911408674,0.00557614067846974,exploratory_unadjusted_arrays
GSE73115,cg22643294,74,2,M1,2.928784861947265,0.007172146695443874,exploratory_unadjusted_arrays
GSE73115,cg22643294,75,2,constant_young,-1.4406339057235211,0.059556483294076354,exploratory_unadjusted_arrays
GSE73115,cg22643294,75,2,M1,-1.2784033864177866,0.05845673859285179,exploratory_unadjusted_arrays
GSE73115,cg22643294,76,2,constant_young,1.7975985134111552,0.03092553584094954,exploratory_unadjusted_arrays
GSE73115,cg22643294,76,2,M1,1.8629441363370245,0.030068459699644726,exploratory_unadjusted_arrays
GSE73115,cg22643294,77,2,constant_young,2.972508112831285,0.0040572265790501175,exploratory_unadjusted_arrays
GSE73115,cg22643294,77,2,M1,2.9848299477048794,0.002569750885762107,exploratory_unadjusted_arrays
GSE73115,cg22643294,78,2,constant_young,2.7023645452961693,0.015250440699922192,exploratory_unadjusted_arrays
GSE73115,cg22643294,78,2,M1,2.750417517909564,0.013933182100694995,exploratory_unadjusted_arrays
GSE73115,cg22643294,79,2,constant_young,2.69703155628055,0.015389682672308053,exploratory_unadjusted_arrays
GSE73115,cg22643294,79,2,M1,2.6919215282594804,0.015521931425283199,exploratory_unadjusted_arrays
GSE73115,cg22643294,8,2,constant_young,2.640234432671198,0.01680119137566798,exploratory_unadjusted_arrays
GSE73115,cg22643294,8,2,M1,2.571850101895115,0.018357219186540395,exploratory_unadjusted_arrays
GSE73115,cg22643294,80,2,constant_young,2.9633631834939456,0.00487616970414507,exploratory_unadjusted_arrays
GSE73115,cg22643294,80,2,M1,2.9460846087003487,0.006131874983926161,exploratory_unadjusted_arrays
GSE73115,cg22643294,81,2,constant_young,2.962464645722658,0.004949329368778351,exploratory_unadjusted_arrays
GSE73115,cg22643294,81,2,M1,2.9780027979297454,0.003473519747314292,exploratory_unadjusted_arrays
GSE73115,cg22643294,82,2,constant_young,2.8560655104669976,0.010469726329048927,exploratory_unadjusted_arrays
GSE73115,cg22643294,82,2,M1,2.844060709848323,0.010918745802523302,exploratory_unadjusted_arrays
GSE73115,cg22643294,83,2,constant_young,2.8348026908771917,0.011252796322560247,exploratory_unadjusted_arrays
GSE73115,cg22643294,83,2,M1,2.871274511305585,0.009871573771912494,exploratory_unadjusted_arrays
GSE73115,cg22643294,84,2,constant_young,2.901120928540449,0.008577344282842994,exploratory_unadjusted_arrays
GSE73115,cg22643294,84,2,M1,2.865047185041787,0.01012076231048576,exploratory_unadjusted_arrays
GSE73115,cg22643294,85,2,constant_young,2.70925761933049,0.015068559397446942,exploratory_unadjusted_arrays
GSE73115,cg22643294,85,2,M1,2.7586130317373447,0.013695880854800939,exploratory_unadjusted_arrays
GSE73115,cg22643294,86,2,constant_young,2.7443503151710362,0.014106286741802383,exploratory_unadjusted_arrays
GSE73115,cg22643294,86,2,M1,2.747098155055302,0.014028152185321375,exploratory_unadjusted_arrays
GSE73115,cg22643294,9,2,constant_young,2.3160564370049834,0.02327278299161473,exploratory_unadjusted_arrays
GSE73115,cg22643294,9,2,M1,2.3889775571955356,0.021983756094497372,exploratory_unadjusted_arrays
